# trefoil knot - all-quad mesh
# rings(N)=256  ring_verts(M)=24  tube_radius=0.51  holonomy=2.2250rad
# vertices=6144  quads=6144
o trefoil
v 0.262393 -1.000000 0.437321
v 0.253452 -1.131998 0.422420
v 0.227239 -1.255000 0.378731
v 0.185540 -1.360624 0.309233
v 0.131196 -1.441673 0.218661
v 0.067912 -1.492622 0.113187
v 0.000000 -1.510000 0.000000
v -0.067912 -1.492622 -0.113187
v -0.131196 -1.441673 -0.218661
v -0.185540 -1.360624 -0.309233
v -0.227239 -1.255000 -0.378731
v -0.253452 -1.131998 -0.422420
v -0.262393 -1.000000 -0.437321
v -0.253452 -0.868002 -0.422420
v -0.227239 -0.745000 -0.378731
v -0.185540 -0.639376 -0.309233
v -0.131196 -0.558327 -0.218661
v -0.067912 -0.507378 -0.113187
v -0.000000 -0.490000 -0.000000
v 0.067912 -0.507378 0.113187
v 0.131196 -0.558327 0.218661
v 0.185540 -0.639376 0.309233
v 0.227239 -0.745000 0.378731
v 0.253452 -0.868002 0.422420
v 0.358826 -1.003129 0.379459
v 0.351925 -1.134936 0.361997
v 0.327621 -1.257457 0.315919
v 0.287571 -1.362344 0.244365
v 0.234503 -1.442449 0.152211
v 0.172035 -1.492313 0.045737
v 0.104422 -1.508538 -0.067800
v 0.036274 -1.490017 -0.180664
v -0.027766 -1.438014 -0.285162
v -0.083334 -1.356072 -0.374174
v -0.126643 -1.249775 -0.441633
v -0.154741 -1.126368 -0.482942
v -0.165713 -0.994259 -0.495286
v -0.158812 -0.862453 -0.477824
v -0.134509 -0.739932 -0.431746
v -0.094458 -0.635045 -0.360192
v -0.041391 -0.554939 -0.268038
v 0.021078 -0.505076 -0.161564
v 0.088690 -0.488851 -0.048027
v 0.156839 -0.507371 0.064837
v 0.220879 -0.559375 0.169335
v 0.276447 -0.641317 0.258347
v 0.319755 -0.747614 0.325806
v 0.347853 -0.871021 0.367115
v 0.455012 -1.003658 0.321821
v 0.450173 -1.135190 0.301790
v 0.427815 -1.257153 0.253308
v 0.389463 -1.361235 0.179678
v 0.337730 -1.440344 0.085918
v 0.276142 -1.489088 -0.021582
v 0.208895 -1.504144 -0.135497
v 0.140573 -1.484489 -0.248063
v 0.075832 -1.431459 -0.351609
v 0.019083 -1.348671 -0.439079
v -0.025806 -1.241765 -0.504512
v -0.055776 -1.118026 -0.543448
v -0.068785 -0.985888 -0.553234
v -0.063945 -0.854356 -0.533204
v -0.041588 -0.732393 -0.484722
v -0.003236 -0.628311 -0.411092
v 0.048497 -0.549202 -0.317332
v 0.110086 -0.500458 -0.209831
v 0.177332 -0.485402 -0.095917
v 0.245654 -0.505057 0.016649
v 0.310396 -0.558087 0.120196
v 0.367145 -0.640875 0.207666
v 0.412034 -0.747782 0.273098
v 0.442004 -0.871520 0.312034
v 0.550950 -1.001585 0.264528
v 0.548206 -1.132759 0.241917
v 0.527844 -1.254083 0.191012
v 0.491251 -1.357289 0.115284
v 0.440920 -1.435344 0.019891
v 0.380282 -1.482928 -0.088664
v 0.313470 -1.496799 -0.202984
v 0.245036 -1.476011 -0.315278
v 0.179643 -1.421981 -0.417894
v 0.121749 -1.338391 -0.503838
v 0.075299 -1.230938 -0.567254
v 0.043458 -1.106944 -0.603819
v 0.028397 -0.974859 -0.611043
v 0.031141 -0.843685 -0.588432
v 0.051503 -0.722361 -0.537528
v 0.088096 -0.619155 -0.461799
v 0.138427 -0.541100 -0.366407
v 0.199065 -0.493516 -0.257852
v 0.265877 -0.479646 -0.143532
v 0.334311 -0.500434 -0.031237
v 0.399704 -0.554464 0.071378
v 0.457598 -0.638053 0.157323
v 0.504048 -0.745507 0.220739
v 0.535889 -0.869501 0.257304
v 0.646634 -0.996905 0.207705
v 0.646033 -1.127633 0.182497
v 0.627728 -1.248232 0.129149
v 0.592965 -1.350485 0.051295
v 0.544114 -1.427423 -0.045759
v 0.484504 -1.473804 -0.155399
v 0.418197 -1.486465 -0.270153
v 0.349711 -1.464545 -0.382200
v 0.283715 -1.409537 -0.483906
v 0.224705 -1.325190 -0.568338
v 0.176703 -1.217252 -0.629743
v 0.142981 -1.093079 -0.663936
v 0.125835 -0.961133 -0.668588
v 0.126436 -0.830405 -0.643381
v 0.144741 -0.709806 -0.590032
v 0.179504 -0.607553 -0.512178
v 0.228355 -0.530615 -0.415124
v 0.287965 -0.484234 -0.305484
v 0.354273 -0.471573 -0.190731
v 0.422758 -0.493493 -0.078683
v 0.488754 -0.548501 0.023022
v 0.547764 -0.632848 0.107455
v 0.595766 -0.740786 0.168860
v 0.629489 -0.864959 0.203053
v 0.742054 -0.989602 0.151481
v 0.743658 -1.119788 0.123657
v 0.727485 -1.239572 0.067838
v 0.694637 -1.340789 -0.012171
v 0.647352 -1.416542 -0.110918
v 0.588853 -1.461668 -0.221674
v 0.523126 -1.473093 -0.336890
v 0.454651 -1.450037 -0.448716
v 0.388093 -1.394072 -0.549529
v 0.327990 -1.309011 -0.632461
v 0.278436 -1.200652 -0.691859
v 0.242808 -1.076379 -0.723675
v 0.223536 -0.944661 -0.725741
v 0.221931 -0.814474 -0.697917
v 0.238104 -0.694690 -0.642098
v 0.270952 -0.593473 -0.562089
v 0.318237 -0.517720 -0.463342
v 0.376736 -0.472594 -0.352586
v 0.442463 -0.461169 -0.237369
v 0.510939 -0.484225 -0.125544
v 0.577496 -0.540191 -0.024730
v 0.637600 -0.625251 0.058201
v 0.687154 -0.733610 0.117599
v 0.722781 -0.857883 0.149415
v 0.837195 -0.979650 0.095992
v 0.841081 -1.109196 0.065527
v 0.827130 -1.228065 0.007208
v 0.796294 -1.328155 -0.074989
v 0.750673 -1.402646 -0.175464
v 0.693376 -1.446462 -0.287369
v 0.628309 -1.456616 -0.403077
v 0.559905 -1.432417 -0.514705
v 0.492826 -1.375513 -0.614644
v 0.431644 -1.289782 -0.696083
v 0.380527 -1.181068 -0.753474
v 0.342960 -1.056778 -0.782904
v 0.321502 -0.925383 -0.782368
v 0.317616 -0.795837 -0.751902
v 0.331567 -0.676969 -0.693584
v 0.362403 -0.576878 -0.611387
v 0.408024 -0.502387 -0.510912
v 0.465321 -0.458571 -0.399007
v 0.530388 -0.448417 -0.283298
v 0.598792 -0.472617 -0.171671
v 0.665871 -0.529521 -0.071732
v 0.727053 -0.615251 0.009708
v 0.778170 -0.723965 0.067098
v 0.815737 -0.848255 0.096528
v 0.932037 -0.967020 0.041379
v 0.938296 -1.095815 0.008245
v 0.926673 -1.213660 -0.052606
v 0.897959 -1.312523 -0.137028
v 0.854111 -1.385667 -0.239266
v 0.798118 -1.428107 -0.352354
v 0.733794 -1.436952 -0.468585
v 0.665525 -1.411597 -0.580039
v 0.597961 -1.353772 -0.679118
v 0.535708 -1.267416 -0.759072
v 0.483008 -1.158415 -0.814452
v 0.443452 -1.034198 -0.841484
v 0.419737 -0.903228 -0.838325
v 0.413477 -0.774433 -0.805191
v 0.425101 -0.656588 -0.744340
v 0.453815 -0.557725 -0.659919
v 0.497663 -0.484581 -0.557680
v 0.553656 -0.442140 -0.444592
v 0.617979 -0.433296 -0.328361
v 0.686249 -0.458651 -0.216908
v 0.753813 -0.516476 -0.117828
v 0.816066 -0.602832 -0.037874
v 0.868766 -0.711833 0.017506
v 0.908321 -0.836050 0.044538
v 1.026553 -0.951670 -0.012208
v 1.035294 -1.079595 -0.048041
v 1.026120 -1.196296 -0.111461
v 0.999654 -1.293820 -0.198145
v 0.957702 -1.365520 -0.302185
v 0.903121 -1.406511 -0.416492
v 0.839631 -1.413999 -0.533276
v 0.771560 -1.387473 -0.644578
v 0.703545 -1.328742 -0.742812
v 0.640223 -1.241807 -0.821285
v 0.585908 -1.132594 -0.874649
v 0.544302 -1.008544 -0.899267
v 0.518240 -0.878112 -0.893461
v 0.509499 -0.750187 -0.857627
v 0.518673 -0.633486 -0.794208
v 0.545138 -0.535962 -0.707524
v 0.587091 -0.464261 -0.603483
v 0.641672 -0.423271 -0.489176
v 0.705161 -0.415783 -0.372393
v 0.773233 -0.442309 -0.261091
v 0.841247 -0.501040 -0.162857
v 0.904570 -0.587975 -0.084383
v 0.958885 -0.697188 -0.031020
v 1.000491 -0.821238 -0.006402
v 1.120706 -0.933553 -0.064607
v 1.132056 -1.060475 -0.103174
v 1.125469 -1.175898 -0.169201
v 1.101395 -1.271957 -0.258187
v 1.061474 -1.342104 -0.364069
v 1.008426 -1.381561 -0.479631
v 0.945867 -1.387637 -0.596997
v 0.878059 -1.359919 -0.708169
v 0.809625 -1.300296 -0.805571
v 0.745227 -1.212831 -0.882565
v 0.689254 -1.103484 -0.933905
v 0.645521 -0.979708 -0.956091
v 0.617008 -0.849937 -0.947611
v 0.605658 -0.723015 -0.909044
v 0.612244 -0.607592 -0.843017
v 0.636319 -0.511534 -0.754031
v 0.676240 -0.441386 -0.648149
v 0.729288 -0.401929 -0.532587
v 0.791847 -0.395853 -0.415221
v 0.859654 -0.423571 -0.304049
v 0.928089 -0.483194 -0.206647
v 0.992487 -0.570659 -0.129652
v 1.048459 -0.680006 -0.078313
v 1.092192 -0.803782 -0.056127
v 1.214450 -0.912616 -0.115645
v 1.228555 -1.038385 -0.156981
v 1.224714 -1.152379 -0.225655
v 1.203192 -1.246830 -0.316985
v 1.165453 -1.315300 -0.424748
v 1.114070 -1.353125 -0.541601
v 1.052545 -1.357726 -0.659579
v 0.985070 -1.328789 -0.770643
v 0.916243 -1.268287 -0.867224
v 0.850756 -1.180343 -0.942740
v 0.793071 -1.070950 -0.992045
v 0.747119 -0.947563 -1.011778
v 0.716032 -0.818591 -1.000596
v 0.701927 -0.692822 -0.959259
v 0.705767 -0.578828 -0.890586
v 0.727290 -0.484378 -0.799255
v 0.765029 -0.415907 -0.691492
v 0.816412 -0.378082 -0.574640
v 0.877937 -0.373482 -0.456661
v 0.945412 -0.402418 -0.345598
v 1.014238 -0.462920 -0.249017
v 1.079725 -0.550864 -0.173501
v 1.137411 -0.660257 -0.124196
v 1.183363 -0.783644 -0.104462
v 1.307728 -0.888798 -0.165135
v 1.324753 -1.013245 -0.209277
v 1.323838 -1.125639 -0.280637
v 1.305046 -1.218319 -0.374353
v 1.269658 -1.284970 -0.484037
v 1.220085 -1.321050 -0.602215
v 1.159705 -1.324100 -0.720834
v 1.092633 -1.293913 -0.831809
v 1.023441 -1.232544 -0.927578
v 0.956843 -1.144177 -1.001615
v 0.897378 -1.034834 -1.048873
v 0.849098 -0.911966 -1.066132
v 0.815294 -0.783946 -1.052217
v 0.798269 -0.659499 -1.008075
v 0.799184 -0.547106 -0.936715
v 0.817976 -0.454426 -0.842999
v 0.853364 -0.387775 -0.733315
v 0.902938 -0.351694 -0.615137
v 0.963318 -0.348644 -0.496518
v 1.030389 -0.378832 -0.385543
v 1.099582 -0.440201 -0.289774
v 1.166180 -0.528567 -0.215738
v 1.225645 -0.637911 -0.168479
v 1.273924 -0.760779 -0.151220
v 1.400468 -0.862032 -0.212875
v 1.420602 -0.984966 -0.259857
v 1.422814 -1.095563 -0.333943
v 1.406953 -1.186287 -0.430084
v 1.374100 -1.250956 -0.541726
v 1.326495 -1.285161 -0.661263
v 1.267381 -1.286572 -0.780548
v 1.200786 -1.255093 -0.891452
v 1.131250 -1.192870 -0.986417
v 1.063511 -1.104142 -1.058972
v 1.002185 -0.994956 -1.104171
v 0.951452 -0.872753 -1.118934
v 0.914769 -0.745861 -1.102256
v 0.894635 -0.622927 -1.055274
v 0.892423 -0.512330 -0.981188
v 0.908284 -0.421606 -0.885047
v 0.941137 -0.356938 -0.773405
v 0.988742 -0.322732 -0.653868
v 1.047856 -0.321321 -0.534583
v 1.114451 -0.352800 -0.423679
v 1.183987 -0.415023 -0.328714
v 1.251726 -0.503752 -0.256160
v 1.313052 -0.612938 -0.210961
v 1.363785 -0.735140 -0.196197
v 1.492582 -0.832247 -0.258643
v 1.516036 -0.953448 -0.308499
v 1.521599 -1.062025 -0.385346
v 1.508891 -1.150579 -0.483946
v 1.478779 -1.213076 -0.597581
v 1.433314 -1.245255 -0.718505
v 1.375595 -1.244925 -0.838480
v 1.309556 -1.212108 -0.949327
v 1.239696 -1.149040 -1.043494
v 1.170776 -1.060018 -1.114562
v 1.107495 -0.951111 -1.157690
v 1.054163 -0.829739 -1.169937
v 1.014415 -0.704174 -1.150469
v 0.990961 -0.582974 -1.100613
v 0.985398 -0.474396 -1.023766
v 0.998105 -0.385842 -0.925166
v 1.028218 -0.323346 -0.811531
v 1.073682 -0.291166 -0.690606
v 1.131401 -0.291496 -0.570632
v 1.197441 -0.324314 -0.459785
v 1.267301 -0.387382 -0.365618
v 1.336220 -0.476403 -0.294549
v 1.399502 -0.585311 -0.251422
v 1.452834 -0.706682 -0.239175
v 1.583960 -0.799368 -0.302199
v 1.610972 -0.918584 -0.354955
v 1.620136 -1.024884 -0.434591
v 1.610826 -1.111022 -0.535679
v 1.583679 -1.171128 -0.651332
v 1.540543 -1.201107 -0.773668
v 1.484358 -1.198915 -0.894349
v 1.418954 -1.164702 -1.005151
v 1.348786 -1.100800 -1.098523
v 1.278638 -1.011562 -1.168102
v 1.213290 -0.903071 -1.209147
v 1.157195 -0.782720 -1.218861
v 1.114175 -0.658711 -1.196580
v 1.087163 -0.539495 -1.143824
v 1.077999 -0.433195 -1.064188
v 1.087308 -0.347057 -0.963099
v 1.114456 -0.286951 -0.847446
v 1.157592 -0.256972 -0.725111
v 1.213777 -0.259164 -0.604430
v 1.279181 -0.293377 -0.493628
v 1.349349 -0.357279 -0.400256
v 1.419497 -0.446517 -0.330676
v 1.484845 -0.555008 -0.289631
v 1.540940 -0.675359 -0.279918
v 1.674473 -0.763319 -0.343282
v 1.705305 -0.880261 -0.398953
v 1.718344 -0.983985 -0.481396
v 1.712702 -1.067422 -0.584990
v 1.688764 -1.124886 -0.702677
v 1.648160 -1.152461 -0.826436
v 1.593658 -1.148268 -0.947834
v 1.528972 -1.112593 -1.058596
v 1.458511 -1.047866 -1.151176
v 1.387075 -0.958499 -1.219263
v 1.319534 -0.850582 -1.258219
v 1.260490 -0.731470 -1.265387
v 1.213966 -0.609279 -1.240279
v 1.183134 -0.492337 -1.184608
v 1.170095 -0.388613 -1.102165
v 1.175737 -0.305176 -0.998571
v 1.199675 -0.247712 -0.880884
v 1.240279 -0.220137 -0.757125
v 1.294781 -0.224330 -0.635727
v 1.359467 -0.260005 -0.524965
v 1.429929 -0.324732 -0.432385
v 1.501364 -0.414099 -0.364298
v 1.568906 -0.522016 -0.325342
v 1.627950 -0.641128 -0.318174
v 1.763964 -0.724027 -0.381607
v 1.798904 -0.838360 -0.440196
v 1.816119 -0.939165 -0.525445
v 1.814436 -1.019572 -0.631545
v 1.793971 -1.074101 -0.751266
v 1.756118 -1.099037 -0.876449
v 1.703456 -1.092680 -0.998562
v 1.639575 -1.055464 -1.109285
v 1.568827 -0.989924 -1.201071
v 1.496034 -0.900527 -1.267665
v 1.426157 -0.793365 -1.304529
v 1.363958 -0.675742 -1.309152
v 1.313676 -0.555672 -1.281217
v 1.278736 -0.441339 -1.222628
v 1.261521 -0.340534 -1.137379
v 1.263203 -0.260128 -1.031279
v 1.283669 -0.205598 -0.911558
v 1.321522 -0.180662 -0.786375
v 1.374184 -0.187019 -0.664262
v 1.438065 -0.224235 -0.553539
v 1.508813 -0.289775 -0.461753
v 1.581606 -0.379172 -0.395159
v 1.651483 -0.486334 -0.358295
v 1.713682 -0.603957 -0.353672
v 1.852248 -0.681422 -0.416870
v 1.891606 -0.792760 -0.478353
v 1.913320 -0.890249 -0.566386
v 1.915911 -0.967246 -0.674968
v 1.899200 -1.018504 -0.796700
v 1.864329 -1.040529 -0.923287
v 1.813672 -1.031820 -1.046102
v 1.750681 -0.992972 -1.156774
v 1.679651 -0.926631 -1.247763
v 1.605421 -0.837318 -1.312867
v 1.533050 -0.731120 -1.347649
v 1.467469 -0.615274 -1.349739
v 1.413149 -0.497675 -1.318995
v 1.373791 -0.386337 -1.257512
v 1.352077 -0.288848 -1.169479
v 1.349486 -0.211851 -1.060897
v 1.366196 -0.160593 -0.939165
v 1.401068 -0.138568 -0.812578
v 1.451725 -0.147277 -0.689763
v 1.514715 -0.186125 -0.579091
v 1.585746 -0.252466 -0.488102
v 1.659976 -0.341779 -0.422998
v 1.732347 -0.447977 -0.388216
v 1.797927 -0.563823 -0.386126
v 1.939105 -0.635444 -0.448741
v 1.983214 -0.743342 -0.513066
v 2.009770 -0.837061 -0.603824
v 2.016963 -0.910211 -0.714832
v 2.004303 -0.957809 -0.838523
v 1.972653 -0.976611 -0.966469
v 1.924170 -0.965335 -1.089950
v 1.862157 -0.924750 -1.200551
v 1.790841 -0.857622 -1.290736
v 1.715082 -0.768525 -1.354357
v 1.640043 -0.663531 -1.387080
v 1.570837 -0.549796 -1.386674
v 1.512181 -0.435069 -1.353167
v 1.468072 -0.327170 -1.288843
v 1.441516 -0.233452 -1.198084
v 1.434323 -0.160302 -1.087077
v 1.446983 -0.112704 -0.963385
v 1.478633 -0.093902 -0.835440
v 1.527116 -0.105178 -0.711958
v 1.589129 -0.145763 -0.601357
v 1.660445 -0.212891 -0.511173
v 1.736204 -0.301988 -0.447551
v 1.811243 -0.406982 -0.414828
v 1.880449 -0.520717 -0.415234
v 2.024283 -0.586048 -0.476874
v 2.073488 -0.689999 -0.543944
v 2.105240 -0.779425 -0.637326
v 2.117376 -0.848230 -0.750657
v 2.109068 -0.891726 -0.876213
v 2.080883 -0.906949 -1.005439
v 2.034742 -0.892861 -1.129527
v 1.973788 -0.850422 -1.240022
v 1.902176 -0.782524 -1.329392
v 1.824787 -0.693795 -1.391548
v 1.746893 -0.590281 -1.422254
v 1.673804 -0.479037 -1.419417
v 1.610500 -0.367643 -1.383231
v 1.561295 -0.263692 -1.316161
v 1.529543 -0.174266 -1.222779
v 1.517407 -0.105461 -1.109448
v 1.525715 -0.061965 -0.983892
v 1.553900 -0.046742 -0.854666
v 1.600041 -0.060830 -0.730578
v 1.660995 -0.103269 -0.620083
v 1.732606 -0.171167 -0.530713
v 1.809996 -0.259896 -0.468557
v 1.887890 -0.363410 -0.437851
v 1.960979 -0.474654 -0.440688
v 2.107493 -0.533208 -0.500905
v 2.162141 -0.632637 -0.570568
v 2.199444 -0.717180 -0.666413
v 2.216859 -0.781077 -0.781909
v 2.213201 -0.819972 -0.909184
v 2.188719 -0.831215 -1.039567
v 2.145080 -0.814040 -1.164170
v 2.085258 -0.769617 -1.274503
v 2.013331 -0.700973 -1.363047
v 1.934201 -0.612787 -1.423767
v 1.853259 -0.511068 -1.452526
v 1.776021 -0.402749 -1.447363
v 1.707753 -0.295210 -1.408631
v 1.653105 -0.195781 -1.338968
v 1.615802 -0.111238 -1.243123
v 1.598386 -0.047341 -1.127627
v 1.602044 -0.008446 -1.000351
v 1.626526 0.002797 -0.869969
v 1.670165 -0.014378 -0.745366
v 1.729987 -0.058801 -0.635032
v 1.801914 -0.127445 -0.546489
v 1.881044 -0.215631 -0.485769
v 1.961986 -0.317350 -0.457010
v 2.039224 -0.425669 -0.462173
v 2.188410 -0.476925 -0.520465
v 2.248835 -0.571188 -0.592497
v 2.292026 -0.650193 -0.690569
v 2.315040 -0.708554 -0.807999
v 2.316309 -0.742294 -0.936783
v 2.295745 -0.749115 -1.068145
v 2.254751 -0.728552 -1.193133
v 2.196120 -0.682005 -1.303230
v 2.123848 -0.612647 -1.390931
v 2.042860 -0.525204 -1.450261
v 1.958674 -0.425636 -1.477177
v 1.877029 -0.320728 -1.469843
v 1.803488 -0.217630 -1.428761
v 1.743063 -0.123366 -1.356729
v 1.699872 -0.044362 -1.258656
v 1.676858 0.013999 -1.141227
v 1.675589 0.047740 -1.012443
v 1.696153 0.054561 -0.881081
v 1.737147 0.033997 -0.756093
v 1.795778 -0.012550 -0.645996
v 1.868050 -0.081908 -0.558295
v 1.949038 -0.169350 -0.498965
v 2.033224 -0.268918 -0.472049
v 2.114869 -0.373826 -0.479382
v 2.266680 -0.417230 -0.535183
v 2.333179 -0.505624 -0.609276
v 2.382555 -0.578372 -0.709252
v 2.411443 -0.630516 -0.828297
v 2.417874 -0.658502 -0.958300
v 2.401410 -0.660424 -1.090401
v 2.363172 -0.636151 -1.215597
v 2.305767 -0.587336 -1.325357
v 2.233106 -0.517306 -1.412200
v 2.150142 -0.430834 -1.470208
v 2.062528 -0.333813 -1.495428
v 1.976236 -0.232854 -1.486142
v 1.897144 -0.134838 -1.442982
v 1.830645 -0.046444 -1.368889
v 1.781269 0.026304 -1.268914
v 1.752381 0.078448 -1.149868
v 1.745950 0.106434 -1.019865
v 1.762414 0.108356 -0.887764
v 1.800652 0.084083 -0.762568
v 1.858057 0.035268 -0.652809
v 1.930718 -0.034762 -0.565966
v 2.013682 -0.121234 -0.507957
v 2.101296 -0.218255 -0.482737
v 2.187588 -0.319214 -0.492023
v 2.341923 -0.354190 -0.544704
v 2.414730 -0.435965 -0.620450
v 2.470517 -0.501696 -0.721903
v 2.505482 -0.546904 -0.842149
v 2.517243 -0.568507 -0.972994
v 2.504997 -0.565033 -1.105520
v 2.469580 -0.536720 -1.230698
v 2.413404 -0.485496 -1.339995
v 2.340299 -0.414853 -1.425963
v 2.255247 -0.329605 -1.482745
v 2.164043 -0.235560 -1.506469
v 2.072902 -0.139129 -1.495520
v 1.988037 -0.046883 -1.450644
v 1.915230 0.034892 -1.374899
v 1.859443 0.100623 -1.273446
v 1.824478 0.145830 -1.153200
v 1.812717 0.167433 -1.022355
v 1.824963 0.163960 -0.889828
v 1.860380 0.135646 -0.764651
v 1.916555 0.084423 -0.655354
v 1.989660 0.013780 -0.569385
v 2.074713 -0.071469 -0.512604
v 2.165917 -0.165513 -0.488879
v 2.257058 -0.261944 -0.499828
v 2.413746 -0.287910 -0.548698
v 2.492996 -0.362297 -0.625584
v 2.555315 -0.420237 -0.727979
v 2.596457 -0.457779 -0.848906
v 2.613616 -0.472367 -0.980123
v 2.605625 -0.463005 -1.112690
v 2.573028 -0.430332 -1.237571
v 2.518046 -0.376574 -1.346256
v 2.444425 -0.305395 -1.431338
v 2.357184 -0.221646 -1.487020
v 2.262268 -0.131033 -1.509506
v 2.166144 -0.039733 -1.497264
v 2.075364 0.046034 -1.451128
v 1.996115 0.120421 -1.374243
v 1.933795 0.178361 -1.271848
v 1.892654 0.215903 -1.150921
v 1.875494 0.230491 -1.019703
v 1.883486 0.221129 -0.887137
v 1.916083 0.188456 -0.762256
v 1.971065 0.134698 -0.653571
v 2.044685 0.063519 -0.568488
v 2.131926 -0.020230 -0.512807
v 2.226843 -0.110843 -0.490321
v 2.322966 -0.202143 -0.502563
v 2.481752 -0.218531 -0.546876
v 2.567449 -0.284782 -0.624285
v 2.636283 -0.334181 -0.726983
v 2.683562 -0.363362 -0.847973
v 2.706064 -0.370337 -0.979009
v 2.702256 -0.354629 -1.111161
v 2.672397 -0.317309 -1.235423
v 2.618523 -0.260921 -1.343327
v 2.544304 -0.189308 -1.427520
v 2.454798 -0.107349 -1.482263
v 2.356105 -0.020630 -1.503827
v 2.254952 0.064939 -1.490741
v 2.158230 0.143527 -1.443898
v 2.072532 0.209778 -1.366489
v 2.003699 0.259178 -1.263791
v 1.956420 0.288359 -1.142801
v 1.933917 0.295333 -1.011765
v 1.937725 0.279625 -0.879613
v 1.967584 0.242306 -0.755351
v 2.021459 0.185918 -0.647447
v 2.095678 0.114304 -0.563254
v 2.185184 0.032345 -0.508511
v 2.283876 -0.054374 -0.486947
v 2.385030 -0.139943 -0.500033
v 2.545547 -0.146235 -0.539002
v 2.637540 -0.203667 -0.616232
v 2.712705 -0.243853 -0.718509
v 2.765920 -0.264056 -0.838864
v 2.793559 -0.262898 -0.969095
v 2.793738 -0.240459 -1.100327
v 2.766445 -0.198267 -1.223617
v 2.713539 -0.139198 -1.330562
v 2.638627 -0.067277 -1.413875
v 2.546814 0.012594 -1.467877
v 2.444356 0.094972 -1.488889
v 2.338235 0.174244 -1.475479
v 2.235684 0.245006 -1.428561
v 2.143692 0.302438 -1.351332
v 2.068527 0.342624 -1.249054
v 2.015311 0.362827 -1.128699
v 1.987673 0.361669 -0.998468
v 1.987494 0.339230 -0.867236
v 2.014787 0.297038 -0.743946
v 2.067692 0.237969 -0.637001
v 2.142604 0.166048 -0.553689
v 2.234418 0.086177 -0.499686
v 2.336876 0.003799 -0.478674
v 2.442996 -0.075473 -0.492084
v 2.604758 -0.071245 -0.524908
v 2.702721 -0.119290 -0.601200
v 2.783854 -0.149718 -0.702279
v 2.842629 -0.160456 -0.821256
v 2.875040 -0.150771 -0.950024
v 2.878879 -0.121324 -1.079806
v 2.853885 -0.074122 -1.201759
v 2.801759 -0.012380 -1.307572
v 2.726056 0.059692 -1.390034
v 2.631933 0.137185 -1.443524
v 2.525805 0.214816 -1.464398
v 2.414905 0.287295 -1.451234
v 2.306790 0.349683 -1.404928
v 2.208828 0.397728 -1.328636
v 2.127695 0.428156 -1.227557
v 2.068920 0.438894 -1.108579
v 2.036508 0.429209 -0.979812
v 2.032669 0.399762 -0.850029
v 2.057664 0.352560 -0.728076
v 2.109789 0.290818 -0.622263
v 2.185493 0.218746 -0.539802
v 2.279615 0.141253 -0.486312
v 2.385743 0.063622 -0.465437
v 2.496643 -0.008857 -0.478602
v 2.659033 0.006178 -0.504503
v 2.762471 -0.032074 -0.579086
v 2.849035 -0.052371 -0.678182
v 2.912826 -0.053330 -0.795038
v 2.949498 -0.034886 -0.921688
v 2.956549 0.001705 -1.049504
v 2.933501 0.053949 -1.169773
v 2.881924 0.118285 -1.274301
v 2.805332 0.190329 -1.355963
v 2.708946 0.265172 -1.409195
v 2.599333 0.337713 -1.430368
v 2.483964 0.403008 -1.418040
v 2.370702 0.456608 -1.373052
v 2.267264 0.494860 -1.298468
v 2.180699 0.515157 -1.199372
v 2.116908 0.516116 -1.082517
v 2.080237 0.497672 -0.955866
v 2.073185 0.461081 -0.828051
v 2.096233 0.408837 -0.707781
v 2.147811 0.344501 -0.603254
v 2.224402 0.272457 -0.521591
v 2.320789 0.197614 -0.468360
v 2.430401 0.125073 -0.447186
v 2.545770 0.059778 -0.459514
v 2.708047 0.085723 -0.477784
v 2.816324 0.057484 -0.549923
v 2.907636 0.047491 -0.646295
v 2.975762 0.056426 -0.760332
v 3.016058 0.083680 -0.884263
v 3.025778 0.127395 -1.009642
v 3.004260 0.184593 -1.127925
v 2.952970 0.251375 -1.231051
v 2.875403 0.323190 -1.311991
v 2.776846 0.395144 -1.365231
v 2.664015 0.462334 -1.387142
v 2.544600 0.520181 -1.376231
v 2.426737 0.564742 -1.333241
v 2.318461 0.592982 -1.261101
v 2.227148 0.602974 -1.164730
v 2.159022 0.594039 -1.050692
v 2.118727 0.566785 -0.926762
v 2.109007 0.523070 -0.801383
v 2.130525 0.465872 -0.683100
v 2.181815 0.399091 -0.579974
v 2.259381 0.327275 -0.499034
v 2.357938 0.255321 -0.445794
v 2.470769 0.188131 -0.423883
v 2.590185 0.130284 -0.434794
v 2.751514 0.167036 -0.444847
v 2.863889 0.148836 -0.513883
v 2.959165 0.149118 -0.606877
v 3.030848 0.167862 -0.717491
v 3.074054 0.203792 -0.838188
v 3.085838 0.254458 -0.960742
v 3.065397 0.316408 -1.076801
v 3.014124 0.385421 -1.178456
v 2.935514 0.456792 -1.258779
v 2.834922 0.525659 -1.312297
v 2.719206 0.587328 -1.335362
v 2.596249 0.637596 -1.326403
v 2.474433 0.673038 -1.286030
v 2.362058 0.691238 -1.216994
v 2.266782 0.690957 -1.124000
v 2.195099 0.672212 -1.013385
v 2.151893 0.636283 -0.892689
v 2.140109 0.585616 -0.770135
v 2.160550 0.523666 -0.654076
v 2.211823 0.454653 -0.552421
v 2.290434 0.383282 -0.472097
v 2.391025 0.314415 -0.418579
v 2.506742 0.252746 -0.395514
v 2.629698 0.202478 -0.404474
v 2.789193 0.249724 -0.405882
v 2.904871 0.241411 -0.471265
v 3.003273 0.251752 -0.560346
v 3.077695 0.280040 -0.667054
v 3.123063 0.324350 -0.784117
v 3.136287 0.381659 -0.903558
v 3.116465 0.448065 -1.017237
v 3.064948 0.519039 -1.117406
v 2.985246 0.589747 -1.197240
v 2.882792 0.655370 -1.251298
v 2.764567 0.711435 -1.275896
v 2.638629 0.754121 -1.269357
v 2.513559 0.780520 -1.232128
v 2.397881 0.788832 -1.166745
v 2.299479 0.778492 -1.077664
v 2.225057 0.750203 -0.970956
v 2.179689 0.705894 -0.853893
v 2.166465 0.648584 -0.734452
v 2.186287 0.582179 -0.620773
v 2.237804 0.511204 -0.520604
v 2.317506 0.440496 -0.440770
v 2.419960 0.374874 -0.386712
v 2.538185 0.318809 -0.362114
v 2.664123 0.276123 -0.368653
v 2.820894 0.333364 -0.361174
v 2.939070 0.334644 -0.422477
v 3.039762 0.354679 -0.507243
v 3.116107 0.392104 -0.609694
v 3.162902 0.444368 -0.722849
v 3.176959 0.507909 -0.838997
v 3.157319 0.578398 -0.950221
v 3.105321 0.651031 -1.048944
v 3.024509 0.720857 -1.128436
v 2.920389 0.783119 -1.183280
v 2.800057 0.833573 -1.209740
v 2.671715 0.868781 -1.206011
v 2.544107 0.886344 -1.172348
v 2.425930 0.885064 -1.111045
v 2.325239 0.865029 -1.026279
v 2.248894 0.827605 -0.923828
v 2.202099 0.775341 -0.810673
v 2.188042 0.711799 -0.694526
v 2.207682 0.641310 -0.583301
v 2.259680 0.568677 -0.484578
v 2.340492 0.498851 -0.405086
v 2.444612 0.436589 -0.350242
v 2.564943 0.386135 -0.323782
v 2.693286 0.350927 -0.327511
v 2.846486 0.417527 -0.311086
v 2.966386 0.428000 -0.368004
v 3.068566 0.457260 -0.448181
v 3.146063 0.503313 -0.546154
v 3.193595 0.563021 -0.655246
v 3.207924 0.632314 -0.768023
v 3.188072 0.706471 -0.876798
v 3.135392 0.780437 -0.974160
v 3.053475 0.849172 -1.053473
v 2.947904 0.907992 -1.109331
v 2.825871 0.952888 -1.137929
v 2.695695 0.980801 -1.137317
v 2.566246 0.989829 -1.107538
v 2.446346 0.979356 -1.050620
v 2.344166 0.950096 -0.970443
v 2.266669 0.904043 -0.872469
v 2.219136 0.844335 -0.763377
v 2.204808 0.775042 -0.650601
v 2.224660 0.700886 -0.541825
v 2.277340 0.626920 -0.444464
v 2.359256 0.558184 -0.365151
v 2.464828 0.499364 -0.309293
v 2.586860 0.454468 -0.280695
v 2.717037 0.426555 -0.281306
v 2.865894 0.501791 -0.256038
v 2.986797 0.520996 -0.308374
v 3.089728 0.558951 -0.383806
v 3.167673 0.613069 -0.477193
v 3.215320 0.679661 -0.582172
v 3.229422 0.754191 -0.691588
v 3.209018 0.831578 -0.797985
v 3.155498 0.906549 -0.894112
v 3.072510 0.973995 -0.973417
v 2.965709 1.029319 -1.030498
v 2.842373 1.068752 -1.061462
v 2.710908 1.089605 -1.064201
v 2.580273 1.090459 -1.038528
v 2.459370 1.071253 -0.986192
v 2.356439 1.033299 -0.910760
v 2.278494 0.979181 -0.817373
v 2.230847 0.912588 -0.712394
v 2.216745 0.838059 -0.602978
v 2.237149 0.760672 -0.496581
v 2.290669 0.685701 -0.400454
v 2.373658 0.618255 -0.321149
v 2.480459 0.562930 -0.264068
v 2.603794 0.523498 -0.233104
v 2.735259 0.502645 -0.230364
v 2.879095 0.585761 -0.196488
v 3.000346 0.613210 -0.244134
v 3.103366 0.659304 -0.314756
v 3.181135 0.720903 -0.403543
v 3.228352 0.793809 -0.504442
v 3.241800 0.873052 -0.610579
v 3.220562 0.953233 -0.714720
v 3.166086 1.028888 -0.809768
v 3.082084 1.094861 -0.889246
v 2.974281 1.146655 -0.947737
v 2.850023 1.180741 -0.981255
v 2.717779 1.194797 -0.987517
v 2.586560 1.187864 -0.966095
v 2.465309 1.160415 -0.918449
v 2.362288 1.114320 -0.847827
v 2.284520 1.052721 -0.759041
v 2.237303 0.979816 -0.658141
v 2.223855 0.900572 -0.552004
v 2.245093 0.820391 -0.447863
v 2.299569 0.744737 -0.352815
v 2.383571 0.678764 -0.273338
v 2.491374 0.626970 -0.214846
v 2.615632 0.592883 -0.181328
v 2.747876 0.578828 -0.175066
v 2.886105 0.669075 -0.132911
v 3.007119 0.704281 -0.175826
v 3.109643 0.757965 -0.241645
v 3.186691 0.826470 -0.325883
v 3.233012 0.905127 -0.422800
v 3.245449 0.988575 -0.525791
v 3.223155 1.071127 -0.627837
v 3.167649 1.147159 -0.721984
v 3.082713 1.211488 -0.801816
v 2.974137 1.259730 -0.861893
v 2.849319 1.288599 -0.898120
v 2.716765 1.296125 -0.908028
v 2.585508 1.281798 -0.890943
v 2.464495 1.246592 -0.848029
v 2.361971 1.192907 -0.782210
v 2.284923 1.124403 -0.697971
v 2.238602 1.045746 -0.601055
v 2.226165 0.962298 -0.498064
v 2.248459 0.879745 -0.396018
v 2.303965 0.803714 -0.301871
v 2.388900 0.739385 -0.222039
v 2.497477 0.691142 -0.161962
v 2.622295 0.662274 -0.125735
v 2.754849 0.654747 -0.115826
v 2.886969 0.751413 -0.065781
v 3.007224 0.793908 -0.103969
v 3.108740 0.854656 -0.165040
v 3.184598 0.929517 -0.244831
v 3.229629 1.013391 -0.337906
v 3.240764 1.100561 -0.437920
v 3.217245 1.185086 -0.538058
v 3.160674 1.261207 -0.631496
v 3.074906 1.323736 -0.711867
v 2.965786 1.368411 -0.773692
v 2.840751 1.392188 -0.812760
v 2.708321 1.393448 -0.826407
v 2.577522 1.372103 -0.813703
v 2.457267 1.329608 -0.775514
v 2.355752 1.268860 -0.714443
v 2.279894 1.193999 -0.634652
v 2.234863 1.110125 -0.541578
v 2.223727 1.022955 -0.441564
v 2.247247 0.938430 -0.341425
v 2.303818 0.862309 -0.247987
v 2.389586 0.799781 -0.167617
v 2.498706 0.755105 -0.105791
v 2.623741 0.731328 -0.066724
v 2.756170 0.730069 -0.053077
v 2.881745 0.832496 0.004443
v 3.000776 0.881842 -0.029055
v 3.100833 0.949162 -0.085463
v 3.175098 1.029869 -0.160939
v 3.218510 1.118461 -0.250337
v 3.228110 1.208903 -0.347566
v 3.203245 1.295030 -0.446001
v 3.145609 1.370973 -0.538931
v 3.059129 1.431556 -0.620026
v 2.949699 1.472651 -0.683757
v 2.824777 1.491458 -0.725782
v 2.692876 1.486694 -0.743238
v 2.562984 1.458685 -0.734933
v 2.443953 1.409339 -0.701435
v 2.343896 1.342019 -0.645027
v 2.269631 1.261312 -0.569551
v 2.226219 1.172719 -0.480153
v 2.216619 1.082278 -0.382924
v 2.241484 0.996151 -0.284489
v 2.299120 0.920208 -0.191559
v 2.385600 0.859624 -0.110465
v 2.495030 0.818529 -0.046733
v 2.619952 0.799723 -0.004708
v 2.751853 0.804486 0.012748
v 2.870495 0.912075 0.077318
v 2.987880 0.967873 0.048461
v 3.086080 1.041316 -0.003388
v 3.158403 1.127397 -0.074695
v 3.199922 1.220252 -0.160600
v 3.207805 1.313552 -0.255248
v 3.181516 1.400939 -0.352191
v 3.122847 1.476457 -0.444821
v 3.035795 1.534960 -0.526826
v 2.926294 1.572462 -0.592617
v 2.801805 1.586406 -0.637710
v 2.670812 1.575842 -0.659034
v 2.542242 1.541491 -0.655134
v 2.424858 1.485693 -0.626276
v 2.326657 1.412250 -0.574427
v 2.254334 1.326168 -0.503120
v 2.212816 1.233314 -0.417215
v 2.204933 1.140014 -0.322567
v 2.231221 1.052627 -0.225624
v 2.289891 0.977109 -0.132994
v 2.376942 0.918606 -0.050990
v 2.486444 0.881104 0.014801
v 2.610933 0.867160 0.059895
v 2.741925 0.877724 0.081218
v 2.853273 0.989934 0.152424
v 2.968625 1.051823 0.128151
v 3.064609 1.130980 0.080754
v 3.134686 1.222011 0.013463
v 3.174080 1.318711 -0.069136
v 3.180106 1.414491 -0.161414
v 3.152352 1.502824 -0.257082
v 3.092712 1.577690 -0.349621
v 3.005248 1.633987 -0.432725
v 2.895923 1.667879 -0.500729
v 2.772185 1.677055 -0.549000
v 2.642467 1.660891 -0.574248
v 2.515610 1.620487 -0.574753
v 2.400259 1.558598 -0.550479
v 2.304274 1.479442 -0.503082
v 2.234197 1.388411 -0.435791
v 2.194803 1.291711 -0.353193
v 2.188778 1.195930 -0.260915
v 2.216531 1.107597 -0.165246
v 2.276171 1.032731 -0.072707
v 2.363635 0.976434 0.010396
v 2.472961 0.942543 0.078400
v 2.596699 0.933367 0.126672
v 2.726416 0.949531 0.151920
v 2.830119 1.065877 0.229361
v 2.943072 1.133533 0.209619
v 3.036512 1.218037 0.166567
v 3.104070 1.313631 0.103140
v 3.141144 1.413799 0.023659
v 3.145207 1.511717 -0.066458
v 3.115982 1.600710 -0.161070
v 3.055459 1.674713 -0.253730
v 2.967765 1.728685 -0.338123
v 2.858875 1.758946 -0.408498
v 2.736210 1.763435 -0.460059
v 2.608129 1.741845 -0.489291
v 2.483361 1.695648 -0.494204
v 2.370408 1.627993 -0.474461
v 2.276969 1.543488 -0.431410
v 2.209410 1.447895 -0.367982
v 2.172336 1.347726 -0.288502
v 2.168273 1.249809 -0.198385
v 2.197499 1.160816 -0.103772
v 2.258021 1.086812 -0.011112
v 2.345715 1.032840 0.073281
v 2.454605 1.002579 0.143655
v 2.577270 0.998090 0.195216
v 2.705351 1.019680 0.224449
v 2.801053 1.139718 0.307746
v 2.911253 1.212852 0.292489
v 3.001836 1.302374 0.253683
v 3.066628 1.402184 0.193972
v 3.101215 1.505479 0.117427
v 3.103239 1.605221 0.029263
v 3.072562 1.694611 -0.064512
v 3.011276 1.767559 -0.157506
v 2.923555 1.819093 -0.243383
v 2.815380 1.845700 -0.316290
v 2.694120 1.845569 -0.371258
v 2.568041 1.818707 -0.404542
v 2.445734 1.766945 -0.413873
v 2.335534 1.693811 -0.398616
v 2.244951 1.604289 -0.359810
v 2.180158 1.504479 -0.300099
v 2.145571 1.401184 -0.223554
v 2.143547 1.301443 -0.135390
v 2.174224 1.212052 -0.041615
v 2.235511 1.139104 0.051379
v 2.323231 1.087571 0.137256
v 2.431407 1.060963 0.210163
v 2.552666 1.061095 0.265131
v 2.678746 1.087956 0.298415
v 2.766068 1.211279 0.387209
v 2.873163 1.289633 0.376401
v 2.960586 1.383876 0.341750
v 3.022379 1.487588 0.285618
v 3.054332 1.593700 0.211830
v 3.054267 1.694981 0.125415
v 3.022188 1.784529 0.032262
v 2.960281 1.856240 -0.061282
v 2.872766 1.905229 -0.148840
v 2.765606 1.928157 -0.224447
v 2.646103 1.923460 -0.282950
v 2.522403 1.891460 -0.320361
v 2.402935 1.834337 -0.334132
v 2.295840 1.755984 -0.323324
v 2.208417 1.661740 -0.288673
v 2.146623 1.558028 -0.232541
v 2.114670 1.451916 -0.158754
v 2.114736 1.350635 -0.072338
v 2.146815 1.261088 0.020815
v 2.208721 1.189376 0.114359
v 2.296237 1.140387 0.201917
v 2.403397 1.117460 0.277524
v 2.522899 1.122156 0.336027
v 2.646599 1.154156 0.373438
v 2.725132 1.280377 0.467384
v 2.828762 1.363717 0.461000
v 2.912722 1.462415 0.430425
v 2.971292 1.569744 0.377742
v 3.000479 1.678390 0.306542
v 2.998295 1.780949 0.221676
v 2.964888 1.870432 0.128928
v 2.902535 1.940741 0.034619
v 2.815486 1.987084 -0.054824
v 2.709672 2.006304 -0.133306
v 2.592305 1.997090 -0.195478
v 2.471383 1.960070 -0.237104
v 2.355146 1.897767 -0.255347
v 2.251516 1.814427 -0.248963
v 2.167556 1.715730 -0.218388
v 2.108986 1.608401 -0.165705
v 2.079799 1.499754 -0.094505
v 2.081983 1.397195 -0.009639
v 2.115390 1.307712 0.083109
v 2.177743 1.237403 0.177418
v 2.264792 1.191060 0.266861
v 2.370606 1.171840 0.345343
v 2.487973 1.181054 0.407515
v 2.608896 1.218074 0.449141
v 2.678187 1.346818 0.547902
v 2.777974 1.434932 0.545929
v 2.858161 1.537837 0.519360
v 2.913283 1.648522 0.470005
v 2.939583 1.759442 0.401228
v 2.935269 1.863040 0.317716
v 2.900635 1.952255 0.225160
v 2.838042 2.021008 0.129868
v 2.751754 2.064612 0.038334
v 2.647653 2.080097 -0.043205
v 2.532833 2.066406 -0.109191
v 2.415118 2.024474 -0.155128
v 2.302530 1.957157 -0.177886
v 2.202743 1.869044 -0.175912
v 2.122556 1.766139 -0.149343
v 2.067434 1.655454 -0.099988
v 2.041134 1.544533 -0.031211
v 2.045448 1.440935 0.052301
v 2.080081 1.351720 0.144856
v 2.142675 1.282968 0.240148
v 2.228962 1.239364 0.331683
v 2.333063 1.223879 0.413221
v 2.447884 1.237569 0.479208
v 2.565599 1.279502 0.525145
v 2.625145 1.410389 0.628383
v 2.720688 1.503076 0.630815
v 2.796775 1.609960 0.608190
v 2.848221 1.723757 0.562050
v 2.871520 1.836712 0.495538
v 2.865084 1.941127 0.413188
v 2.829351 2.029886 0.320612
v 2.766756 2.096941 0.224118
v 2.681567 2.137722 0.130283
v 2.579587 2.149449 0.045501
v 2.467767 2.131324 -0.024450
v 2.353727 2.084582 -0.074802
v 2.245238 2.012408 -0.102126
v 2.149695 1.919721 -0.104558
v 2.073608 1.812837 -0.081933
v 2.022162 1.699040 -0.035792
v 1.998863 1.586085 0.030720
v 2.005300 1.481670 0.113070
v 2.041032 1.392911 0.205646
v 2.103627 1.325856 0.302139
v 2.188816 1.285075 0.395974
v 2.290796 1.273348 0.480756
v 2.402616 1.291473 0.550707
v 2.516657 1.338215 0.601060
v 2.565899 1.470850 0.708425
v 2.656764 1.567918 0.715261
v 2.728404 1.678561 0.696523
v 2.775937 1.795240 0.653487
v 2.796124 1.910002 0.589086
v 2.787589 2.015028 0.507709
v 2.750913 2.103159 0.414902
v 2.688596 2.168389 0.316989
v 2.604885 2.206274 0.220643
v 2.505484 2.214232 0.132429
v 2.397168 2.191719 0.058360
v 2.287318 2.140272 0.003483
v 2.183420 2.063394 -0.028462
v 2.092555 1.966326 -0.035298
v 2.020915 1.855683 -0.016560
v 1.973382 1.739004 0.026476
v 1.953195 1.624242 0.090877
v 1.961730 1.519217 0.172254
v 1.998406 1.431086 0.265062
v 2.060723 1.365855 0.362974
v 2.144434 1.327970 0.459321
v 2.243835 1.320012 0.547534
v 2.352151 1.342525 0.621603
v 2.462001 1.393973 0.676480
v 2.500324 1.527928 0.787590
v 2.586038 1.629181 0.798829
v 2.652858 1.743366 0.783920
v 2.696229 1.862702 0.743879
v 2.713195 1.979056 0.681435
v 2.702602 2.084499 0.600844
v 2.665170 2.171845 0.507598
v 2.603450 2.235142 0.408051
v 2.521649 2.270076 0.308987
v 2.425342 2.274266 0.217157
v 2.321090 2.247427 0.138820
v 2.216000 2.191388 0.079314
v 2.117232 2.109967 0.042694
v 2.031518 2.008714 0.031456
v 1.964699 1.894529 0.046365
v 1.921328 1.775193 0.086406
v 1.904361 1.658839 0.148849
v 1.914954 1.553396 0.229440
v 1.952386 1.466049 0.322687
v 2.014106 1.402753 0.422234
v 2.095907 1.367819 0.521298
v 2.192215 1.363629 0.613127
v 2.296466 1.390468 0.691464
v 2.401556 1.446507 0.750970
v 2.428291 1.581307 0.865399
v 2.508338 1.686538 0.881027
v 2.569933 1.804042 0.869882
v 2.608878 1.925812 0.832722
v 2.622519 2.043548 0.772080
v 2.609926 2.149228 0.692089
v 2.571958 2.235649 0.598200
v 2.511202 2.296923 0.496812
v 2.431798 2.328873 0.394833
v 2.339158 2.329322 0.299214
v 2.239594 2.298239 0.216471
v 2.139893 2.237744 0.152243
v 2.046848 2.151957 0.110906
v 1.966801 2.046726 0.095278
v 1.905206 1.929222 0.106424
v 1.866261 1.807452 0.143584
v 1.852620 1.689716 0.204226
v 1.865213 1.584036 0.284217
v 1.903181 1.497614 0.378106
v 1.963937 1.436341 0.479494
v 2.043341 1.404391 0.581473
v 2.135982 1.403942 0.677091
v 2.235545 1.435024 0.759834
v 2.335246 1.495520 0.824063
v 2.349681 1.630626 0.941314
v 2.423502 1.739606 0.961297
v 2.479439 1.860191 0.953832
v 2.513680 1.984163 0.919426
v 2.523891 2.103075 0.860425
v 2.509378 2.208822 0.780850
v 2.471128 2.294199 0.686123
v 2.411749 2.353386 0.582700
v 2.335286 2.382350 0.477629
v 2.246952 2.379118 0.378070
v 2.152765 2.343909 0.290808
v 2.059145 2.279124 0.221790
v 1.972471 2.189177 0.175720
v 1.898650 2.080197 0.155736
v 1.842713 1.959612 0.163202
v 1.808472 1.835640 0.197607
v 1.798260 1.716728 0.256608
v 1.812774 1.610981 0.336184
v 1.851024 1.525604 0.430911
v 1.910403 1.466417 0.534334
v 1.986866 1.437453 0.639405
v 2.075200 1.440685 0.738964
v 2.169387 1.475893 0.826226
v 2.263007 1.540679 0.895243
v 2.264411 1.675475 1.014728
v 2.331404 1.787939 1.038997
v 2.381222 1.911343 1.035100
v 2.410470 2.037275 1.003303
v 2.417155 2.157154 0.945773
v 2.400820 2.262810 0.866430
v 2.362579 2.347043 0.770681
v 2.305039 2.404113 0.665052
v 2.232120 2.430131 0.556741
v 2.148791 2.423322 0.453129
v 2.060732 2.384153 0.361277
v 1.973944 2.315290 0.287445
v 1.894340 2.221429 0.236665
v 1.827347 2.108964 0.212396
v 1.777529 1.985561 0.216293
v 1.748281 1.859629 0.248090
v 1.741596 1.739750 0.305620
v 1.757931 1.634094 0.384963
v 1.796172 1.549860 0.480712
v 1.853712 1.492790 0.586341
v 1.926631 1.466773 0.694652
v 2.009960 1.473581 0.798263
v 2.098019 1.512751 0.890115
v 2.184807 1.581613 0.963947
v 2.172462 1.715394 1.084962
v 2.231998 1.831034 1.113393
v 2.275219 1.956959 1.112910
v 2.299180 2.084587 1.083547
v 2.302248 2.205221 1.027303
v 2.284215 2.310640 0.948012
v 2.246309 2.393660 0.851078
v 2.191113 2.448623 0.743106
v 2.122389 2.471783 0.631455
v 2.044821 2.461562 0.523733
v 1.963694 2.418656 0.427281
v 1.884537 2.345991 0.348673
v 1.812744 2.248516 0.293265
v 1.753209 2.132877 0.264834
v 1.709988 2.006952 0.265317
v 1.686026 1.879323 0.294681
v 1.682958 1.758689 0.350924
v 1.700991 1.653270 0.430215
v 1.738897 1.570250 0.527149
v 1.794093 1.515288 0.635121
v 1.862817 1.492128 0.746772
v 1.940386 1.502349 0.854494
v 2.021513 1.545254 0.950946
v 2.100670 1.617920 1.029554
v 2.073924 1.749887 1.151262
v 2.125359 1.868335 1.183660
v 2.161502 1.996443 1.186381
v 2.179891 2.125480 1.159237
v 2.179272 2.246652 1.104078
v 2.159687 2.351701 1.024665
v 2.122471 2.433468 0.926408
v 2.070160 2.486382 0.816003
v 2.006320 2.506836 0.700975
v 1.935300 2.493436 0.589163
v 1.861941 2.447095 0.488186
v 1.791241 2.370972 0.404926
v 1.728020 2.270255 0.345056
v 1.676585 2.151806 0.312657
v 1.640442 2.023698 0.309937
v 1.622053 1.894661 0.337081
v 1.622672 1.773490 0.392240
v 1.642257 1.668441 0.471653
v 1.679473 1.586673 0.569910
v 1.731784 1.533759 0.680314
v 1.795624 1.513306 0.795342
v 1.866644 1.526705 0.907155
v 1.940003 1.573046 1.008132
v 2.010703 1.649169 1.091392
v 1.969035 1.778437 1.212813
v 2.011746 1.899265 1.248895
v 2.040353 2.029169 1.254536
v 2.052908 2.159298 1.229351
v 2.048554 2.280783 1.175058
v 2.027588 2.385346 1.095355
v 1.991439 2.465860 0.995675
v 1.942571 2.516838 0.882810
v 1.884314 2.534807 0.764452
v 1.820637 2.518542 0.648667
v 1.755881 2.469152 0.543346
v 1.694458 2.390001 0.455665
v 1.640555 2.286485 0.391601
v 1.597844 2.165658 0.355519
v 1.569237 2.035753 0.349878
v 1.556682 1.905625 0.375062
v 1.561036 1.784140 0.429356
v 1.582002 1.679577 0.509059
v 1.618151 1.599063 0.608739
v 1.667019 1.548085 0.721604
v 1.725276 1.530116 0.839962
v 1.788953 1.546381 0.955746
v 1.853709 1.595771 1.061068
v 1.915132 1.674921 1.148748
v 1.858228 1.800545 1.268767
v 1.891649 1.923255 1.308146
v 1.912316 2.054522 1.316347
v 1.918820 2.185400 1.292810
v 1.910720 2.306971 1.239141
v 1.888566 2.410948 1.158996
v 1.853868 2.490247 1.057837
v 1.808991 2.539464 0.942558
v 1.756994 2.555244 0.821015
v 1.701419 2.536511 0.701492
v 1.646055 2.484543 0.592132
v 1.594673 2.402882 0.500390
v 1.550777 2.297091 0.432516
v 1.517356 2.174381 0.393137
v 1.496689 2.043114 0.384937
v 1.490185 1.912236 0.408473
v 1.498285 1.790665 0.462142
v 1.520439 1.686688 0.542287
v 1.555137 1.607388 0.643446
v 1.600014 1.558172 0.758725
v 1.652011 1.542392 0.880268
v 1.707586 1.561125 0.999792
v 1.762950 1.613092 1.109151
v 1.814332 1.694754 1.200894
v 1.742161 1.815765 1.318294
v 1.765829 1.939804 1.360476
v 1.778241 2.071959 1.370793
v 1.778550 2.203223 1.348543
v 1.766736 2.324650 1.295240
v 1.743603 2.427966 1.214518
v 1.710729 2.506130 1.111877
v 1.670352 2.553815 0.994313
v 1.625226 2.567771 0.869837
v 1.578424 2.547047 0.746933
v 1.533138 2.493056 0.633975
v 1.492452 2.409477 0.538662
v 1.459140 2.302006 0.467489
v 1.435472 2.177966 0.425306
v 1.423060 2.045811 0.414989
v 1.422751 1.914547 0.437240
v 1.434565 1.793120 0.490543
v 1.457698 1.689804 0.571265
v 1.490572 1.611640 0.673905
v 1.530949 1.563956 0.791469
v 1.576075 1.549999 0.915945
v 1.622877 1.570723 1.038850
v 1.668163 1.624714 1.151808
v 1.708849 1.708293 1.247121
v 1.621720 1.823760 1.360641
v 1.635325 1.948537 1.405037
v 1.639293 2.081080 1.416955
v 1.633353 2.212356 1.395584
v 1.617911 2.333419 1.342380
v 1.594019 2.436019 1.260968
v 1.563305 2.513163 1.156897
v 1.527862 2.559595 1.037259
v 1.490105 2.572150 0.910207
v 1.452608 2.549972 0.784399
v 1.417926 2.494574 0.668410
v 1.388422 2.409729 0.570143
v 1.366108 2.301221 0.496295
v 1.352503 2.176444 0.451900
v 1.348536 2.043902 0.439981
v 1.354475 1.912626 0.461352
v 1.369917 1.791563 0.514557
v 1.393809 1.688963 0.595968
v 1.424524 1.611819 0.700039
v 1.459967 1.565387 0.819678
v 1.497723 1.552832 0.946729
v 1.535220 1.575010 1.072537
v 1.569902 1.630408 1.188526
v 1.599406 1.715252 1.286793
v 1.497993 1.824351 1.395208
v 1.501410 1.949262 1.441153
v 1.496897 2.081690 1.454105
v 1.484764 2.212611 1.433180
v 1.465836 2.333103 1.379804
v 1.441403 2.434954 1.297616
v 1.413132 2.511223 1.192217
v 1.382947 2.556712 1.070788
v 1.352907 2.568323 0.941605
v 1.325058 2.545263 0.813472
v 1.301299 2.489103 0.695121
v 1.283248 2.403672 0.594617
v 1.272136 2.294791 0.518809
v 1.268720 2.169880 0.472864
v 1.273232 2.037451 0.459913
v 1.285366 1.906530 0.480838
v 1.304294 1.786039 0.534213
v 1.328726 1.684188 0.616401
v 1.356998 1.607919 0.721801
v 1.387182 1.562429 0.843230
v 1.417222 1.550819 0.972412
v 1.445071 1.573879 1.100545
v 1.468830 1.630038 1.218897
v 1.486881 1.715470 1.319401
v 1.372198 1.817541 1.421608
v 1.365507 1.942005 1.468400
v 1.352643 2.073840 1.481793
v 1.334483 2.204063 1.460875
v 1.312265 2.323799 1.407070
v 1.287502 2.424889 1.324045
v 1.261883 2.500442 1.217459
v 1.237152 2.545312 1.094574
v 1.214997 2.556439 0.963766
v 1.196925 2.533065 0.833949
v 1.184169 2.476784 0.713970
v 1.177599 2.391430 0.612004
v 1.177661 2.282821 0.535001
v 1.184352 2.158358 0.488209
v 1.197216 2.026523 0.474816
v 1.215376 1.896300 0.495734
v 1.237594 1.776564 0.549540
v 1.262357 1.675474 0.632564
v 1.287976 1.599920 0.739150
v 1.312707 1.555051 0.862035
v 1.334862 1.543924 0.992843
v 1.352934 1.567297 1.122660
v 1.365690 1.623579 1.242639
v 1.372260 1.708932 1.344605
v 1.245588 1.803530 1.439700
v 1.229071 1.927017 1.486642
v 1.208143 2.057829 1.499897
v 1.184230 2.187051 1.478561
v 1.158962 2.305877 1.424088
v 1.134060 2.406209 1.340190
v 1.111222 2.481209 1.232586
v 1.092004 2.525768 1.108608
v 1.077716 2.536847 0.976704
v 1.069331 2.513692 0.845865
v 1.067421 2.457881 0.725006
v 1.072116 2.373217 0.622364
v 1.083096 2.265471 0.544934
v 1.099613 2.141984 0.497992
v 1.120541 2.011172 0.484737
v 1.144454 1.881950 0.506073
v 1.169723 1.763124 0.560546
v 1.194624 1.662792 0.644444
v 1.217462 1.587791 0.752048
v 1.236680 1.543233 0.876026
v 1.250968 1.532154 1.007930
v 1.259353 1.555309 1.138769
v 1.261263 1.611120 1.259628
v 1.256568 1.695783 1.362270
v 1.119356 1.782685 1.449598
v 1.093468 1.904746 1.496035
v 1.064897 2.034171 1.508612
v 1.035590 2.162141 1.486472
v 1.007543 2.279934 1.431123
v 0.982669 2.379524 1.346337
v 0.962663 2.454123 1.237893
v 0.948887 2.498647 1.113180
v 0.942280 2.510062 0.980699
v 0.943294 2.487591 0.849476
v 0.951858 2.432765 0.728455
v 0.967389 2.349319 0.625883
v 0.988829 2.242941 0.548750
v 1.014717 2.120880 0.502313
v 1.043288 1.991455 0.489736
v 1.072595 1.863485 0.511877
v 1.100641 1.745692 0.567226
v 1.125515 1.646103 0.652011
v 1.145522 1.571504 0.760455
v 1.159298 1.526980 0.885168
v 1.165904 1.515564 1.017650
v 1.164891 1.538035 1.148872
v 1.156327 1.592862 1.269893
v 1.140796 1.676307 1.372465
v 0.994549 1.755503 1.451632
v 0.959876 1.875780 1.496983
v 0.924182 2.003533 1.508408
v 0.889899 2.130056 1.485128
v 0.859363 2.246727 1.428729
v 0.834655 2.345594 1.343055
v 0.817460 2.419922 1.233944
v 0.808948 2.464643 1.108833
v 0.809700 2.476710 0.976246
v 0.819664 2.455301 0.845220
v 0.838162 2.401876 0.724684
v 0.863933 2.320074 0.622853
v 0.895221 2.215470 0.546665
v 0.929894 2.095193 0.501314
v 0.965588 1.967441 0.489889
v 0.999871 1.840918 0.513169
v 1.030407 1.724247 0.569568
v 1.055115 1.625379 0.655242
v 1.072310 1.551052 0.764353
v 1.080822 1.506331 0.889464
v 1.080070 1.494263 1.022051
v 1.070106 1.515672 1.153077
v 1.051608 1.569098 1.273613
v 1.025836 1.650900 1.375444
v 0.872019 1.722555 1.446296
v 0.829230 1.840784 1.490073
v 0.786992 1.966656 1.499950
v 0.748183 2.091593 1.475253
v 0.715448 2.207081 1.417666
v 0.691018 2.305250 1.331113
v 0.676557 2.379410 1.221492
v 0.673052 2.424506 1.096275
v 0.680741 2.437465 0.963993
v 0.699100 2.417405 0.833663
v 0.726878 2.365693 0.714166
v 0.762182 2.285852 0.613645
v 0.802606 2.183323 0.538951
v 0.845395 2.065094 0.495175
v 0.887634 1.939222 0.485298
v 0.926443 1.814285 0.509995
v 0.959178 1.698797 0.567582
v 0.983608 1.600628 0.654135
v 0.998068 1.526469 0.763756
v 1.001573 1.481373 0.888973
v 0.993884 1.468413 1.021255
v 0.975525 1.488473 1.151585
v 0.947747 1.540186 1.271082
v 0.912443 1.620027 1.371602
v 0.752410 1.684436 1.434190
v 0.702208 1.800441 1.476000
v 0.654026 1.924294 1.484011
v 0.611148 2.047556 1.457680
v 0.576494 2.161826 1.398799
v 0.552428 2.259316 1.311382
v 0.540589 2.333384 1.201385
v 0.541784 2.378981 1.076306
v 0.555931 2.393000 0.944667
v 0.582066 2.374486 0.815441
v 0.618409 2.324700 0.697433
v 0.662483 2.247036 0.598685
v 0.711283 2.146785 0.525927
v 0.761485 2.030780 0.484117
v 0.809667 1.906927 0.476106
v 0.852546 1.783665 0.502437
v 0.887199 1.669395 0.561318
v 0.911265 1.571905 0.648735
v 0.923105 1.497837 0.758732
v 0.921910 1.452240 0.883811
v 0.907763 1.438221 1.015450
v 0.881627 1.456735 1.144676
v 0.845284 1.506521 1.262684
v 0.801211 1.584185 1.361432
v 0.636166 1.641725 1.415957
v 0.579254 1.755404 1.455498
v 0.525721 1.877161 1.461405
v 0.479216 1.998698 1.433274
v 0.442907 2.111733 1.373023
v 0.419269 2.208563 1.284759
v 0.409913 2.282589 1.174495
v 0.415477 2.328765 1.049747
v 0.435581 2.343946 0.919015
v 0.468855 2.327097 0.791209
v 0.513032 2.279365 0.675039
v 0.565101 2.204004 0.578421
v 0.621514 2.106150 0.507940
v 0.678426 1.992471 0.468399
v 0.731958 1.870714 0.462493
v 0.778464 1.749177 0.490624
v 0.814772 1.636142 0.550874
v 0.838410 1.539312 0.639139
v 0.847766 1.465287 0.749403
v 0.842202 1.419110 0.874151
v 0.822098 1.403929 1.004883
v 0.788824 1.420779 1.132689
v 0.744647 1.468510 1.248859
v 0.692578 1.543871 1.345476
v 0.523560 1.594960 1.392245
v 0.460612 1.706271 1.429297
v 0.402294 1.825900 1.432923
v 0.352578 1.945695 1.402876
v 0.314854 2.057492 1.341202
v 0.291692 2.153673 1.252106
v 0.284671 2.227683 1.141658
v 0.294269 2.274478 1.017386
v 0.319832 2.290869 0.887759
v 0.359618 2.275739 0.761610
v 0.410916 2.230119 0.647537
v 0.470229 2.157119 0.553312
v 0.533516 2.061712 0.485358
v 0.596464 1.950402 0.448306
v 0.654783 1.830773 0.444680
v 0.704499 1.710977 0.474727
v 0.742223 1.599180 0.536401
v 0.765385 1.502999 0.625497
v 0.772406 1.428989 0.735945
v 0.762808 1.382195 0.860217
v 0.737245 1.365804 0.989844
v 0.697459 1.380933 1.115993
v 0.646161 1.426553 1.230066
v 0.586847 1.499553 1.324291
v 0.414735 1.544621 1.363671
v 0.346380 1.653565 1.398083
v 0.283798 1.771070 1.399308
v 0.231254 1.889128 1.367263
v 0.192330 1.999694 1.304133
v 0.169678 2.095233 1.214219
v 0.164841 2.169234 1.103648
v 0.178149 2.216654 0.979956
v 0.208696 2.234261 0.851573
v 0.254399 2.220856 0.727247
v 0.312145 2.177353 0.615452
v 0.377997 2.106715 0.523805
v 0.447468 2.013756 0.458552
v 0.515823 1.904813 0.424140
v 0.578405 1.787308 0.422915
v 0.630949 1.669250 0.454960
v 0.669873 1.558684 0.518090
v 0.692525 1.463145 0.608005
v 0.697362 1.389144 0.718575
v 0.684053 1.341724 0.842267
v 0.653507 1.324116 0.970650
v 0.607803 1.337521 1.094976
v 0.550058 1.381025 1.206772
v 0.484206 1.451663 1.298419
v 0.309731 1.491129 1.330810
v 0.236541 1.597738 1.362482
v 0.170172 1.713145 1.361229
v 0.115145 1.829486 1.327137
v 0.075211 1.938832 1.262528
v 0.053092 2.033730 1.171807
v 0.050294 2.107715 1.061155
v 0.067009 2.155743 0.938113
v 0.102097 2.174543 0.811067
v 0.153167 2.162832 0.688674
v 0.216739 2.121409 0.579275
v 0.288481 2.053097 0.490325
v 0.363503 1.962551 0.427887
v 0.436692 1.855942 0.396216
v 0.503062 1.740534 0.397469
v 0.558089 1.624194 0.431561
v 0.598023 1.514848 0.496169
v 0.620142 1.419949 0.586891
v 0.622940 1.345965 0.697542
v 0.606225 1.297936 0.820584
v 0.571137 1.279137 0.947631
v 0.520066 1.290848 1.070024
v 0.456494 1.332270 1.179423
v 0.384753 1.400583 1.268372
v 0.208518 1.434842 1.294181
v 0.131011 1.539169 1.323056
v 0.061280 1.652521 1.319280
v 0.004077 1.767173 1.283111
v -0.036699 1.875311 1.217015
v -0.058270 1.969566 1.125494
v -0.059166 2.043515 1.014786
v -0.039324 2.092119 0.892437
v -0.000099 2.112064 0.766783
v 0.055838 2.101991 0.646387
v 0.124674 2.062588 0.539456
v 0.201718 1.996540 0.453275
v 0.281720 1.908346 0.393718
v 0.359228 1.804019 0.364843
v 0.428959 1.690667 0.368619
v 0.486162 1.576015 0.404788
v 0.526938 1.467877 0.470885
v 0.548509 1.373621 0.562405
v 0.549404 1.299673 0.673113
v 0.529563 1.251069 0.795462
v 0.490337 1.231124 0.921116
v 0.434400 1.241197 1.041512
v 0.365564 1.280600 1.148443
v 0.288520 1.346648 1.234624
v 0.111022 1.376065 1.254251
v 0.029657 1.478175 1.280301
v -0.043058 1.589521 1.273982
v -0.102165 1.702517 1.235724
v -0.143638 1.809461 1.168135
v -0.164650 1.903065 1.075819
v -0.163769 1.976951 0.965070
v -0.141055 2.026083 0.843433
v -0.098056 2.047113 0.719198
v -0.037703 2.038607 0.600832
v 0.035893 2.001147 0.496402
v 0.117714 1.937283 0.413023
v 0.202186 1.851369 0.356378
v 0.283552 1.749259 0.330327
v 0.356266 1.637912 0.336646
v 0.415374 1.524917 0.374904
v 0.456847 1.417973 0.442494
v 0.477859 1.324368 0.534809
v 0.476978 1.250483 0.645559
v 0.454264 1.201351 0.767196
v 0.411265 1.180321 0.891430
v 0.350911 1.188826 1.009796
v 0.277316 1.226287 1.114227
v 0.195494 1.290151 1.197606
v 0.017139 1.315055 1.211431
v -0.067678 1.415016 1.234653
v -0.143041 1.524410 1.225787
v -0.203815 1.635783 1.185438
v -0.245858 1.741544 1.116356
v -0.266305 1.834486 1.023248
v -0.263763 1.908275 0.912459
v -0.238404 1.957882 0.791540
v -0.191957 1.979927 0.668731
v -0.127587 1.972908 0.552401
v -0.049681 1.937303 0.450478
v 0.036452 1.875537 0.369908
v 0.124942 1.791822 0.316181
v 0.209759 1.691861 0.292960
v 0.285123 1.582466 0.301825
v 0.345897 1.471093 0.342174
v 0.387940 1.365332 0.411257
v 0.408387 1.272391 0.504365
v 0.405844 1.198602 0.615153
v 0.380485 1.148994 0.736072
v 0.334038 1.126949 0.858881
v 0.269668 1.133968 0.975211
v 0.191762 1.169574 1.077134
v 0.105629 1.231339 1.157704
v -0.073251 1.252024 1.166087
v -0.161160 1.349907 1.186491
v -0.238879 1.457401 1.175087
v -0.301111 1.567183 1.132652
v -0.343614 1.671769 1.062080
v -0.363493 1.764034 0.968178
v -0.359392 1.837688 0.857347
v -0.331591 1.887713 0.737139
v -0.281985 1.910700 0.615746
v -0.213954 1.905082 0.501441
v -0.132134 1.871241 0.402014
v -0.042102 1.811485 0.324240
v 0.050008 1.729885 0.273420
v 0.137917 1.632003 0.253016
v 0.215636 1.524508 0.264420
v 0.277868 1.414727 0.306855
v 0.320371 1.310140 0.377427
v 0.340250 1.217876 0.471329
v 0.336149 1.144221 0.582160
v 0.308348 1.094196 0.702368
v 0.258742 1.071210 0.823761
v 0.190711 1.076828 0.938066
v 0.108891 1.110668 1.037493
v 0.018859 1.170424 1.115267
v -0.160271 1.187151 1.118543
v -0.250958 1.283022 1.136148
v -0.330774 1.388666 1.122221
v -0.394281 1.496885 1.077711
v -0.437149 1.600302 1.005652
v -0.456458 1.691870 0.910954
v -0.450892 1.765350 0.800070
v -0.420830 1.815732 0.680558
v -0.368321 1.839585 0.560561
v -0.296943 1.835283 0.448258
v -0.211560 1.803118 0.351301
v -0.117991 1.745282 0.276298
v -0.022614 1.665718 0.228361
v 0.068074 1.569847 0.210756
v 0.147890 1.464203 0.224683
v 0.211397 1.355984 0.269193
v 0.254265 1.252567 0.341252
v 0.273574 1.160999 0.435951
v 0.268008 1.087519 0.546834
v 0.237946 1.037136 0.666347
v 0.185437 1.013283 0.786343
v 0.114058 1.017586 0.898647
v 0.028676 1.049751 0.995603
v -0.064893 1.107586 1.070606
v -0.244046 1.120583 1.069084
v -0.337234 1.214505 1.083917
v -0.418922 1.318343 1.067487
v -0.483544 1.425022 1.020914
v -0.526695 1.527271 0.947371
v -0.545435 1.618122 0.851871
v -0.538486 1.691384 0.740921
v -0.506323 1.742064 0.622083
v -0.451137 1.766708 0.503456
v -0.376688 1.763637 0.393123
v -0.288052 1.733060 0.298603
v -0.191267 1.677061 0.226338
v -0.092929 1.599457 0.181253
v 0.000259 1.505535 0.166420
v 0.081947 1.401696 0.182851
v 0.146569 1.295018 0.229424
v 0.189720 1.192769 0.302966
v 0.208460 1.101918 0.398467
v 0.201512 1.028656 0.509416
v 0.169348 0.977976 0.628254
v 0.114162 0.953332 0.746882
v 0.039714 0.956402 0.857215
v -0.048923 0.986979 0.951735
v -0.145708 1.042978 1.023999
v -0.324696 1.052442 1.017965
v -0.420142 1.144471 1.030055
v -0.503504 1.246542 1.011143
v -0.569101 1.351699 0.962519
v -0.612463 1.452777 0.887496
v -0.630635 1.542886 0.791187
v -0.622379 1.615886 0.680155
v -0.588256 1.666803 0.561966
v -0.530593 1.692166 0.444676
v -0.453319 1.690246 0.336276
v -0.361700 1.661175 0.244155
v -0.261980 1.606935 0.174591
v -0.160954 1.531220 0.132323
v -0.065508 1.439191 0.120233
v 0.017854 1.337120 0.139145
v 0.083451 1.231963 0.187769
v 0.126813 1.130885 0.262792
v 0.144985 1.040776 0.359101
v 0.136728 0.967775 0.470133
v 0.102606 0.916859 0.588322
v 0.044942 0.891496 0.705612
v -0.032332 0.893416 0.814012
v -0.123951 0.922486 0.906132
v -0.223671 0.976727 0.975697
v -0.402334 0.982829 0.965411
v -0.499824 1.073013 0.974789
v -0.584686 1.173349 0.953418
v -0.651137 1.276997 0.902756
v -0.694648 1.376895 0.826254
v -0.712254 1.466236 0.729127
v -0.702755 1.538930 0.617993
v -0.666799 1.590023 0.500426
v -0.606836 1.616035 0.384438
v -0.526952 1.615191 0.277933
v -0.432591 1.587550 0.188170
v -0.330184 1.534995 0.121266
v -0.226710 1.461108 0.081779
v -0.129220 1.370924 0.072402
v -0.044358 1.270589 0.093773
v 0.022093 1.166941 0.144435
v 0.065604 1.067042 0.220937
v 0.083210 0.977702 0.318064
v 0.073711 0.905008 0.429198
v 0.037755 0.853914 0.546765
v -0.022209 0.827903 0.662753
v -0.102093 0.828746 0.769258
v -0.196453 0.856388 0.859021
v -0.298860 0.908942 0.925925
v -0.477066 0.911829 0.911629
v -0.576412 1.000208 0.918323
v -0.662621 1.098832 0.894514
v -0.729817 1.200977 0.841824
v -0.773423 1.299684 0.763844
v -0.790466 1.388226 0.665888
v -0.779784 1.460568 0.554632
v -0.742106 1.511780 0.437658
v -0.680000 1.538374 0.322936
v -0.597697 1.538535 0.218287
v -0.500806 1.512254 0.130840
v -0.395931 1.461321 0.066555
v -0.290219 1.389207 0.029814
v -0.190873 1.300827 0.023120
v -0.104665 1.202204 0.046930
v -0.037468 1.100058 0.099620
v 0.006138 1.001352 0.177600
v 0.023181 0.912810 0.275555
v 0.012499 0.840468 0.386811
v -0.025179 0.789255 0.503786
v -0.087286 0.762662 0.618507
v -0.169588 0.762501 0.723157
v -0.266479 0.788782 0.810604
v -0.371354 0.839715 0.874888
v -0.548986 0.839507 0.856803
v -0.650022 0.926115 0.860841
v -0.737443 1.023043 0.834612
v -0.805292 1.123686 0.779904
v -0.848945 1.221184 0.700444
v -0.865427 1.308893 0.601647
v -0.853616 1.380837 0.490247
v -0.814316 1.432112 0.373835
v -0.750204 1.459224 0.260345
v -0.665652 1.460326 0.157510
v -0.566419 1.435342 0.072339
v -0.459270 1.385974 0.010635
v -0.351506 1.315588 -0.023395
v -0.250471 1.228980 -0.027433
v -0.163050 1.132052 -0.001204
v -0.095201 1.031410 0.053504
v -0.051548 0.933912 0.132964
v -0.035065 0.846203 0.231761
v -0.046876 0.774259 0.343161
v -0.086177 0.722984 0.459573
v -0.150288 0.695872 0.573063
v -0.234841 0.694770 0.675898
v -0.334073 0.719754 0.761069
v -0.441222 0.769121 0.822773
v -0.618181 0.765922 0.801102
v -0.720759 0.850782 0.802510
v -0.809274 0.946022 0.773877
v -0.877692 1.045154 0.717157
v -0.921351 1.141421 0.636213
v -0.937277 1.228263 0.536562
v -0.924383 1.299761 0.424995
v -0.883549 1.351044 0.309116
v -0.817557 1.378615 0.196820
v -0.730905 1.380597 0.095762
v -0.629497 1.356855 0.012827
v -0.520245 1.309005 -0.046332
v -0.410594 1.240310 -0.077683
v -0.308016 1.155451 -0.079091
v -0.219501 1.060210 -0.050459
v -0.151083 0.961078 0.006262
v -0.107424 0.864811 0.087206
v -0.091498 0.777969 0.186857
v -0.104392 0.706471 0.298423
v -0.145226 0.655188 0.414303
v -0.211218 0.627617 0.526598
v -0.297870 0.625635 0.627657
v -0.399278 0.649377 0.710591
v -0.508530 0.697227 0.769750
v -0.684727 0.691117 0.744682
v -0.788718 0.774243 0.743481
v -0.878220 0.867797 0.712459
v -0.947134 0.965405 0.653730
v -0.990764 1.060413 0.571297
v -1.006136 1.146348 0.470777
v -0.992203 1.217352 0.359020
v -0.949915 1.268588 0.243643
v -0.882152 1.296564 0.132508
v -0.793534 1.299373 0.033188
v -0.690099 1.276823 -0.047546
v -0.578896 1.230452 -0.104195
v -0.467504 1.163420 -0.132897
v -0.363513 1.080294 -0.131696
v -0.274011 0.986740 -0.100674
v -0.205097 0.889132 -0.041945
v -0.161467 0.794124 0.040489
v -0.146095 0.708190 0.141009
v -0.160028 0.637185 0.252766
v -0.202317 0.585949 0.368143
v -0.270079 0.557973 0.479278
v -0.358697 0.555164 0.578597
v -0.462132 0.577714 0.659332
v -0.573335 0.624085 0.715980
v -0.748690 0.615130 0.687689
v -0.853978 0.696527 0.683898
v -0.944374 0.788387 0.650496
v -1.013720 0.884448 0.589760
v -1.057288 0.978165 0.505829
v -1.072111 1.063150 0.404423
v -1.057177 1.133612 0.292452
v -1.013505 1.184749 0.177547
v -0.944071 1.213077 0.067539
v -0.853606 1.216664 -0.030075
v -0.748276 1.195267 -0.108644
v -0.635258 1.150343 -0.162813
v -0.522255 1.084954 -0.188891
v -0.416968 1.003557 -0.185099
v -0.326571 0.911697 -0.151697
v -0.257226 0.815636 -0.090961
v -0.213657 0.721919 -0.007030
v -0.198835 0.636934 0.094376
v -0.213768 0.566472 0.206346
v -0.257440 0.515335 0.321251
v -0.326875 0.487007 0.431259
v -0.417340 0.483420 0.528874
v -0.522670 0.504817 0.607443
v -0.635688 0.549741 0.661612
v -0.810128 0.537988 0.630260
v -0.916609 0.617654 0.623893
v -1.007817 0.707802 0.588117
v -1.077536 0.802288 0.525372
v -1.121015 0.894674 0.439934
v -1.135292 0.978663 0.337623
v -1.119392 1.048532 0.225414
v -1.074401 1.099520 0.110953
v -1.003383 1.128150 0.002039
v -0.911178 1.132474 -0.093903
v -0.804071 1.112195 -0.170337
v -0.689360 1.068696 -0.222054
v -0.574862 1.004941 -0.245528
v -0.468381 0.925275 -0.239161
v -0.377173 0.835127 -0.203385
v -0.307454 0.740641 -0.140640
v -0.263975 0.648255 -0.055202
v -0.249698 0.564266 0.047109
v -0.265598 0.494397 0.159318
v -0.310589 0.443410 0.273779
v -0.381608 0.414779 0.382693
v -0.473812 0.410455 0.478635
v -0.580919 0.430734 0.555069
v -0.695631 0.474233 0.606786
v -0.869087 0.459715 0.572525
v -0.976670 0.537635 0.563592
v -1.068615 0.626046 0.525446
v -1.138656 0.718921 0.460687
v -1.182022 0.809931 0.373727
v -1.195756 0.892874 0.270494
v -1.178922 0.962097 0.158021
v -1.132668 1.012884 0.043974
v -1.060146 1.041773 -0.063874
v -0.966298 1.046795 -0.158175
v -0.857519 1.027608 -0.232502
v -0.741223 0.985520 -0.281790
v -0.625335 0.923399 -0.302679
v -0.517753 0.845478 -0.293746
v -0.425808 0.757068 -0.255600
v -0.355766 0.664193 -0.190840
v -0.312401 0.573183 -0.103881
v -0.298667 0.490240 -0.000647
v -0.315500 0.421016 0.111826
v -0.361754 0.370230 0.225873
v -0.434277 0.341341 0.333721
v -0.528125 0.336319 0.428022
v -0.636904 0.355505 0.502349
v -0.753200 0.397593 0.551636
v -0.925607 0.380326 0.514610
v -1.034208 0.456479 0.503118
v -1.126823 0.543117 0.462601
v -1.197142 0.634335 0.395818
v -1.240372 0.723918 0.307323
v -1.253566 0.805760 0.203144
v -1.235827 0.874284 0.090383
v -1.188363 0.924820 -0.023278
v -1.114408 0.953925 -0.130090
v -1.019003 0.959614 -0.222777
v -0.908648 0.941500 -0.295021
v -0.790865 0.900818 -0.341899
v -0.673680 0.840340 -0.360216
v -0.565080 0.764187 -0.348724
v -0.472465 0.677549 -0.308206
v -0.402146 0.586331 -0.241424
v -0.358916 0.496748 -0.152928
v -0.345721 0.414906 -0.048749
v -0.363460 0.346382 0.064012
v -0.410925 0.295846 0.177672
v -0.484880 0.266741 0.284485
v -0.580285 0.261052 0.377172
v -0.690640 0.279166 0.449415
v -0.808423 0.319848 0.496293
v -0.979717 0.299835 0.456638
v -1.089261 0.374187 0.442589
v -1.182486 0.459007 0.399694
v -1.253040 0.548515 0.330877
v -1.296115 0.636612 0.240827
v -1.308774 0.717293 0.135682
v -1.290155 0.785061 0.022605
v -1.241528 0.835297 -0.090696
v -1.166205 0.864577 -0.196500
v -1.069320 0.870907 -0.287597
v -0.957476 0.853855 -0.357779
v -0.838294 0.814583 -0.402262
v -0.719897 0.755767 -0.418017
v -0.610353 0.681415 -0.403968
v -0.517128 0.596595 -0.361073
v -0.446574 0.507087 -0.292256
v -0.403500 0.418990 -0.202206
v -0.390840 0.338309 -0.097061
v -0.409459 0.270541 0.016016
v -0.458087 0.220305 0.129317
v -0.533409 0.191024 0.235121
v -0.630294 0.184694 0.326218
v -0.742138 0.201747 0.396399
v -0.861320 0.241019 0.440883
v -1.031437 0.218250 0.398728
v -1.141857 0.290756 0.382120
v -1.235638 0.373703 0.336840
v -1.306389 0.461438 0.265973
v -1.349290 0.547982 0.174348
v -1.361416 0.627438 0.068211
v -1.341942 0.694390 -0.045207
v -1.292193 0.744276 -0.158175
v -1.215561 0.773696 -0.262996
v -1.117268 0.780645 -0.352526
v -1.004012 0.764650 -0.420663
v -0.883512 0.726801 -0.462764
v -0.763979 0.669677 -0.475961
v -0.653560 0.597171 -0.459353
v -0.559779 0.514224 -0.414073
v -0.489027 0.426489 -0.343206
v -0.446127 0.339944 -0.251581
v -0.434000 0.260489 -0.145444
v -0.453475 0.193537 -0.032026
v -0.503224 0.143651 0.080942
v -0.579855 0.114231 0.185763
v -0.678149 0.107281 0.275293
v -0.791404 0.123276 0.343430
v -0.911904 0.161126 0.385531
v -1.080779 0.135576 0.341001
v -1.192012 0.206181 0.321828
v -1.286298 0.287188 0.274149
v -1.357213 0.373077 0.201213
v -1.399924 0.457994 0.107992
v -1.411519 0.536152 0.000837
v -1.391210 0.602226 -0.112949
v -1.340379 0.651711 -0.225612
v -1.262491 0.681236 -0.329473
v -1.162854 0.688789 -0.417455
v -1.048258 0.673855 -0.483562
v -0.926513 0.637452 -0.523288
v -0.805914 0.582061 -0.533928
v -0.694682 0.511455 -0.514754
v -0.600395 0.430448 -0.467075
v -0.529481 0.344559 -0.394140
v -0.486770 0.259642 -0.300918
v -0.475175 0.181484 -0.193763
v -0.495484 0.115411 -0.079977
v -0.546315 0.065925 0.032685
v -0.624203 0.036400 0.136546
v -0.723840 0.028847 0.224528
v -0.838436 0.043781 0.290635
v -0.960181 0.080184 0.330362
v -1.127746 0.051816 0.283579
v -1.239735 0.120453 0.261830
v -1.334480 0.199442 0.211736
v -1.405526 0.283400 0.136709
v -1.448030 0.366606 0.041864
v -1.459096 0.443389 -0.066336
v -1.437971 0.508516 -0.180518
v -1.386093 0.557550 -0.292900
v -1.306997 0.587149 -0.395824
v -1.206076 0.595295 -0.482275
v -1.090205 0.581434 -0.546362
v -0.967281 0.546510 -0.583718
v -0.845682 0.492903 -0.591796
v -0.733693 0.424266 -0.570047
v -0.638948 0.345277 -0.519953
v -0.567902 0.261319 -0.444926
v -0.525398 0.178113 -0.350081
v -0.514332 0.101330 -0.241881
v -0.535457 0.036203 -0.127699
v -0.587335 -0.012831 -0.015317
v -0.666431 -0.042430 0.087607
v -0.767352 -0.050576 0.174058
v -0.883223 -0.036715 0.238145
v -1.006147 -0.001791 0.275501
v -1.172332 -0.033027 0.226586
v -1.285022 0.033560 0.202246
v -1.380183 0.110439 0.149715
v -1.451328 0.192370 0.072572
v -1.493611 0.273771 -0.023924
v -1.504149 0.349092 -0.133199
v -1.482223 0.413203 -0.247805
v -1.429329 0.461733 -0.359932
v -1.349071 0.491375 -0.461939
v -1.246919 0.500109 -0.546874
v -1.129833 0.487341 -0.608949
v -1.005794 0.453940 -0.643933
v -0.883253 0.402182 -0.649443
v -0.770563 0.335595 -0.625104
v -0.675402 0.258716 -0.572572
v -0.604257 0.176785 -0.495430
v -0.561974 0.095384 -0.398933
v -0.551437 0.020063 -0.289659
v -0.573362 -0.044048 -0.175053
v -0.626256 -0.092578 -0.062926
v -0.706514 -0.122220 0.039081
v -0.808666 -0.130954 0.124016
v -0.925752 -0.118186 0.186091
v -1.049792 -0.084785 0.221075
v -1.214521 -0.118954 0.170148
v -1.327862 -0.054511 0.143198
v -1.423396 0.020152 0.088206
v -1.494612 0.099947 0.008919
v -1.536656 0.179436 -0.089260
v -1.546664 0.253202 -0.199641
v -1.523954 0.316218 -0.314700
v -1.470072 0.364190 -0.426596
v -1.388692 0.393848 -0.527705
v -1.285359 0.403172 -0.611136
v -1.167114 0.391525 -0.671203
v -1.042017 0.359702 -0.703812
v -0.918592 0.309871 -0.706742
v -0.805251 0.245429 -0.679792
v -0.709717 0.170766 -0.624800
v -0.638501 0.090971 -0.545513
v -0.596457 0.011482 -0.447334
v -0.586449 -0.062284 -0.336954
v -0.609159 -0.125300 -0.221895
v -0.663041 -0.173272 -0.109998
v -0.744421 -0.202930 -0.008889
v -0.847754 -0.212254 0.074542
v -0.965999 -0.200607 0.134609
v -1.091096 -0.168784 0.167218
v -1.254288 -0.205963 0.114398
v -1.368231 -0.143776 0.084816
v -1.464097 -0.071451 0.027335
v -1.535353 0.006083 -0.054129
v -1.577143 0.083543 -0.154024
v -1.586618 0.155649 -0.265542
v -1.563134 0.217488 -0.381084
v -1.508291 0.264846 -0.492775
v -1.425825 0.294494 -0.593003
v -1.321357 0.304414 -0.674939
v -1.202007 0.293928 -0.732999
v -1.075908 0.263751 -0.763226
v -0.951652 0.215940 -0.763559
v -0.837709 0.153753 -0.733977
v -0.741843 0.081428 -0.676496
v -0.670587 0.003893 -0.595031
v -0.628797 -0.073566 -0.495137
v -0.619322 -0.145673 -0.383618
v -0.642806 -0.207512 -0.268077
v -0.697649 -0.254869 -0.156386
v -0.780115 -0.284518 -0.056158
v -0.884583 -0.294437 0.025778
v -1.003933 -0.283951 0.083838
v -1.130032 -0.253774 0.114065
v -1.291598 -0.294054 0.059477
v -1.406095 -0.234251 0.027236
v -1.502252 -0.164403 -0.032767
v -1.573517 -0.089269 -0.116443
v -1.615034 -0.013971 -0.218090
v -1.623972 0.056360 -0.330780
v -1.599723 0.116931 -0.446833
v -1.543939 0.163616 -0.558342
v -1.460423 0.193231 -0.657706
v -1.354864 0.203759 -0.738155
v -1.234458 0.194482 -0.794205
v -1.107409 0.166033 -0.822038
v -0.982376 0.120350 -0.819756
v -0.867880 0.060547 -0.787515
v -0.771723 -0.009302 -0.727512
v -0.700457 -0.084435 -0.643836
v -0.658941 -0.159733 -0.542190
v -0.650003 -0.230064 -0.429500
v -0.674252 -0.290636 -0.313446
v -0.730035 -0.337320 -0.201937
v -0.813552 -0.366935 -0.102573
v -0.919110 -0.377463 -0.022124
v -1.039517 -0.368186 0.033926
v -1.166565 -0.339737 0.061759
v -1.326408 -0.383224 0.005531
v -1.441409 -0.325952 -0.029399
v -1.537815 -0.258738 -0.091959
v -1.609056 -0.186165 -0.177884
v -1.650277 -0.113177 -0.281320
v -1.658670 -0.044748 -0.395216
v -1.633662 0.014458 -0.511812
v -1.576958 0.060406 -0.623162
v -1.492421 0.089966 -0.721677
v -1.385814 0.101122 -0.800643
v -1.264400 0.093115 -0.854680
v -1.136454 0.066490 -0.880104
v -1.010696 0.023062 -0.875184
v -0.895695 -0.034211 -0.840253
v -0.799289 -0.101424 -0.777694
v -0.728048 -0.173997 -0.691769
v -0.686826 -0.246985 -0.588333
v -0.678434 -0.315414 -0.474436
v -0.703441 -0.374620 -0.357840
v -0.760146 -0.420569 -0.246491
v -0.844683 -0.450128 -0.147976
v -0.951290 -0.461285 -0.069010
v -1.072704 -0.453277 -0.014973
v -1.200650 -0.426652 0.010451
v -1.358662 -0.473466 -0.047283
v -1.474115 -0.418893 -0.084935
v -1.570724 -0.354495 -0.150088
v -1.641905 -0.284660 -0.238303
v -1.682807 -0.214148 -0.343566
v -1.690643 -0.147763 -0.458706
v -1.664878 -0.090031 -0.575874
v -1.607269 -0.044884 -0.687087
v -1.521741 -0.015400 -0.784766
v -1.414123 -0.003588 -0.862253
v -1.291749 -0.010254 -0.914268
v -1.162959 -0.034942 -0.937267
v -1.036529 -0.075970 -0.929681
v -0.921075 -0.130543 -0.892029
v -0.824466 -0.194941 -0.826876
v -0.753285 -0.264776 -0.738661
v -0.712383 -0.335288 -0.633398
v -0.704548 -0.401672 -0.518258
v -0.730312 -0.459405 -0.401090
v -0.787922 -0.504552 -0.289877
v -0.873450 -0.534036 -0.192198
v -0.981068 -0.545847 -0.114711
v -1.103441 -0.539182 -0.062696
v -1.232232 -0.514494 -0.039697
v -1.388293 -0.564769 -0.098795
v -1.504144 -0.513088 -0.139204
v -1.600907 -0.451709 -0.206991
v -1.671986 -0.384815 -0.297535
v -1.712539 -0.316965 -0.404667
v -1.719800 -0.252782 -0.521085
v -1.693276 -0.196640 -0.638856
v -1.634775 -0.152366 -0.749954
v -1.548282 -0.122976 -0.846807
v -1.439692 -0.110474 -0.922816
v -1.316405 -0.115712 -0.972800
v -1.186824 -0.138331 -0.993354
v -1.059779 -0.176792 -0.983075
v -0.943928 -0.228473 -0.942666
v -0.847165 -0.289852 -0.874879
v -0.776086 -0.356746 -0.784335
v -0.735533 -0.424597 -0.677203
v -0.728272 -0.488780 -0.560785
v -0.754796 -0.544921 -0.443014
v -0.813297 -0.589195 -0.331916
v -0.899790 -0.618585 -0.235063
v -1.008380 -0.631087 -0.159054
v -1.131666 -0.625850 -0.109070
v -1.261248 -0.603230 -0.088516
v -1.415224 -0.657116 -0.148823
v -1.531413 -0.608546 -0.192025
v -1.628273 -0.550418 -0.262485
v -1.699202 -0.486692 -0.355401
v -1.739368 -0.421711 -0.464441
v -1.746033 -0.359905 -0.582174
v -1.718743 -0.305485 -0.700576
v -1.659357 -0.262159 -0.811578
v -1.571923 -0.232880 -0.907617
v -1.462399 -0.219644 -0.982147
v -1.338249 -0.223352 -1.030089
v -1.207934 -0.243753 -1.048175
v -1.080334 -0.279454 -1.035174
v -0.964145 -0.328024 -0.991972
v -0.867285 -0.386153 -0.921511
v -0.796356 -0.449879 -0.828596
v -0.756190 -0.514859 -0.719556
v -0.749525 -0.576666 -0.601823
v -0.776815 -0.631086 -0.483421
v -0.836201 -0.674412 -0.372419
v -0.923635 -0.703690 -0.276380
v -1.033159 -0.716926 -0.201850
v -1.157309 -0.713218 -0.153908
v -1.287624 -0.692818 -0.135822
v -1.439366 -0.750483 -0.197169
v -1.555824 -0.705272 -0.243201
v -1.652715 -0.650654 -0.316375
v -1.723438 -0.590352 -0.411702
v -1.763172 -0.528476 -0.522688
v -1.769210 -0.469241 -0.641769
v -1.741139 -0.416685 -0.760829
v -1.680874 -0.374390 -0.871755
v -1.592520 -0.345237 -0.966987
v -1.482100 -0.331213 -1.040036
v -1.357138 -0.333275 -1.085923
v -1.226150 -0.351281 -1.101521
v -1.098063 -0.384005 -1.085767
v -0.981605 -0.429216 -1.039735
v -0.884713 -0.483833 -0.966562
v -0.813991 -0.544135 -0.871234
v -0.774257 -0.606011 -0.760248
v -0.768219 -0.665246 -0.641167
v -0.796290 -0.717802 -0.522107
v -0.856555 -0.760097 -0.411181
v -0.944908 -0.789250 -0.315949
v -1.055329 -0.803274 -0.242900
v -1.180291 -0.801212 -0.197014
v -1.311279 -0.783206 -0.181416
v -1.460616 -0.844831 -0.243620
v -1.577263 -0.803260 -0.292515
v -1.674110 -0.752449 -0.368438
v -1.744557 -0.695859 -0.466215
v -1.783802 -0.637348 -0.579182
v -1.789172 -0.580902 -0.699642
v -1.760300 -0.530369 -0.819384
v -1.699154 -0.489192 -0.930249
v -1.609901 -0.460177 -1.024681
v -1.498623 -0.445302 -1.096245
v -1.372905 -0.445580 -1.140064
v -1.241312 -0.460993 -1.153152
v -1.112814 -0.490490 -1.134617
v -0.996167 -0.532060 -1.085722
v -0.899320 -0.582872 -1.009799
v -0.828874 -0.639461 -0.912023
v -0.789629 -0.697973 -0.799055
v -0.784259 -0.754418 -0.678596
v -0.813131 -0.804951 -0.558854
v -0.874277 -0.846128 -0.447989
v -0.963530 -0.875143 -0.353557
v -1.074807 -0.890018 -0.281992
v -1.200526 -0.889740 -0.238173
v -1.332118 -0.874327 -0.225085
v -1.478861 -0.940110 -0.287942
v -1.595604 -0.902498 -0.339728
v -1.692313 -0.855824 -0.418432
v -1.762398 -0.803270 -0.518689
v -1.801084 -0.748416 -0.633667
v -1.805733 -0.695001 -0.755530
v -1.776029 -0.646666 -0.875974
v -1.713995 -0.606703 -0.986790
v -1.623861 -0.577836 -1.080427
v -1.511767 -0.562034 -1.150503
v -1.385354 -0.560371 -1.192243
v -1.253235 -0.572963 -1.202802
v -1.124415 -0.598950 -1.181462
v -1.007672 -0.636562 -1.129675
v -0.910963 -0.683236 -1.050971
v -0.840877 -0.735790 -0.950714
v -0.802192 -0.790644 -0.835736
v -0.797543 -0.844059 -0.713873
v -0.827247 -0.892395 -0.593429
v -0.889280 -0.932358 -0.482613
v -0.979415 -0.961224 -0.388976
v -1.091509 -0.977027 -0.318900
v -1.217922 -0.978689 -0.277160
v -1.350041 -0.966097 -0.266601
v -1.493973 -1.036252 -0.329879
v -1.610698 -1.002957 -0.384578
v -1.707158 -0.960793 -0.466084
v -1.776778 -0.912636 -0.568842
v -1.814814 -0.861766 -0.685850
v -1.818674 -0.811650 -0.809134
v -1.788095 -0.765704 -0.930292
v -1.725161 -0.727059 -1.041068
v -1.634161 -0.698348 -1.133911
v -1.521296 -0.681528 -1.202496
v -1.394257 -0.677745 -1.242149
v -1.261703 -0.687257 -1.250166
v -1.132666 -0.709416 -1.226002
v -1.015941 -0.742711 -1.171303
v -0.919481 -0.784875 -1.089797
v -0.849861 -0.833032 -0.987039
v -0.811825 -0.883902 -0.870031
v -0.807965 -0.934018 -0.746747
v -0.838544 -0.979964 -0.625589
v -0.901478 -1.018609 -0.514813
v -0.992478 -1.047320 -0.421969
v -1.105343 -1.064141 -0.353384
v -1.232382 -1.067923 -0.313732
v -1.364936 -1.058411 -0.305715
v -1.505814 -1.133167 -0.369157
v -1.622385 -1.104589 -0.426774
v -1.718457 -1.067353 -0.511089
v -1.787483 -1.023995 -0.616355
v -1.824757 -0.977471 -0.735399
v -1.827741 -0.930952 -0.860109
v -1.796231 -0.887607 -0.981984
v -1.732374 -0.850390 -1.092721
v -1.640522 -0.821837 -1.184772
v -1.526934 -0.803896 -1.251864
v -1.399352 -0.797787 -1.289424
v -1.266470 -0.803927 -1.294895
v -1.137343 -0.821899 -1.267901
v -1.020771 -0.850477 -1.210284
v -0.924699 -0.887713 -1.125969
v -0.855674 -0.931071 -1.020703
v -0.818399 -0.977595 -0.901659
v -0.815415 -1.024114 -0.776949
v -0.846925 -1.067459 -0.655074
v -0.910782 -1.104676 -0.544337
v -1.002634 -1.133229 -0.452286
v -1.116222 -1.151171 -0.385195
v -1.243804 -1.157279 -0.347634
v -1.376687 -1.151139 -0.342164
v -1.514233 -1.230738 -0.405476
v -1.630484 -1.207325 -0.465998
v -1.725999 -1.175478 -0.553108
v -1.794270 -1.137367 -0.660867
v -1.830643 -1.095589 -0.781933
v -1.832639 -1.052992 -0.908056
v -1.800124 -1.012478 -1.030639
v -1.735312 -0.976808 -1.141330
v -1.642621 -0.948413 -1.232585
v -1.528367 -0.929229 -1.298185
v -1.400337 -0.920562 -1.333659
v -1.267255 -0.923003 -1.336591
v -1.138190 -0.936386 -1.306780
v -1.021939 -0.959798 -1.246257
v -0.926424 -0.991645 -1.159148
v -0.858154 -1.029756 -1.051389
v -0.821781 -1.071534 -0.930323
v -0.819784 -1.114132 -0.804200
v -0.852299 -1.154646 -0.681617
v -0.917111 -1.190315 -0.570926
v -1.009802 -1.218710 -0.479671
v -1.124056 -1.237895 -0.414071
v -1.252087 -1.246562 -0.378596
v -1.385169 -1.244121 -0.375665
v -1.519073 -1.328817 -0.438515
v -1.634799 -1.311063 -0.501901
v -1.729549 -1.285115 -0.591760
v -1.796865 -1.252741 -0.701968
v -1.832161 -1.216147 -0.825014
v -1.833032 -1.177827 -0.952514
v -1.799417 -1.140392 -1.075778
v -1.733607 -1.106394 -1.186407
v -1.640088 -1.078150 -1.276860
v -1.525232 -1.057584 -1.340974
v -1.396868 -1.046097 -1.374380
v -1.263741 -1.044474 -1.374800
v -1.134926 -1.052823 -1.342207
v -1.019201 -1.070577 -1.278821
v -0.924451 -1.096525 -1.188963
v -0.857134 -1.128899 -1.078755
v -0.821838 -1.165493 -0.955708
v -0.820968 -1.203813 -0.828208
v -0.854583 -1.241248 -0.704944
v -0.920393 -1.275246 -0.594316
v -1.013912 -1.303490 -0.503863
v -1.128767 -1.324057 -0.439748
v -1.257132 -1.335543 -0.406343
v -1.390258 -1.337167 -0.405922
v -1.520169 -1.427221 -0.467934
v -1.635120 -1.415665 -0.534102
v -1.728848 -1.396169 -0.626625
v -1.794966 -1.370063 -0.739196
v -1.828968 -1.339125 -0.864144
v -1.828538 -1.305463 -0.992954
v -1.793704 -1.271373 -1.116849
v -1.726840 -1.239176 -1.227384
v -1.632504 -1.211067 -1.317027
v -1.517123 -1.188961 -1.379669
v -1.388561 -1.174366 -1.411041
v -1.255579 -1.168275 -1.409005
v -1.127240 -1.171104 -1.373699
v -1.012290 -1.182660 -1.307531
v -0.918562 -1.202156 -1.215009
v -0.852444 -1.228262 -1.102438
v -0.818441 -1.259200 -0.977489
v -0.818872 -1.292862 -0.848679
v -0.853706 -1.326952 -0.724785
v -0.920569 -1.359149 -0.614250
v -1.014906 -1.387258 -0.524607
v -1.130287 -1.409364 -0.461965
v -1.258848 -1.423959 -0.430593
v -1.391830 -1.430050 -0.432629
v -1.517354 -1.525726 -0.493373
v -1.631224 -1.520945 -0.562192
v -1.723618 -1.508494 -0.657239
v -1.788238 -1.489221 -0.772035
v -1.820682 -1.464439 -0.898758
v -1.818737 -1.435838 -1.028771
v -1.782537 -1.405365 -1.153215
v -1.714548 -1.375098 -1.263609
v -1.619404 -1.347100 -1.352430
v -1.503589 -1.323278 -1.413625
v -1.374995 -1.305257 -1.443023
v -1.242386 -1.294263 -1.438621
v -1.114799 -1.291047 -1.400719
v -1.000929 -1.295827 -1.331900
v -0.908535 -1.308278 -1.236854
v -0.843915 -1.327551 -1.122057
v -0.811471 -1.352333 -0.995335
v -0.813416 -1.380935 -0.865321
v -0.849616 -1.411408 -0.740877
v -0.917605 -1.441674 -0.630483
v -1.012749 -1.469673 -0.541662
v -1.128564 -1.493494 -0.480467
v -1.257158 -1.511516 -0.451069
v -1.389767 -1.522509 -0.455471
v -1.510463 -1.624065 -0.514465
v -1.622886 -1.626666 -0.585737
v -1.713568 -1.621876 -0.683098
v -1.776329 -1.610023 -0.799914
v -1.806892 -1.591912 -0.928223
v -1.803175 -1.568780 -1.059282
v -1.765430 -1.542202 -1.184159
v -1.696229 -1.513989 -1.294344
v -1.600290 -1.486065 -1.382328
v -1.484149 -1.460332 -1.442116
v -1.355722 -1.438543 -1.469631
v -1.223760 -1.422185 -1.463001
v -1.097257 -1.412370 -1.422675
v -0.984834 -1.409769 -1.351403
v -0.894152 -1.414559 -1.254042
v -0.831391 -1.426413 -1.137226
v -0.800828 -1.444523 -1.008917
v -0.804546 -1.467655 -0.877858
v -0.842291 -1.494233 -0.752981
v -0.911492 -1.522446 -0.642796
v -1.007431 -1.550370 -0.554812
v -1.123572 -1.576104 -0.495025
v -1.251999 -1.597892 -0.467509
v -1.383961 -1.614251 -0.474140
v -1.499343 -1.721930 -0.530838
v -1.609882 -1.732525 -0.604283
v -1.698404 -1.736017 -0.703667
v -1.758876 -1.732169 -0.822215
v -1.787178 -1.721242 -0.951849
v -1.781380 -1.703980 -1.083735
v -1.741878 -1.681562 -1.208884
v -1.671363 -1.655513 -1.318769
v -1.574642 -1.627610 -1.405900
v -1.458306 -1.599754 -1.464339
v -1.330282 -1.573843 -1.490105
v -1.199295 -1.551643 -1.481442
v -1.074272 -1.534667 -1.438938
v -0.963734 -1.524072 -1.365493
v -0.875212 -1.520579 -1.266109
v -0.814739 -1.524428 -1.147561
v -0.786438 -1.535355 -1.017927
v -0.792236 -1.552616 -0.886041
v -0.831738 -1.575035 -0.760892
v -0.902252 -1.601084 -0.651007
v -0.998973 -1.628987 -0.563876
v -1.115310 -1.656843 -0.505437
v -1.243334 -1.682754 -0.479671
v -1.374320 -1.704954 -0.488334
v -1.483854 -1.818971 -0.542129
v -1.592000 -1.838152 -0.617376
v -1.677840 -1.850520 -0.718390
v -1.735524 -1.855231 -0.838288
v -1.761123 -1.851965 -0.968900
v -1.752890 -1.840945 -1.101324
v -1.711387 -1.822920 -1.226536
v -1.639443 -1.799120 -1.336003
v -1.541960 -1.771167 -1.422265
v -1.425581 -1.740966 -1.479443
v -1.298238 -1.710574 -1.503640
v -1.168609 -1.682063 -1.493208
v -1.045528 -1.657376 -1.448858
v -0.937383 -1.638195 -1.373612
v -0.851542 -1.625827 -1.272598
v -0.793858 -1.621116 -1.152699
v -0.768260 -1.624382 -1.022087
v -0.776492 -1.635403 -0.889663
v -0.817995 -1.653427 -0.764451
v -0.889939 -1.677227 -0.654984
v -0.987422 -1.705180 -0.568723
v -1.103801 -1.735381 -0.511545
v -1.231144 -1.765773 -0.487347
v -1.360773 -1.794284 -0.497779
v -1.463881 -1.914805 -0.548000
v -1.569056 -1.943103 -0.624569
v -1.651624 -1.964872 -0.726716
v -1.705958 -1.978627 -0.847480
v -1.728356 -1.983431 -0.978631
v -1.717291 -1.978957 -1.111232
v -1.673517 -1.965510 -1.236245
v -1.600017 -1.944006 -1.345152
v -1.501801 -1.915910 -1.430531
v -1.385560 -1.883138 -1.486563
v -1.259218 -1.847922 -1.509429
v -1.131384 -1.812663 -1.497572
v -1.010769 -1.779763 -1.451800
v -0.905594 -1.751465 -1.375231
v -0.823026 -1.729697 -1.273084
v -0.768692 -1.715942 -1.152320
v -0.746294 -1.711138 -1.021169
v -0.757359 -1.715611 -0.888568
v -0.801133 -1.729059 -0.763555
v -0.874633 -1.750563 -0.654648
v -0.972849 -1.778658 -0.569269
v -1.089089 -1.811431 -0.513237
v -1.215432 -1.846646 -0.490371
v -1.343266 -1.881905 -0.502228
v -1.439336 -2.009022 -0.548146
v -1.540908 -2.046862 -0.625454
v -1.619561 -2.078441 -0.728128
v -1.669933 -2.101605 -0.849171
v -1.688593 -2.114776 -0.980334
v -1.674269 -2.117057 -1.112678
v -1.627937 -2.108291 -1.237185
v -1.552754 -2.089077 -1.345369
v -1.453845 -2.060724 -1.429858
v -1.337949 -2.025164 -1.484894
v -1.212964 -1.984820 -1.506726
v -1.087409 -1.942441 -1.493867
v -0.969839 -1.900917 -1.447193
v -0.868267 -1.863076 -1.369885
v -0.789615 -1.831498 -1.267210
v -0.739243 -1.808333 -1.146167
v -0.720582 -1.795162 -1.015005
v -0.734906 -1.792882 -0.882660
v -0.781239 -1.801647 -0.758154
v -0.856421 -1.820861 -0.649970
v -0.955331 -1.849215 -0.565481
v -1.071227 -1.884775 -0.510445
v -1.196211 -1.925119 -0.488613
v -1.321766 -1.967497 -0.501472
v -1.410170 -2.101195 -0.542311
v -1.507474 -2.148849 -0.619683
v -1.581538 -2.190481 -0.722185
v -1.627314 -2.223253 -0.842833
v -1.641682 -2.244933 -0.973404
v -1.623664 -2.254042 -1.105001
v -1.574488 -2.249960 -1.228656
v -1.497503 -2.232966 -1.335940
v -1.397958 -2.204217 -1.419544
v -1.282635 -2.165672 -1.473770
v -1.159395 -2.119958 -1.494921
v -1.036635 -2.070192 -1.481558
v -0.922721 -2.019763 -1.434590
v -0.825416 -1.972109 -1.357219
v -0.751352 -1.930477 -1.254717
v -0.705576 -1.897705 -1.134069
v -0.691208 -1.876025 -1.003497
v -0.709226 -1.866916 -0.871900
v -0.758403 -1.870998 -0.748246
v -0.835387 -1.887992 -0.640961
v -0.934932 -1.916742 -0.557358
v -1.050255 -1.955286 -0.503132
v -1.173496 -2.001000 -0.481980
v -1.296256 -2.050767 -0.495343
v -1.376370 -2.190892 -0.530304
v -1.468744 -2.248433 -0.606995
v -1.537555 -2.300152 -0.708561
v -1.578111 -2.342525 -0.828081
v -1.587651 -2.372663 -0.957411
v -1.565523 -2.388514 -1.087735
v -1.513236 -2.388997 -1.210174
v -1.434353 -2.374078 -1.316382
v -1.334249 -2.344776 -1.399123
v -1.219747 -2.303085 -1.452757
v -1.098650 -2.251849 -1.473629
v -0.979210 -2.194558 -1.460318
v -0.869567 -2.135116 -1.413729
v -0.777193 -2.077575 -1.337039
v -0.708383 -2.025856 -1.235473
v -0.667826 -1.983484 -1.115952
v -0.658286 -1.953345 -0.986623
v -0.680414 -1.937494 -0.856299
v -0.732701 -1.937011 -0.733860
v -0.811584 -1.951930 -0.627651
v -0.911688 -1.981232 -0.544911
v -1.026190 -2.022923 -0.491277
v -1.147287 -2.074159 -0.470404
v -1.266727 -2.131450 -0.483716
v -1.337973 -2.277674 -0.512008
v -1.424796 -2.344954 -0.587245
v -1.487735 -2.406561 -0.687088
v -1.522503 -2.458298 -0.804731
v -1.526729 -2.496638 -0.932158
v -1.500127 -2.518968 -1.060684
v -1.444507 -2.523767 -1.181551
v -1.363662 -2.510708 -1.286522
v -1.263101 -2.480681 -1.368444
v -1.149676 -2.435731 -1.421732
v -1.031117 -2.378923 -1.442757
v -0.915504 -2.314127 -1.430085
v -0.810716 -2.245760 -1.384579
v -0.723894 -2.178480 -1.309341
v -0.660954 -2.116873 -1.209499
v -0.626186 -2.065137 -1.091856
v -0.621960 -2.026797 -0.964429
v -0.648563 -2.004466 -0.835902
v -0.704182 -1.999667 -0.715035
v -0.785027 -2.012726 -0.610064
v -0.885589 -2.042754 -0.528143
v -0.999014 -2.087703 -0.474854
v -1.117572 -2.144511 -0.453830
v -1.233185 -2.209307 -0.466502
v -1.295067 -2.361107 -0.487388
v -1.375795 -2.437754 -0.560420
v -1.432335 -2.508817 -0.657778
v -1.460835 -2.569454 -0.772826
v -1.459353 -2.615533 -0.897726
v -1.427988 -2.643913 -1.023965
v -1.368880 -2.652660 -1.142940
v -1.286055 -2.641179 -1.246543
v -1.185158 -2.610250 -1.327714
v -1.073066 -2.561984 -1.380921
v -0.957417 -2.499667 -1.402538
v -0.846092 -2.427548 -1.391093
v -0.746678 -2.350541 -1.347364
v -0.665950 -2.273895 -1.274332
v -0.609409 -2.202831 -1.176974
v -0.580909 -2.142194 -1.061925
v -0.582392 -2.096115 -0.937026
v -0.613756 -2.067735 -0.810787
v -0.672865 -2.058988 -0.691812
v -0.755690 -2.070470 -0.588209
v -0.856586 -2.101398 -0.507038
v -0.968678 -2.149665 -0.453831
v -1.084328 -2.211981 -0.432214
v -1.195653 -2.284100 -0.443659
v -1.247794 -2.440760 -0.456507
v -1.321994 -2.526203 -0.526644
v -1.371726 -2.606086 -0.620830
v -1.393600 -2.674964 -0.732645
v -1.386125 -2.728144 -0.854471
v -1.349812 -2.762002 -0.978003
v -1.287134 -2.774231 -1.094825
v -1.202363 -2.763996 -1.196975
v -1.101276 -2.731996 -1.277491
v -0.990762 -2.680411 -1.330887
v -0.878353 -2.612757 -1.353523
v -0.771708 -2.533645 -1.343857
v -0.678096 -2.448464 -1.302548
v -0.603895 -2.363022 -1.232411
v -0.554164 -2.283139 -1.138225
v -0.532290 -2.214261 -1.026410
v -0.539764 -2.161080 -0.904584
v -0.576078 -2.127222 -0.781052
v -0.638756 -2.114994 -0.664230
v -0.723526 -2.125228 -0.562080
v -0.824613 -2.157228 -0.481564
v -0.935127 -2.208813 -0.428169
v -1.047537 -2.276467 -0.405532
v -1.154182 -2.355580 -0.415198
v -1.196357 -2.516220 -0.419524
v -1.263721 -2.609734 -0.486179
v -1.306367 -2.697642 -0.576615
v -1.321390 -2.773955 -0.684671
v -1.307765 -2.833472 -0.802982
v -1.266422 -2.872136 -0.923486
v -1.200177 -2.887314 -1.037970
v -1.113546 -2.877970 -1.138633
v -1.012431 -2.844741 -1.218615
v -0.903724 -2.789892 -1.272464
v -0.794833 -2.717161 -1.296512
v -0.693178 -2.631504 -1.289119
v -0.605688 -2.538759 -1.250790
v -0.538325 -2.445246 -1.184135
v -0.495678 -2.357337 -1.093699
v -0.480655 -2.281024 -0.985643
v -0.494280 -2.221507 -0.867332
v -0.535623 -2.182843 -0.746828
v -0.601868 -2.167665 -0.632344
v -0.688500 -2.177009 -0.531681
v -0.789615 -2.210238 -0.451700
v -0.898322 -2.265087 -0.397850
v -1.007213 -2.337818 -0.373802
v -1.108867 -2.423475 -0.381195
v -1.141012 -2.587100 -0.376694
v -1.201354 -2.687860 -0.439397
v -1.236770 -2.782906 -0.525637
v -1.244847 -2.865760 -0.629538
v -1.225035 -2.930776 -0.744019
v -1.178684 -2.973522 -0.861278
v -1.108952 -2.991087 -0.973323
v -1.020591 -2.982273 -1.072521
v -0.919624 -2.947681 -1.152109
v -0.812930 -2.889668 -1.206665
v -0.707782 -2.812187 -1.232471
v -0.611344 -2.720519 -1.227767
v -0.530189 -2.620911 -1.192875
v -0.469847 -2.520151 -1.130173
v -0.434430 -2.425106 -1.043932
v -0.426353 -2.342252 -0.940031
v -0.446165 -2.277236 -0.825551
v -0.492517 -2.234489 -0.708292
v -0.562249 -2.216924 -0.596246
v -0.650609 -2.225738 -0.497049
v -0.751577 -2.260331 -0.417460
v -0.858270 -2.318344 -0.362904
v -0.963419 -2.395824 -0.337099
v -1.059857 -2.487492 -0.341802
v -1.082054 -2.653055 -0.328355
v -1.135300 -2.760195 -0.386761
v -1.163458 -2.861450 -0.468491
v -1.164611 -2.949922 -0.567974
v -1.138679 -3.019580 -0.678431
v -1.087429 -3.065677 -0.792334
v -1.014354 -3.085072 -0.901921
v -0.924435 -3.076443 -0.999724
v -0.823798 -3.040379 -1.079077
v -0.719303 -2.979336 -1.134574
v -0.618070 -2.897475 -1.162431
v -0.526998 -2.800375 -1.160751
v -0.452293 -2.694653 -1.129648
v -0.399047 -2.587513 -1.071242
v -0.370889 -2.486257 -0.989512
v -0.369736 -2.397786 -0.890029
v -0.395668 -2.328128 -0.779572
v -0.446918 -2.282031 -0.665669
v -0.519992 -2.262635 -0.556082
v -0.609912 -2.271264 -0.458279
v -0.710549 -2.307329 -0.378926
v -0.815044 -2.368371 -0.323429
v -0.916277 -2.450232 -0.295572
v -1.007349 -2.547332 -0.297252
v -1.019806 -2.713790 -0.274910
v -1.065971 -2.826445 -0.328789
v -1.086937 -2.932996 -0.405815
v -1.081276 -3.026179 -0.500736
v -1.049375 -3.099646 -0.607086
v -0.993406 -3.148389 -0.717617
v -0.917184 -3.169087 -0.824795
v -0.825903 -3.160329 -0.921317
v -0.725785 -3.122713 -1.000606
v -0.623651 -3.058800 -1.057257
v -0.526463 -2.972948 -1.087410
v -0.440843 -2.871007 -1.089010
v -0.372626 -2.759924 -1.061949
v -0.326461 -2.647268 -1.008070
v -0.305495 -2.540718 -0.931045
v -0.311155 -2.447534 -0.836123
v -0.343057 -2.374068 -0.729773
v -0.399026 -2.325324 -0.619242
v -0.475248 -2.304626 -0.512064
v -0.566529 -2.313384 -0.415542
v -0.666647 -2.351001 -0.336254
v -0.768781 -2.414913 -0.279602
v -0.865969 -2.500765 -0.249449
v -0.951589 -2.602707 -0.247849
v -0.954600 -2.769069 -0.216809
v -0.993763 -2.886412 -0.266026
v -1.007669 -2.997386 -0.338253
v -0.995372 -3.094427 -0.428571
v -0.957710 -3.170923 -0.530822
v -0.897249 -3.221660 -0.638039
v -0.818109 -3.243181 -0.742916
v -0.725683 -3.234019 -0.838304
v -0.626271 -3.194798 -0.917705
v -0.526647 -3.128192 -0.975705
v -0.433601 -3.038740 -1.008354
v -0.353472 -2.932537 -1.013426
v -0.291723 -2.816821 -0.990575
v -0.252560 -2.699478 -0.941358
v -0.238653 -2.588504 -0.869130
v -0.250950 -2.491463 -0.778813
v -0.288613 -2.414967 -0.676562
v -0.349074 -2.364230 -0.569345
v -0.428214 -2.342709 -0.464468
v -0.520639 -2.351871 -0.369079
v -0.620051 -2.391091 -0.289679
v -0.719675 -2.457697 -0.231678
v -0.812722 -2.547150 -0.199030
v -0.892850 -2.653353 -0.193958
v -0.886761 -2.818709 -0.154522
v -0.919042 -2.939968 -0.199014
v -0.926064 -3.054559 -0.266431
v -0.907348 -3.154674 -0.352176
v -0.864170 -3.233488 -0.450406
v -0.799473 -3.285633 -0.554428
v -0.717665 -3.307553 -0.657153
v -0.624321 -3.297755 -0.751580
v -0.525804 -3.256907 -0.831273
v -0.428825 -3.187792 -0.890803
v -0.339995 -3.095121 -0.926111
v -0.265368 -2.985208 -0.934793
v -0.210028 -2.865545 -0.916255
v -0.177747 -2.744286 -0.871763
v -0.170725 -2.629695 -0.804347
v -0.189441 -2.529581 -0.718602
v -0.232618 -2.450766 -0.620371
v -0.297316 -2.398622 -0.516349
v -0.379124 -2.376702 -0.413624
v -0.472467 -2.386500 -0.319198
v -0.570985 -2.427348 -0.239504
v -0.667963 -2.496462 -0.179975
v -0.756793 -2.589134 -0.144666
v -0.831421 -2.699046 -0.135985
v -0.816597 -2.862575 -0.088524
v -0.842137 -2.987042 -0.128285
v -0.842470 -3.104519 -0.190930
v -0.817574 -3.207000 -0.272190
v -0.769144 -3.287500 -0.366528
v -0.700481 -3.340535 -0.467514
v -0.616265 -3.362489 -0.568266
v -0.522234 -3.351867 -0.661918
v -0.424797 -3.309392 -0.742089
v -0.330594 -3.237959 -0.803314
v -0.246044 -3.142436 -0.841421
v -0.176910 -3.029333 -0.853813
v -0.127903 -2.906357 -0.839646
v -0.102363 -2.781890 -0.799885
v -0.102030 -2.664413 -0.737239
v -0.126926 -2.561932 -0.655979
v -0.175356 -2.481431 -0.561642
v -0.244019 -2.428397 -0.460656
v -0.328235 -2.406443 -0.359903
v -0.422266 -2.417065 -0.266251
v -0.519703 -2.459540 -0.186080
v -0.613906 -2.530973 -0.124856
v -0.698456 -2.626496 -0.086749
v -0.767590 -2.739599 -0.074356
v -0.744389 -2.900567 -0.019281
v -0.763335 -3.027600 -0.054337
v -0.757181 -3.147304 -0.112289
v -0.726346 -3.251522 -0.189187
v -0.672932 -3.333150 -0.279791
v -0.600578 -3.386626 -0.377927
v -0.514215 -3.408306 -0.476905
v -0.419729 -3.396713 -0.569982
v -0.323558 -3.352636 -0.650815
v -0.232258 -3.279078 -0.713894
v -0.152049 -3.181054 -0.754921
v -0.088398 -3.065244 -0.771100
v -0.045642 -2.939538 -0.761328
v -0.026696 -2.812505 -0.726271
v -0.032850 -2.692801 -0.668320
v -0.063685 -2.588583 -0.591421
v -0.117099 -2.506955 -0.500817
v -0.189454 -2.453479 -0.402682
v -0.275816 -2.431799 -0.303703
v -0.370303 -2.443392 -0.210626
v -0.466473 -2.487469 -0.129794
v -0.557773 -2.561026 -0.066715
v -0.637982 -2.659051 -0.025688
v -0.701633 -2.774861 -0.009509
v -0.670391 -2.932611 0.052759
v -0.682884 -3.061627 0.022360
v -0.670437 -3.182968 -0.030997
v -0.633900 -3.288363 -0.103676
v -0.575763 -3.370631 -0.190725
v -0.499987 -3.424164 -0.286210
v -0.411736 -3.445315 -0.383626
v -0.317025 -3.432642 -0.476333
v -0.222308 -3.387010 -0.558014
v -0.134039 -3.311527 -0.623101
v -0.058235 -3.211337 -0.667160
v -0.000061 -3.093269 -0.687188
v 0.036519 -2.965369 -0.681819
v 0.049011 -2.836352 -0.651421
v 0.036565 -2.715012 -0.598064
v 0.000028 -2.609617 -0.525385
v -0.058109 -2.527349 -0.438336
v -0.133886 -2.473816 -0.342850
v -0.222136 -2.452665 -0.245435
v -0.316847 -2.465337 -0.152728
v -0.411565 -2.510970 -0.071047
v -0.499833 -2.586453 -0.005960
v -0.575637 -2.686642 0.038099
v -0.633812 -2.804710 0.058127
v -0.594829 -2.958643 0.127166
v -0.600992 -3.089112 0.101371
v -0.582433 -3.211557 0.052502
v -0.540417 -3.317634 -0.016111
v -0.477807 -3.400114 -0.099791
v -0.398869 -3.453377 -0.192835
v -0.308984 -3.473792 -0.288904
v -0.214276 -3.459969 -0.381450
v -0.121200 -3.412848 -0.464166
v -0.036099 -3.335643 -0.531415
v 0.035227 -3.233613 -0.578615
v 0.087919 -3.113712 -0.602549
v 0.118385 -2.984112 -0.601585
v 0.124548 -2.853644 -0.575789
v 0.105989 -2.731199 -0.526920
v 0.063973 -2.625121 -0.458308
v 0.001363 -2.542641 -0.374628
v -0.077575 -2.489378 -0.281583
v -0.167460 -2.468963 -0.185515
v -0.262168 -2.482786 -0.092969
v -0.355244 -2.529907 -0.010253
v -0.440345 -2.607112 0.056997
v -0.511671 -2.709142 0.104196
v -0.564363 -2.829043 0.128130
v -0.517899 -2.978602 0.203536
v -0.517839 -3.110033 0.182289
v -0.493328 -3.233099 0.137800
v -0.446037 -3.339415 0.073101
v -0.379189 -3.421735 -0.007398
v -0.297339 -3.474449 -0.098212
v -0.206066 -3.493965 -0.193152
v -0.111588 -3.478952 -0.285748
v -0.020345 -3.430434 -0.369690
v 0.061444 -3.351718 -0.439257
v 0.128207 -3.248167 -0.489708
v 0.175394 -3.126839 -0.517605
v 0.199788 -2.996002 -0.521048
v 0.199728 -2.864571 -0.499801
v 0.175217 -2.741505 -0.455312
v 0.127926 -2.635189 -0.390613
v 0.061078 -2.552869 -0.310114
v -0.020772 -2.500155 -0.219300
v -0.112046 -2.480639 -0.124360
v -0.206523 -2.495652 -0.031764
v -0.297766 -2.544169 0.052178
v -0.379555 -2.622886 0.121745
v -0.446318 -2.726436 0.172196
v -0.493505 -2.847765 0.200093
v -0.439779 -2.992417 0.281480
v -0.433577 -3.124350 0.264732
v -0.403251 -3.247593 0.224521
v -0.350870 -3.353747 0.163588
v -0.280001 -3.435578 0.086084
v -0.195476 -3.487508 -0.002708
v -0.103054 -3.506000 -0.096738
v -0.009033 -3.489792 -0.189597
v 0.080179 -3.439990 -0.274957
v 0.158502 -3.359987 -0.347002
v 0.220599 -3.255235 -0.400821
v 0.262238 -3.132874 -0.432746
v 0.280581 -3.001241 -0.440603
v 0.274379 -2.869308 -0.423855
v 0.244054 -2.746065 -0.383644
v 0.191672 -2.639911 -0.322710
v 0.120804 -2.558080 -0.245207
v 0.036278 -2.506150 -0.156414
v -0.056144 -2.487658 -0.062385
v -0.150165 -2.503866 0.030474
v -0.239376 -2.553668 0.115835
v -0.317699 -2.633671 0.187879
v -0.379796 -2.738423 0.241698
v -0.421435 -2.860784 0.273623
v -0.360624 -3.000000 0.360624
v -0.348336 -3.131998 0.348336
v -0.312310 -3.255000 0.312310
v -0.255000 -3.360624 0.255000
v -0.180312 -3.441673 0.180312
v -0.093336 -3.492622 0.093336
v -0.000000 -3.510000 -0.000000
v 0.093336 -3.492622 -0.093336
v 0.180312 -3.441673 -0.180312
v 0.255000 -3.360624 -0.255000
v 0.312310 -3.255000 -0.312310
v 0.348336 -3.131998 -0.348336
v 0.360624 -3.000000 -0.360624
v 0.348336 -2.868002 -0.348336
v 0.312310 -2.745000 -0.312310
v 0.255000 -2.639376 -0.255000
v 0.180312 -2.558327 -0.180312
v 0.093336 -2.507378 -0.093336
v -0.000000 -2.490000 -0.000000
v -0.093336 -2.507378 0.093336
v -0.180312 -2.558327 0.180312
v -0.255000 -2.639376 0.255000
v -0.312310 -2.745000 0.312310
v -0.348336 -2.868002 0.348336
v -0.280581 -3.001241 0.440603
v -0.262238 -3.132874 0.432746
v -0.220599 -3.255235 0.400821
v -0.158502 -3.359987 0.347002
v -0.080179 -3.439990 0.274957
v 0.009033 -3.489792 0.189597
v 0.103054 -3.506000 0.096738
v 0.195476 -3.487508 0.002708
v 0.280001 -3.435578 -0.086084
v 0.350870 -3.353747 -0.163588
v 0.403251 -3.247593 -0.224521
v 0.433577 -3.124350 -0.264732
v 0.439779 -2.992417 -0.281480
v 0.421435 -2.860784 -0.273623
v 0.379796 -2.738423 -0.241698
v 0.317699 -2.633671 -0.187879
v 0.239376 -2.553668 -0.115835
v 0.150165 -2.503866 -0.030474
v 0.056144 -2.487658 0.062385
v -0.036278 -2.506150 0.156414
v -0.120804 -2.558080 0.245207
v -0.191672 -2.639911 0.322710
v -0.244054 -2.746065 0.383644
v -0.274379 -2.869308 0.423855
v -0.199788 -2.996002 0.521048
v -0.175394 -3.126839 0.517605
v -0.128207 -3.248167 0.489708
v -0.061444 -3.351718 0.439257
v 0.020345 -3.430434 0.369690
v 0.111588 -3.478952 0.285748
v 0.206066 -3.493965 0.193152
v 0.297339 -3.474449 0.098212
v 0.379189 -3.421735 0.007398
v 0.446037 -3.339415 -0.073101
v 0.493328 -3.233099 -0.137800
v 0.517839 -3.110033 -0.182289
v 0.517899 -2.978602 -0.203536
v 0.493505 -2.847765 -0.200093
v 0.446318 -2.726436 -0.172196
v 0.379555 -2.622886 -0.121745
v 0.297766 -2.544169 -0.052178
v 0.206523 -2.495652 0.031764
v 0.112046 -2.480639 0.124360
v 0.020772 -2.500155 0.219300
v -0.061078 -2.552869 0.310114
v -0.127926 -2.635189 0.390613
v -0.175217 -2.741505 0.455312
v -0.199728 -2.864571 0.499801
v -0.118385 -2.984112 0.601585
v -0.087919 -3.113712 0.602549
v -0.035227 -3.233613 0.578615
v 0.036099 -3.335643 0.531415
v 0.121200 -3.412848 0.464166
v 0.214276 -3.459969 0.381450
v 0.308984 -3.473792 0.288904
v 0.398869 -3.453377 0.192835
v 0.477807 -3.400114 0.099791
v 0.540417 -3.317634 0.016111
v 0.582433 -3.211557 -0.052502
v 0.600992 -3.089112 -0.101371
v 0.594829 -2.958643 -0.127166
v 0.564363 -2.829043 -0.128130
v 0.511671 -2.709142 -0.104196
v 0.440345 -2.607112 -0.056997
v 0.355244 -2.529907 0.010253
v 0.262168 -2.482786 0.092969
v 0.167460 -2.468963 0.185515
v 0.077575 -2.489378 0.281583
v -0.001363 -2.542641 0.374628
v -0.063973 -2.625121 0.458308
v -0.105989 -2.731199 0.526920
v -0.124548 -2.853644 0.575789
v -0.036519 -2.965369 0.681819
v 0.000061 -3.093269 0.687188
v 0.058235 -3.211337 0.667160
v 0.134039 -3.311527 0.623101
v 0.222308 -3.387010 0.558014
v 0.317025 -3.432642 0.476333
v 0.411736 -3.445315 0.383626
v 0.499987 -3.424164 0.286210
v 0.575763 -3.370631 0.190725
v 0.633900 -3.288363 0.103676
v 0.670437 -3.182968 0.030997
v 0.682884 -3.061627 -0.022360
v 0.670391 -2.932611 -0.052759
v 0.633812 -2.804710 -0.058127
v 0.575637 -2.686642 -0.038099
v 0.499833 -2.586453 0.005960
v 0.411565 -2.510970 0.071047
v 0.316847 -2.465337 0.152728
v 0.222136 -2.452665 0.245435
v 0.133886 -2.473816 0.342850
v 0.058109 -2.527349 0.438336
v -0.000028 -2.609617 0.525385
v -0.036565 -2.715012 0.598064
v -0.049011 -2.836352 0.651421
v 0.045642 -2.939538 0.761328
v 0.088398 -3.065244 0.771100
v 0.152049 -3.181054 0.754921
v 0.232258 -3.279078 0.713894
v 0.323558 -3.352636 0.650815
v 0.419729 -3.396713 0.569982
v 0.514215 -3.408306 0.476905
v 0.600578 -3.386626 0.377927
v 0.672932 -3.333150 0.279791
v 0.726346 -3.251522 0.189187
v 0.757181 -3.147304 0.112289
v 0.763335 -3.027600 0.054337
v 0.744389 -2.900567 0.019281
v 0.701633 -2.774861 0.009509
v 0.637982 -2.659051 0.025688
v 0.557773 -2.561026 0.066715
v 0.466473 -2.487469 0.129794
v 0.370303 -2.443392 0.210626
v 0.275816 -2.431799 0.303703
v 0.189454 -2.453479 0.402682
v 0.117099 -2.506955 0.500817
v 0.063685 -2.588583 0.591421
v 0.032850 -2.692801 0.668320
v 0.026696 -2.812505 0.726271
v 0.127903 -2.906357 0.839646
v 0.176910 -3.029333 0.853813
v 0.246044 -3.142436 0.841421
v 0.330594 -3.237959 0.803314
v 0.424797 -3.309392 0.742089
v 0.522234 -3.351867 0.661918
v 0.616265 -3.362489 0.568266
v 0.700481 -3.340535 0.467514
v 0.769144 -3.287500 0.366528
v 0.817574 -3.207000 0.272190
v 0.842470 -3.104519 0.190930
v 0.842137 -2.987042 0.128285
v 0.816597 -2.862575 0.088524
v 0.767590 -2.739599 0.074356
v 0.698456 -2.626496 0.086749
v 0.613906 -2.530973 0.124856
v 0.519703 -2.459540 0.186080
v 0.422266 -2.417065 0.266251
v 0.328235 -2.406443 0.359903
v 0.244019 -2.428397 0.460656
v 0.175356 -2.481431 0.561642
v 0.126926 -2.561932 0.655979
v 0.102030 -2.664413 0.737239
v 0.102363 -2.781890 0.799885
v 0.210028 -2.865545 0.916255
v 0.265368 -2.985208 0.934793
v 0.339995 -3.095121 0.926111
v 0.428825 -3.187792 0.890803
v 0.525804 -3.256907 0.831273
v 0.624321 -3.297755 0.751580
v 0.717665 -3.307553 0.657153
v 0.799473 -3.285633 0.554428
v 0.864170 -3.233488 0.450406
v 0.907348 -3.154674 0.352176
v 0.926064 -3.054559 0.266431
v 0.919042 -2.939968 0.199014
v 0.886761 -2.818709 0.154522
v 0.831421 -2.699046 0.135985
v 0.756793 -2.589134 0.144666
v 0.667963 -2.496462 0.179975
v 0.570985 -2.427348 0.239504
v 0.472467 -2.386500 0.319198
v 0.379124 -2.376702 0.413624
v 0.297316 -2.398622 0.516349
v 0.232618 -2.450766 0.620371
v 0.189441 -2.529581 0.718602
v 0.170725 -2.629695 0.804347
v 0.177747 -2.744286 0.871763
v 0.291723 -2.816821 0.990575
v 0.353472 -2.932537 1.013426
v 0.433601 -3.038740 1.008354
v 0.526647 -3.128192 0.975705
v 0.626271 -3.194798 0.917705
v 0.725683 -3.234019 0.838304
v 0.818109 -3.243181 0.742916
v 0.897249 -3.221660 0.638039
v 0.957710 -3.170923 0.530822
v 0.995372 -3.094427 0.428571
v 1.007669 -2.997386 0.338253
v 0.993763 -2.886412 0.266026
v 0.954600 -2.769069 0.216809
v 0.892850 -2.653353 0.193958
v 0.812722 -2.547150 0.199030
v 0.719675 -2.457697 0.231678
v 0.620051 -2.391091 0.289679
v 0.520639 -2.351871 0.369079
v 0.428214 -2.342709 0.464468
v 0.349074 -2.364230 0.569345
v 0.288613 -2.414967 0.676562
v 0.250950 -2.491463 0.778813
v 0.238653 -2.588504 0.869130
v 0.252560 -2.699478 0.941358
v 0.372626 -2.759924 1.061949
v 0.440843 -2.871007 1.089010
v 0.526463 -2.972948 1.087410
v 0.623651 -3.058800 1.057257
v 0.725785 -3.122713 1.000606
v 0.825903 -3.160329 0.921317
v 0.917184 -3.169087 0.824795
v 0.993406 -3.148389 0.717617
v 1.049375 -3.099646 0.607086
v 1.081276 -3.026179 0.500736
v 1.086937 -2.932996 0.405815
v 1.065971 -2.826445 0.328789
v 1.019806 -2.713790 0.274910
v 0.951589 -2.602707 0.247849
v 0.865969 -2.500765 0.249449
v 0.768781 -2.414913 0.279602
v 0.666647 -2.351001 0.336254
v 0.566529 -2.313384 0.415542
v 0.475248 -2.304626 0.512064
v 0.399026 -2.325324 0.619242
v 0.343057 -2.374068 0.729773
v 0.311155 -2.447534 0.836123
v 0.305495 -2.540718 0.931045
v 0.326461 -2.647268 1.008070
v 0.452293 -2.694653 1.129648
v 0.526998 -2.800375 1.160751
v 0.618070 -2.897475 1.162431
v 0.719303 -2.979336 1.134574
v 0.823798 -3.040379 1.079077
v 0.924435 -3.076443 0.999724
v 1.014354 -3.085072 0.901921
v 1.087429 -3.065677 0.792334
v 1.138679 -3.019580 0.678431
v 1.164611 -2.949922 0.567974
v 1.163458 -2.861450 0.468491
v 1.135300 -2.760195 0.386761
v 1.082054 -2.653055 0.328355
v 1.007349 -2.547332 0.297252
v 0.916277 -2.450232 0.295572
v 0.815044 -2.368371 0.323429
v 0.710549 -2.307329 0.378926
v 0.609912 -2.271264 0.458279
v 0.519992 -2.262635 0.556082
v 0.446918 -2.282031 0.665669
v 0.395668 -2.328128 0.779572
v 0.369736 -2.397786 0.890029
v 0.370889 -2.486257 0.989512
v 0.399047 -2.587513 1.071242
v 0.530189 -2.620911 1.192875
v 0.611344 -2.720519 1.227767
v 0.707782 -2.812187 1.232471
v 0.812930 -2.889668 1.206665
v 0.919624 -2.947681 1.152109
v 1.020591 -2.982273 1.072521
v 1.108952 -2.991087 0.973323
v 1.178684 -2.973522 0.861278
v 1.225035 -2.930776 0.744019
v 1.244847 -2.865760 0.629538
v 1.236770 -2.782906 0.525637
v 1.201354 -2.687860 0.439397
v 1.141012 -2.587100 0.376694
v 1.059857 -2.487492 0.341802
v 0.963419 -2.395824 0.337099
v 0.858270 -2.318344 0.362904
v 0.751577 -2.260331 0.417460
v 0.650609 -2.225738 0.497049
v 0.562249 -2.216924 0.596246
v 0.492517 -2.234489 0.708292
v 0.446165 -2.277236 0.825551
v 0.426353 -2.342252 0.940031
v 0.434430 -2.425106 1.043932
v 0.469847 -2.520151 1.130173
v 0.605688 -2.538759 1.250790
v 0.693178 -2.631504 1.289119
v 0.794833 -2.717161 1.296512
v 0.903724 -2.789892 1.272464
v 1.012431 -2.844741 1.218615
v 1.113546 -2.877970 1.138633
v 1.200177 -2.887314 1.037970
v 1.266422 -2.872136 0.923486
v 1.307765 -2.833472 0.802982
v 1.321390 -2.773955 0.684671
v 1.306367 -2.697642 0.576615
v 1.263721 -2.609734 0.486179
v 1.196357 -2.516220 0.419524
v 1.108867 -2.423475 0.381195
v 1.007213 -2.337818 0.373802
v 0.898322 -2.265087 0.397850
v 0.789615 -2.210238 0.451700
v 0.688500 -2.177009 0.531681
v 0.601868 -2.167665 0.632344
v 0.535623 -2.182843 0.746828
v 0.494280 -2.221507 0.867332
v 0.480655 -2.281024 0.985643
v 0.495678 -2.357337 1.093699
v 0.538325 -2.445246 1.184135
v 0.678096 -2.448464 1.302548
v 0.771708 -2.533645 1.343857
v 0.878353 -2.612757 1.353523
v 0.990762 -2.680411 1.330887
v 1.101276 -2.731996 1.277491
v 1.202363 -2.763996 1.196975
v 1.287134 -2.774231 1.094825
v 1.349812 -2.762002 0.978003
v 1.386125 -2.728144 0.854471
v 1.393600 -2.674964 0.732645
v 1.371726 -2.606086 0.620830
v 1.321994 -2.526203 0.526644
v 1.247794 -2.440760 0.456507
v 1.154182 -2.355580 0.415198
v 1.047537 -2.276467 0.405532
v 0.935127 -2.208813 0.428169
v 0.824613 -2.157228 0.481564
v 0.723526 -2.125228 0.562080
v 0.638756 -2.114994 0.664230
v 0.576078 -2.127222 0.781052
v 0.539764 -2.161080 0.904584
v 0.532290 -2.214261 1.026410
v 0.554164 -2.283139 1.138225
v 0.603895 -2.363022 1.232411
v 0.746678 -2.350541 1.347364
v 0.846092 -2.427548 1.391093
v 0.957417 -2.499667 1.402538
v 1.073066 -2.561984 1.380921
v 1.185158 -2.610250 1.327714
v 1.286055 -2.641179 1.246543
v 1.368880 -2.652660 1.142940
v 1.427988 -2.643913 1.023965
v 1.459353 -2.615533 0.897726
v 1.460835 -2.569454 0.772826
v 1.432335 -2.508817 0.657778
v 1.375795 -2.437754 0.560420
v 1.295067 -2.361107 0.487388
v 1.195653 -2.284100 0.443659
v 1.084328 -2.211981 0.432214
v 0.968678 -2.149665 0.453831
v 0.856586 -2.101398 0.507038
v 0.755690 -2.070470 0.588209
v 0.672865 -2.058988 0.691812
v 0.613756 -2.067735 0.810787
v 0.582392 -2.096115 0.937026
v 0.580909 -2.142194 1.061925
v 0.609409 -2.202831 1.176974
v 0.665950 -2.273895 1.274332
v 0.810716 -2.245760 1.384579
v 0.915504 -2.314127 1.430085
v 1.031117 -2.378923 1.442757
v 1.149676 -2.435731 1.421732
v 1.263101 -2.480681 1.368444
v 1.363662 -2.510708 1.286522
v 1.444507 -2.523767 1.181551
v 1.500127 -2.518968 1.060684
v 1.526729 -2.496638 0.932158
v 1.522503 -2.458298 0.804731
v 1.487735 -2.406561 0.687088
v 1.424796 -2.344954 0.587245
v 1.337973 -2.277674 0.512008
v 1.233185 -2.209307 0.466502
v 1.117572 -2.144511 0.453830
v 0.999014 -2.087703 0.474854
v 0.885589 -2.042754 0.528143
v 0.785027 -2.012726 0.610064
v 0.704182 -1.999667 0.715035
v 0.648563 -2.004466 0.835902
v 0.621960 -2.026797 0.964429
v 0.626186 -2.065137 1.091856
v 0.660954 -2.116873 1.209499
v 0.723894 -2.178480 1.309341
v 0.869567 -2.135116 1.413729
v 0.979210 -2.194558 1.460318
v 1.098650 -2.251849 1.473629
v 1.219747 -2.303085 1.452757
v 1.334249 -2.344776 1.399123
v 1.434353 -2.374078 1.316382
v 1.513236 -2.388997 1.210174
v 1.565523 -2.388514 1.087735
v 1.587651 -2.372663 0.957411
v 1.578111 -2.342525 0.828081
v 1.537555 -2.300152 0.708561
v 1.468744 -2.248433 0.606995
v 1.376370 -2.190892 0.530304
v 1.266727 -2.131450 0.483716
v 1.147287 -2.074159 0.470404
v 1.026190 -2.022923 0.491277
v 0.911688 -1.981232 0.544911
v 0.811584 -1.951930 0.627651
v 0.732701 -1.937011 0.733860
v 0.680414 -1.937494 0.856299
v 0.658286 -1.953345 0.986623
v 0.667826 -1.983484 1.115952
v 0.708383 -2.025856 1.235473
v 0.777193 -2.077575 1.337039
v 0.922721 -2.019763 1.434590
v 1.036635 -2.070192 1.481558
v 1.159395 -2.119958 1.494921
v 1.282635 -2.165672 1.473770
v 1.397958 -2.204217 1.419544
v 1.497503 -2.232966 1.335940
v 1.574488 -2.249960 1.228656
v 1.623664 -2.254042 1.105001
v 1.641682 -2.244933 0.973404
v 1.627314 -2.223253 0.842833
v 1.581538 -2.190481 0.722185
v 1.507474 -2.148849 0.619683
v 1.410170 -2.101195 0.542311
v 1.296256 -2.050767 0.495343
v 1.173496 -2.001000 0.481980
v 1.050255 -1.955286 0.503132
v 0.934932 -1.916742 0.557358
v 0.835387 -1.887992 0.640961
v 0.758403 -1.870998 0.748246
v 0.709226 -1.866916 0.871900
v 0.691208 -1.876025 1.003497
v 0.705576 -1.897705 1.134069
v 0.751352 -1.930477 1.254717
v 0.825416 -1.972109 1.357219
v 0.969839 -1.900917 1.447193
v 1.087409 -1.942441 1.493867
v 1.212964 -1.984820 1.506726
v 1.337949 -2.025164 1.484894
v 1.453845 -2.060724 1.429858
v 1.552754 -2.089077 1.345369
v 1.627937 -2.108291 1.237185
v 1.674269 -2.117057 1.112678
v 1.688593 -2.114776 0.980334
v 1.669933 -2.101605 0.849171
v 1.619561 -2.078441 0.728128
v 1.540908 -2.046862 0.625454
v 1.439336 -2.009022 0.548146
v 1.321766 -1.967497 0.501472
v 1.196211 -1.925119 0.488613
v 1.071227 -1.884775 0.510445
v 0.955331 -1.849215 0.565481
v 0.856421 -1.820861 0.649970
v 0.781239 -1.801647 0.758154
v 0.734906 -1.792882 0.882660
v 0.720582 -1.795162 1.015005
v 0.739243 -1.808333 1.146167
v 0.789615 -1.831498 1.267210
v 0.868267 -1.863076 1.369885
v 1.010769 -1.779763 1.451800
v 1.131384 -1.812663 1.497572
v 1.259218 -1.847922 1.509429
v 1.385560 -1.883138 1.486563
v 1.501801 -1.915910 1.430531
v 1.600017 -1.944006 1.345152
v 1.673517 -1.965510 1.236245
v 1.717291 -1.978957 1.111232
v 1.728356 -1.983431 0.978631
v 1.705958 -1.978627 0.847480
v 1.651624 -1.964872 0.726716
v 1.569056 -1.943103 0.624569
v 1.463881 -1.914805 0.548000
v 1.343266 -1.881905 0.502228
v 1.215432 -1.846646 0.490371
v 1.089089 -1.811431 0.513237
v 0.972849 -1.778658 0.569269
v 0.874633 -1.750563 0.654648
v 0.801133 -1.729059 0.763555
v 0.757359 -1.715611 0.888568
v 0.746294 -1.711138 1.021169
v 0.768692 -1.715942 1.152320
v 0.823026 -1.729697 1.273084
v 0.905594 -1.751465 1.375231
v 1.045528 -1.657376 1.448858
v 1.168609 -1.682063 1.493208
v 1.298238 -1.710574 1.503640
v 1.425581 -1.740966 1.479443
v 1.541960 -1.771167 1.422265
v 1.639443 -1.799120 1.336003
v 1.711387 -1.822920 1.226536
v 1.752890 -1.840945 1.101324
v 1.761123 -1.851965 0.968900
v 1.735524 -1.855231 0.838288
v 1.677840 -1.850520 0.718390
v 1.592000 -1.838152 0.617376
v 1.483854 -1.818971 0.542129
v 1.360773 -1.794284 0.497779
v 1.231144 -1.765773 0.487347
v 1.103801 -1.735381 0.511545
v 0.987422 -1.705180 0.568723
v 0.889939 -1.677227 0.654984
v 0.817995 -1.653427 0.764451
v 0.776492 -1.635403 0.889663
v 0.768260 -1.624382 1.022087
v 0.793858 -1.621116 1.152699
v 0.851542 -1.625827 1.272598
v 0.937383 -1.638195 1.373612
v 1.074272 -1.534667 1.438938
v 1.199295 -1.551643 1.481442
v 1.330282 -1.573843 1.490105
v 1.458306 -1.599754 1.464339
v 1.574642 -1.627610 1.405900
v 1.671363 -1.655513 1.318769
v 1.741878 -1.681562 1.208884
v 1.781380 -1.703980 1.083735
v 1.787178 -1.721242 0.951849
v 1.758876 -1.732169 0.822215
v 1.698404 -1.736017 0.703667
v 1.609882 -1.732525 0.604283
v 1.499343 -1.721930 0.530838
v 1.374320 -1.704954 0.488334
v 1.243334 -1.682754 0.479671
v 1.115310 -1.656843 0.505437
v 0.998973 -1.628987 0.563876
v 0.902252 -1.601084 0.651007
v 0.831738 -1.575035 0.760892
v 0.792236 -1.552616 0.886041
v 0.786438 -1.535355 1.017927
v 0.814739 -1.524428 1.147561
v 0.875212 -1.520579 1.266109
v 0.963734 -1.524072 1.365493
v 1.097257 -1.412370 1.422675
v 1.223760 -1.422185 1.463001
v 1.355722 -1.438543 1.469631
v 1.484149 -1.460332 1.442116
v 1.600290 -1.486065 1.382328
v 1.696229 -1.513989 1.294344
v 1.765430 -1.542202 1.184159
v 1.803175 -1.568780 1.059282
v 1.806892 -1.591912 0.928223
v 1.776329 -1.610023 0.799914
v 1.713568 -1.621876 0.683098
v 1.622886 -1.626666 0.585737
v 1.510463 -1.624065 0.514465
v 1.383961 -1.614251 0.474140
v 1.251999 -1.597892 0.467509
v 1.123572 -1.576104 0.495025
v 1.007431 -1.550370 0.554812
v 0.911492 -1.522446 0.642796
v 0.842291 -1.494233 0.752981
v 0.804546 -1.467655 0.877858
v 0.800828 -1.444523 1.008917
v 0.831391 -1.426413 1.137226
v 0.894152 -1.414559 1.254042
v 0.984834 -1.409769 1.351403
v 1.114799 -1.291047 1.400719
v 1.242386 -1.294263 1.438621
v 1.374995 -1.305257 1.443023
v 1.503589 -1.323278 1.413625
v 1.619404 -1.347100 1.352430
v 1.714548 -1.375098 1.263609
v 1.782537 -1.405365 1.153215
v 1.818737 -1.435838 1.028771
v 1.820682 -1.464439 0.898758
v 1.788238 -1.489221 0.772035
v 1.723618 -1.508494 0.657239
v 1.631224 -1.520945 0.562192
v 1.517354 -1.525726 0.493373
v 1.389767 -1.522509 0.455471
v 1.257158 -1.511516 0.451069
v 1.128564 -1.493494 0.480467
v 1.012749 -1.469673 0.541662
v 0.917605 -1.441674 0.630483
v 0.849616 -1.411408 0.740877
v 0.813416 -1.380935 0.865321
v 0.811471 -1.352333 0.995335
v 0.843915 -1.327551 1.122057
v 0.908535 -1.308278 1.236854
v 1.000929 -1.295827 1.331900
v 1.127240 -1.171104 1.373699
v 1.255579 -1.168275 1.409005
v 1.388561 -1.174366 1.411041
v 1.517123 -1.188961 1.379669
v 1.632504 -1.211067 1.317027
v 1.726840 -1.239176 1.227384
v 1.793704 -1.271373 1.116849
v 1.828538 -1.305463 0.992954
v 1.828968 -1.339125 0.864144
v 1.794966 -1.370063 0.739196
v 1.728848 -1.396169 0.626625
v 1.635120 -1.415665 0.534102
v 1.520169 -1.427221 0.467934
v 1.391830 -1.430050 0.432629
v 1.258848 -1.423959 0.430593
v 1.130287 -1.409364 0.461965
v 1.014906 -1.387258 0.524607
v 0.920569 -1.359149 0.614250
v 0.853706 -1.326952 0.724785
v 0.818872 -1.292862 0.848679
v 0.818441 -1.259200 0.977489
v 0.852444 -1.228262 1.102438
v 0.918562 -1.202156 1.215009
v 1.012290 -1.182660 1.307531
v 1.134926 -1.052823 1.342207
v 1.263741 -1.044474 1.374800
v 1.396868 -1.046097 1.374380
v 1.525232 -1.057584 1.340974
v 1.640088 -1.078150 1.276860
v 1.733607 -1.106394 1.186407
v 1.799417 -1.140392 1.075778
v 1.833032 -1.177827 0.952514
v 1.832161 -1.216147 0.825014
v 1.796865 -1.252741 0.701968
v 1.729549 -1.285115 0.591760
v 1.634799 -1.311063 0.501901
v 1.519073 -1.328817 0.438515
v 1.390258 -1.337167 0.405922
v 1.257132 -1.335543 0.406343
v 1.128767 -1.324057 0.439748
v 1.013912 -1.303490 0.503863
v 0.920393 -1.275246 0.594316
v 0.854583 -1.241248 0.704944
v 0.820968 -1.203813 0.828208
v 0.821838 -1.165493 0.955708
v 0.857134 -1.128899 1.078755
v 0.924451 -1.096525 1.188963
v 1.019201 -1.070577 1.278821
v 1.138190 -0.936386 1.306780
v 1.267255 -0.923003 1.336591
v 1.400337 -0.920562 1.333659
v 1.528367 -0.929229 1.298185
v 1.642621 -0.948413 1.232585
v 1.735312 -0.976808 1.141330
v 1.800124 -1.012478 1.030639
v 1.832639 -1.052992 0.908056
v 1.830643 -1.095589 0.781933
v 1.794270 -1.137367 0.660867
v 1.725999 -1.175478 0.553108
v 1.630484 -1.207325 0.465998
v 1.514233 -1.230738 0.405476
v 1.385169 -1.244121 0.375665
v 1.252087 -1.246562 0.378596
v 1.124056 -1.237895 0.414071
v 1.009802 -1.218710 0.479671
v 0.917111 -1.190315 0.570926
v 0.852299 -1.154646 0.681617
v 0.819784 -1.114132 0.804200
v 0.821781 -1.071534 0.930323
v 0.858154 -1.029756 1.051389
v 0.926424 -0.991645 1.159148
v 1.021939 -0.959798 1.246257
v 1.137343 -0.821899 1.267901
v 1.266470 -0.803927 1.294895
v 1.399352 -0.797787 1.289424
v 1.526934 -0.803896 1.251864
v 1.640522 -0.821837 1.184772
v 1.732374 -0.850390 1.092721
v 1.796231 -0.887607 0.981984
v 1.827741 -0.930952 0.860109
v 1.824757 -0.977471 0.735399
v 1.787483 -1.023995 0.616355
v 1.718457 -1.067353 0.511089
v 1.622385 -1.104589 0.426774
v 1.505814 -1.133167 0.369157
v 1.376687 -1.151139 0.342164
v 1.243804 -1.157279 0.347634
v 1.116222 -1.151171 0.385195
v 1.002634 -1.133229 0.452286
v 0.910782 -1.104676 0.544337
v 0.846925 -1.067459 0.655074
v 0.815415 -1.024114 0.776949
v 0.818399 -0.977595 0.901659
v 0.855674 -0.931071 1.020703
v 0.924699 -0.887713 1.125969
v 1.020771 -0.850477 1.210284
v 1.132666 -0.709416 1.226002
v 1.261703 -0.687257 1.250166
v 1.394257 -0.677745 1.242149
v 1.521296 -0.681528 1.202496
v 1.634161 -0.698348 1.133911
v 1.725161 -0.727059 1.041068
v 1.788095 -0.765704 0.930292
v 1.818674 -0.811650 0.809134
v 1.814814 -0.861766 0.685850
v 1.776778 -0.912636 0.568842
v 1.707158 -0.960793 0.466084
v 1.610698 -1.002957 0.384578
v 1.493973 -1.036252 0.329879
v 1.364936 -1.058411 0.305715
v 1.232382 -1.067923 0.313732
v 1.105343 -1.064141 0.353384
v 0.992478 -1.047320 0.421969
v 0.901478 -1.018609 0.514813
v 0.838544 -0.979964 0.625589
v 0.807965 -0.934018 0.746747
v 0.811825 -0.883902 0.870031
v 0.849861 -0.833032 0.987039
v 0.919481 -0.784875 1.089797
v 1.015941 -0.742711 1.171303
v 1.124415 -0.598950 1.181462
v 1.253235 -0.572963 1.202802
v 1.385354 -0.560371 1.192243
v 1.511767 -0.562034 1.150503
v 1.623861 -0.577836 1.080427
v 1.713995 -0.606703 0.986790
v 1.776029 -0.646666 0.875974
v 1.805733 -0.695001 0.755530
v 1.801084 -0.748416 0.633667
v 1.762398 -0.803270 0.518689
v 1.692313 -0.855824 0.418432
v 1.595604 -0.902498 0.339728
v 1.478861 -0.940110 0.287942
v 1.350041 -0.966097 0.266601
v 1.217922 -0.978689 0.277160
v 1.091509 -0.977027 0.318900
v 0.979415 -0.961224 0.388976
v 0.889280 -0.932358 0.482613
v 0.827247 -0.892395 0.593429
v 0.797543 -0.844059 0.713873
v 0.802192 -0.790644 0.835736
v 0.840877 -0.735790 0.950714
v 0.910963 -0.683236 1.050971
v 1.007672 -0.636562 1.129675
v 1.112814 -0.490490 1.134617
v 1.241312 -0.460993 1.153152
v 1.372905 -0.445580 1.140064
v 1.498623 -0.445302 1.096245
v 1.609901 -0.460177 1.024681
v 1.699154 -0.489192 0.930249
v 1.760300 -0.530369 0.819384
v 1.789172 -0.580902 0.699642
v 1.783802 -0.637348 0.579182
v 1.744557 -0.695859 0.466215
v 1.674110 -0.752449 0.368438
v 1.577263 -0.803260 0.292515
v 1.460616 -0.844831 0.243620
v 1.332118 -0.874327 0.225085
v 1.200526 -0.889740 0.238173
v 1.074807 -0.890018 0.281992
v 0.963530 -0.875143 0.353557
v 0.874277 -0.846128 0.447989
v 0.813131 -0.804951 0.558854
v 0.784259 -0.754418 0.678596
v 0.789629 -0.697973 0.799055
v 0.828874 -0.639461 0.912023
v 0.899320 -0.582872 1.009799
v 0.996167 -0.532060 1.085722
v 1.098063 -0.384005 1.085767
v 1.226150 -0.351281 1.101521
v 1.357138 -0.333275 1.085923
v 1.482100 -0.331213 1.040036
v 1.592520 -0.345237 0.966987
v 1.680874 -0.374390 0.871755
v 1.741139 -0.416685 0.760829
v 1.769210 -0.469241 0.641769
v 1.763172 -0.528476 0.522688
v 1.723438 -0.590352 0.411702
v 1.652715 -0.650654 0.316375
v 1.555824 -0.705272 0.243201
v 1.439366 -0.750483 0.197169
v 1.311279 -0.783206 0.181416
v 1.180291 -0.801212 0.197014
v 1.055329 -0.803274 0.242900
v 0.944908 -0.789250 0.315949
v 0.856555 -0.760097 0.411181
v 0.796290 -0.717802 0.522107
v 0.768219 -0.665246 0.641167
v 0.774257 -0.606011 0.760248
v 0.813991 -0.544135 0.871234
v 0.884713 -0.483833 0.966562
v 0.981605 -0.429216 1.039735
v 1.080334 -0.279454 1.035174
v 1.207934 -0.243753 1.048175
v 1.338249 -0.223352 1.030089
v 1.462399 -0.219644 0.982147
v 1.571923 -0.232880 0.907617
v 1.659357 -0.262159 0.811578
v 1.718743 -0.305485 0.700576
v 1.746033 -0.359905 0.582174
v 1.739368 -0.421711 0.464441
v 1.699202 -0.486692 0.355401
v 1.628273 -0.550418 0.262485
v 1.531413 -0.608546 0.192025
v 1.415224 -0.657116 0.148823
v 1.287624 -0.692818 0.135822
v 1.157309 -0.713218 0.153908
v 1.033159 -0.716926 0.201850
v 0.923635 -0.703690 0.276380
v 0.836201 -0.674412 0.372419
v 0.776815 -0.631086 0.483421
v 0.749525 -0.576666 0.601823
v 0.756190 -0.514859 0.719556
v 0.796356 -0.449879 0.828596
v 0.867285 -0.386153 0.921511
v 0.964145 -0.328024 0.991972
v 1.059779 -0.176792 0.983075
v 1.186824 -0.138331 0.993354
v 1.316405 -0.115712 0.972800
v 1.439692 -0.110474 0.922816
v 1.548282 -0.122976 0.846807
v 1.634775 -0.152366 0.749954
v 1.693276 -0.196640 0.638856
v 1.719800 -0.252782 0.521085
v 1.712539 -0.316965 0.404667
v 1.671986 -0.384815 0.297535
v 1.600907 -0.451709 0.206991
v 1.504144 -0.513088 0.139204
v 1.388293 -0.564769 0.098795
v 1.261248 -0.603230 0.088516
v 1.131666 -0.625850 0.109070
v 1.008380 -0.631087 0.159054
v 0.899790 -0.618585 0.235063
v 0.813297 -0.589195 0.331916
v 0.754796 -0.544921 0.443014
v 0.728272 -0.488780 0.560785
v 0.735533 -0.424597 0.677203
v 0.776086 -0.356746 0.784335
v 0.847165 -0.289852 0.874879
v 0.943928 -0.228473 0.942666
v 1.036529 -0.075970 0.929681
v 1.162959 -0.034942 0.937267
v 1.291749 -0.010254 0.914268
v 1.414123 -0.003588 0.862253
v 1.521741 -0.015400 0.784766
v 1.607269 -0.044884 0.687087
v 1.664878 -0.090031 0.575874
v 1.690643 -0.147763 0.458706
v 1.682807 -0.214148 0.343566
v 1.641905 -0.284660 0.238303
v 1.570724 -0.354495 0.150088
v 1.474115 -0.418893 0.084935
v 1.358662 -0.473466 0.047283
v 1.232232 -0.514494 0.039697
v 1.103441 -0.539182 0.062696
v 0.981068 -0.545847 0.114711
v 0.873450 -0.534036 0.192198
v 0.787922 -0.504552 0.289877
v 0.730312 -0.459405 0.401090
v 0.704548 -0.401672 0.518258
v 0.712383 -0.335288 0.633398
v 0.753285 -0.264776 0.738661
v 0.824466 -0.194941 0.826876
v 0.921075 -0.130543 0.892029
v 1.010696 0.023062 0.875184
v 1.136454 0.066490 0.880104
v 1.264400 0.093115 0.854680
v 1.385814 0.101122 0.800643
v 1.492421 0.089966 0.721677
v 1.576958 0.060406 0.623162
v 1.633662 0.014458 0.511812
v 1.658670 -0.044748 0.395216
v 1.650277 -0.113177 0.281320
v 1.609056 -0.186165 0.177884
v 1.537815 -0.258738 0.091959
v 1.441409 -0.325952 0.029399
v 1.326408 -0.383224 -0.005531
v 1.200650 -0.426652 -0.010451
v 1.072704 -0.453277 0.014973
v 0.951290 -0.461285 0.069010
v 0.844683 -0.450128 0.147976
v 0.760146 -0.420569 0.246491
v 0.703441 -0.374620 0.357840
v 0.678434 -0.315414 0.474436
v 0.686826 -0.246985 0.588333
v 0.728048 -0.173997 0.691769
v 0.799289 -0.101424 0.777694
v 0.895695 -0.034211 0.840253
v 0.982376 0.120350 0.819756
v 1.107409 0.166033 0.822038
v 1.234458 0.194482 0.794205
v 1.354864 0.203759 0.738155
v 1.460423 0.193231 0.657706
v 1.543939 0.163616 0.558342
v 1.599723 0.116931 0.446833
v 1.623972 0.056360 0.330780
v 1.615034 -0.013971 0.218090
v 1.573517 -0.089269 0.116443
v 1.502252 -0.164403 0.032767
v 1.406095 -0.234251 -0.027236
v 1.291598 -0.294054 -0.059477
v 1.166565 -0.339737 -0.061759
v 1.039517 -0.368186 -0.033926
v 0.919110 -0.377463 0.022124
v 0.813552 -0.366935 0.102573
v 0.730035 -0.337320 0.201937
v 0.674252 -0.290636 0.313446
v 0.650003 -0.230064 0.429500
v 0.658941 -0.159733 0.542190
v 0.700457 -0.084435 0.643836
v 0.771723 -0.009302 0.727512
v 0.867880 0.060547 0.787515
v 0.951652 0.215940 0.763559
v 1.075908 0.263751 0.763226
v 1.202007 0.293928 0.732999
v 1.321357 0.304414 0.674939
v 1.425825 0.294494 0.593003
v 1.508291 0.264846 0.492775
v 1.563134 0.217488 0.381084
v 1.586618 0.155649 0.265542
v 1.577143 0.083543 0.154024
v 1.535353 0.006083 0.054129
v 1.464097 -0.071451 -0.027335
v 1.368231 -0.143776 -0.084816
v 1.254288 -0.205963 -0.114398
v 1.130032 -0.253774 -0.114065
v 1.003933 -0.283951 -0.083838
v 0.884583 -0.294437 -0.025778
v 0.780115 -0.284518 0.056158
v 0.697649 -0.254869 0.156386
v 0.642806 -0.207512 0.268077
v 0.619322 -0.145673 0.383618
v 0.628797 -0.073566 0.495137
v 0.670587 0.003893 0.595031
v 0.741843 0.081428 0.676496
v 0.837709 0.153753 0.733977
v 0.918592 0.309871 0.706742
v 1.042017 0.359702 0.703812
v 1.167114 0.391525 0.671203
v 1.285359 0.403172 0.611136
v 1.388692 0.393848 0.527705
v 1.470072 0.364190 0.426596
v 1.523954 0.316218 0.314700
v 1.546664 0.253202 0.199641
v 1.536656 0.179436 0.089260
v 1.494612 0.099947 -0.008919
v 1.423396 0.020152 -0.088206
v 1.327862 -0.054511 -0.143198
v 1.214521 -0.118954 -0.170148
v 1.091096 -0.168784 -0.167218
v 0.965999 -0.200607 -0.134609
v 0.847754 -0.212254 -0.074542
v 0.744421 -0.202930 0.008889
v 0.663041 -0.173272 0.109998
v 0.609159 -0.125300 0.221895
v 0.586449 -0.062284 0.336954
v 0.596457 0.011482 0.447334
v 0.638501 0.090971 0.545513
v 0.709717 0.170766 0.624800
v 0.805251 0.245429 0.679792
v 0.883253 0.402182 0.649443
v 1.005794 0.453940 0.643933
v 1.129833 0.487341 0.608949
v 1.246919 0.500109 0.546874
v 1.349071 0.491375 0.461939
v 1.429329 0.461733 0.359932
v 1.482223 0.413203 0.247805
v 1.504149 0.349092 0.133199
v 1.493611 0.273771 0.023924
v 1.451328 0.192370 -0.072572
v 1.380183 0.110439 -0.149715
v 1.285022 0.033560 -0.202246
v 1.172332 -0.033027 -0.226586
v 1.049792 -0.084785 -0.221075
v 0.925752 -0.118186 -0.186091
v 0.808666 -0.130954 -0.124016
v 0.706514 -0.122220 -0.039081
v 0.626256 -0.092578 0.062926
v 0.573362 -0.044048 0.175053
v 0.551437 0.020063 0.289659
v 0.561974 0.095384 0.398933
v 0.604257 0.176785 0.495430
v 0.675402 0.258716 0.572572
v 0.770563 0.335595 0.625104
v 0.845682 0.492903 0.591796
v 0.967281 0.546510 0.583718
v 1.090205 0.581434 0.546362
v 1.206076 0.595295 0.482275
v 1.306997 0.587149 0.395824
v 1.386093 0.557550 0.292900
v 1.437971 0.508516 0.180518
v 1.459096 0.443389 0.066336
v 1.448030 0.366606 -0.041864
v 1.405526 0.283400 -0.136709
v 1.334480 0.199442 -0.211736
v 1.239735 0.120453 -0.261830
v 1.127746 0.051816 -0.283579
v 1.006147 -0.001791 -0.275501
v 0.883223 -0.036715 -0.238145
v 0.767352 -0.050576 -0.174058
v 0.666431 -0.042430 -0.087607
v 0.587335 -0.012831 0.015317
v 0.535457 0.036203 0.127699
v 0.514332 0.101330 0.241881
v 0.525398 0.178113 0.350081
v 0.567902 0.261319 0.444926
v 0.638948 0.345277 0.519953
v 0.733693 0.424266 0.570047
v 0.805914 0.582061 0.533928
v 0.926513 0.637452 0.523288
v 1.048258 0.673855 0.483562
v 1.162854 0.688789 0.417455
v 1.262491 0.681236 0.329473
v 1.340379 0.651711 0.225612
v 1.391210 0.602226 0.112949
v 1.411519 0.536152 -0.000837
v 1.399924 0.457994 -0.107992
v 1.357213 0.373077 -0.201213
v 1.286298 0.287188 -0.274149
v 1.192012 0.206181 -0.321828
v 1.080779 0.135576 -0.341001
v 0.960181 0.080184 -0.330362
v 0.838436 0.043781 -0.290635
v 0.723840 0.028847 -0.224528
v 0.624203 0.036400 -0.136546
v 0.546315 0.065925 -0.032685
v 0.495484 0.115411 0.079977
v 0.475175 0.181484 0.193763
v 0.486770 0.259642 0.300918
v 0.529481 0.344559 0.394140
v 0.600395 0.430448 0.467075
v 0.694682 0.511455 0.514754
v 0.763979 0.669677 0.475961
v 0.883512 0.726801 0.462764
v 1.004012 0.764650 0.420663
v 1.117268 0.780645 0.352526
v 1.215561 0.773696 0.262996
v 1.292193 0.744276 0.158175
v 1.341942 0.694390 0.045207
v 1.361416 0.627438 -0.068211
v 1.349290 0.547982 -0.174348
v 1.306389 0.461438 -0.265973
v 1.235638 0.373703 -0.336840
v 1.141857 0.290756 -0.382120
v 1.031437 0.218250 -0.398728
v 0.911904 0.161126 -0.385531
v 0.791404 0.123276 -0.343430
v 0.678149 0.107281 -0.275293
v 0.579855 0.114231 -0.185763
v 0.503224 0.143651 -0.080942
v 0.453475 0.193537 0.032026
v 0.434000 0.260489 0.145444
v 0.446127 0.339944 0.251581
v 0.489027 0.426489 0.343206
v 0.559779 0.514224 0.414073
v 0.653560 0.597171 0.459353
v 0.719897 0.755767 0.418017
v 0.838294 0.814583 0.402262
v 0.957476 0.853855 0.357779
v 1.069320 0.870907 0.287597
v 1.166205 0.864577 0.196500
v 1.241528 0.835297 0.090696
v 1.290155 0.785061 -0.022605
v 1.308774 0.717293 -0.135682
v 1.296115 0.636612 -0.240827
v 1.253040 0.548515 -0.330877
v 1.182486 0.459007 -0.399694
v 1.089261 0.374187 -0.442589
v 0.979717 0.299835 -0.456638
v 0.861320 0.241019 -0.440883
v 0.742138 0.201747 -0.396399
v 0.630294 0.184694 -0.326218
v 0.533409 0.191024 -0.235121
v 0.458087 0.220305 -0.129317
v 0.409459 0.270541 -0.016016
v 0.390840 0.338309 0.097061
v 0.403500 0.418990 0.202206
v 0.446574 0.507087 0.292256
v 0.517128 0.596595 0.361073
v 0.610353 0.681415 0.403968
v 0.673680 0.840340 0.360216
v 0.790865 0.900818 0.341899
v 0.908648 0.941500 0.295021
v 1.019003 0.959614 0.222777
v 1.114408 0.953925 0.130090
v 1.188363 0.924820 0.023278
v 1.235827 0.874284 -0.090383
v 1.253566 0.805760 -0.203144
v 1.240372 0.723918 -0.307323
v 1.197142 0.634335 -0.395818
v 1.126823 0.543117 -0.462601
v 1.034208 0.456479 -0.503118
v 0.925607 0.380326 -0.514610
v 0.808423 0.319848 -0.496293
v 0.690640 0.279166 -0.449415
v 0.580285 0.261052 -0.377172
v 0.484880 0.266741 -0.284485
v 0.410925 0.295846 -0.177672
v 0.363460 0.346382 -0.064012
v 0.345721 0.414906 0.048749
v 0.358916 0.496748 0.152928
v 0.402146 0.586331 0.241424
v 0.472465 0.677549 0.308206
v 0.565080 0.764187 0.348724
v 0.625335 0.923399 0.302679
v 0.741223 0.985520 0.281790
v 0.857519 1.027608 0.232502
v 0.966298 1.046795 0.158175
v 1.060146 1.041773 0.063874
v 1.132668 1.012884 -0.043974
v 1.178922 0.962097 -0.158021
v 1.195756 0.892874 -0.270494
v 1.182022 0.809931 -0.373727
v 1.138656 0.718921 -0.460687
v 1.068615 0.626046 -0.525446
v 0.976670 0.537635 -0.563592
v 0.869087 0.459715 -0.572525
v 0.753200 0.397593 -0.551636
v 0.636904 0.355505 -0.502349
v 0.528125 0.336319 -0.428022
v 0.434277 0.341341 -0.333721
v 0.361754 0.370230 -0.225873
v 0.315500 0.421016 -0.111826
v 0.298667 0.490240 0.000647
v 0.312401 0.573183 0.103881
v 0.355766 0.664193 0.190840
v 0.425808 0.757068 0.255600
v 0.517753 0.845478 0.293746
v 0.574862 1.004941 0.245528
v 0.689360 1.068696 0.222054
v 0.804071 1.112195 0.170337
v 0.911178 1.132474 0.093903
v 1.003383 1.128150 -0.002039
v 1.074401 1.099520 -0.110953
v 1.119392 1.048532 -0.225414
v 1.135292 0.978663 -0.337623
v 1.121015 0.894674 -0.439934
v 1.077536 0.802288 -0.525372
v 1.007817 0.707802 -0.588117
v 0.916609 0.617654 -0.623893
v 0.810128 0.537988 -0.630260
v 0.695631 0.474233 -0.606786
v 0.580919 0.430734 -0.555069
v 0.473812 0.410455 -0.478635
v 0.381608 0.414779 -0.382693
v 0.310589 0.443410 -0.273779
v 0.265598 0.494397 -0.159318
v 0.249698 0.564266 -0.047109
v 0.263975 0.648255 0.055202
v 0.307454 0.740641 0.140640
v 0.377173 0.835127 0.203385
v 0.468381 0.925275 0.239161
v 0.522255 1.084954 0.188891
v 0.635258 1.150343 0.162813
v 0.748276 1.195267 0.108644
v 0.853606 1.216664 0.030075
v 0.944071 1.213077 -0.067539
v 1.013505 1.184749 -0.177547
v 1.057177 1.133612 -0.292452
v 1.072111 1.063150 -0.404423
v 1.057288 0.978165 -0.505829
v 1.013720 0.884448 -0.589760
v 0.944374 0.788387 -0.650496
v 0.853978 0.696527 -0.683898
v 0.748690 0.615130 -0.687689
v 0.635688 0.549741 -0.661612
v 0.522670 0.504817 -0.607443
v 0.417340 0.483420 -0.528874
v 0.326875 0.487007 -0.431259
v 0.257440 0.515335 -0.321251
v 0.213768 0.566472 -0.206346
v 0.198835 0.636934 -0.094376
v 0.213657 0.721919 0.007030
v 0.257226 0.815636 0.090961
v 0.326571 0.911697 0.151697
v 0.416968 1.003557 0.185099
v 0.467504 1.163420 0.132897
v 0.578896 1.230452 0.104195
v 0.690099 1.276823 0.047546
v 0.793534 1.299373 -0.033188
v 0.882152 1.296564 -0.132508
v 0.949915 1.268588 -0.243643
v 0.992203 1.217352 -0.359020
v 1.006136 1.146348 -0.470777
v 0.990764 1.060413 -0.571297
v 0.947134 0.965405 -0.653730
v 0.878220 0.867797 -0.712459
v 0.788718 0.774243 -0.743481
v 0.684727 0.691117 -0.744682
v 0.573335 0.624085 -0.715980
v 0.462132 0.577714 -0.659332
v 0.358697 0.555164 -0.578597
v 0.270079 0.557973 -0.479278
v 0.202317 0.585949 -0.368143
v 0.160028 0.637185 -0.252766
v 0.146095 0.708190 -0.141009
v 0.161467 0.794124 -0.040489
v 0.205097 0.889132 0.041945
v 0.274011 0.986740 0.100674
v 0.363513 1.080294 0.131696
v 0.410594 1.240310 0.077683
v 0.520245 1.309005 0.046332
v 0.629497 1.356855 -0.012827
v 0.730905 1.380597 -0.095762
v 0.817557 1.378615 -0.196820
v 0.883549 1.351044 -0.309116
v 0.924383 1.299761 -0.424995
v 0.937277 1.228263 -0.536562
v 0.921351 1.141421 -0.636213
v 0.877692 1.045154 -0.717157
v 0.809274 0.946022 -0.773877
v 0.720759 0.850782 -0.802510
v 0.618181 0.765922 -0.801102
v 0.508530 0.697227 -0.769750
v 0.399278 0.649377 -0.710591
v 0.297870 0.625635 -0.627657
v 0.211218 0.627617 -0.526598
v 0.145226 0.655188 -0.414303
v 0.104392 0.706471 -0.298423
v 0.091498 0.777969 -0.186857
v 0.107424 0.864811 -0.087206
v 0.151083 0.961078 -0.006262
v 0.219501 1.060210 0.050459
v 0.308016 1.155451 0.079091
v 0.351506 1.315588 0.023395
v 0.459270 1.385974 -0.010635
v 0.566419 1.435342 -0.072339
v 0.665652 1.460326 -0.157510
v 0.750204 1.459224 -0.260345
v 0.814316 1.432112 -0.373835
v 0.853616 1.380837 -0.490247
v 0.865427 1.308893 -0.601647
v 0.848945 1.221184 -0.700444
v 0.805292 1.123686 -0.779904
v 0.737443 1.023043 -0.834612
v 0.650022 0.926115 -0.860841
v 0.548986 0.839507 -0.856803
v 0.441222 0.769121 -0.822773
v 0.334073 0.719754 -0.761069
v 0.234841 0.694770 -0.675898
v 0.150288 0.695872 -0.573063
v 0.086177 0.722984 -0.459573
v 0.046876 0.774259 -0.343161
v 0.035065 0.846203 -0.231761
v 0.051548 0.933912 -0.132964
v 0.095201 1.031410 -0.053504
v 0.163050 1.132052 0.001204
v 0.250471 1.228980 0.027433
v 0.290219 1.389207 -0.029814
v 0.395931 1.461321 -0.066555
v 0.500806 1.512254 -0.130840
v 0.597697 1.538535 -0.218287
v 0.680000 1.538374 -0.322936
v 0.742106 1.511780 -0.437658
v 0.779784 1.460568 -0.554632
v 0.790466 1.388226 -0.665888
v 0.773423 1.299684 -0.763844
v 0.729817 1.200977 -0.841824
v 0.662621 1.098832 -0.894514
v 0.576412 1.000208 -0.918323
v 0.477066 0.911829 -0.911629
v 0.371354 0.839715 -0.874888
v 0.266479 0.788782 -0.810604
v 0.169588 0.762501 -0.723157
v 0.087286 0.762662 -0.618507
v 0.025179 0.789255 -0.503786
v -0.012499 0.840468 -0.386811
v -0.023181 0.912810 -0.275555
v -0.006138 1.001352 -0.177600
v 0.037468 1.100058 -0.099620
v 0.104665 1.202204 -0.046930
v 0.190873 1.300827 -0.023120
v 0.226710 1.461108 -0.081779
v 0.330184 1.534995 -0.121266
v 0.432591 1.587550 -0.188170
v 0.526952 1.615191 -0.277933
v 0.606836 1.616035 -0.384438
v 0.666799 1.590023 -0.500426
v 0.702755 1.538930 -0.617993
v 0.712254 1.466236 -0.729127
v 0.694648 1.376895 -0.826254
v 0.651137 1.276997 -0.902756
v 0.584686 1.173349 -0.953418
v 0.499824 1.073013 -0.974789
v 0.402334 0.982829 -0.965411
v 0.298860 0.908942 -0.925925
v 0.196453 0.856388 -0.859021
v 0.102093 0.828746 -0.769258
v 0.022209 0.827903 -0.662753
v -0.037755 0.853914 -0.546765
v -0.073711 0.905008 -0.429198
v -0.083210 0.977702 -0.318064
v -0.065604 1.067042 -0.220937
v -0.022093 1.166941 -0.144435
v 0.044358 1.270589 -0.093773
v 0.129220 1.370924 -0.072402
v 0.160954 1.531220 -0.132323
v 0.261980 1.606935 -0.174591
v 0.361700 1.661175 -0.244155
v 0.453319 1.690246 -0.336276
v 0.530593 1.692166 -0.444676
v 0.588256 1.666803 -0.561966
v 0.622379 1.615886 -0.680155
v 0.630635 1.542886 -0.791187
v 0.612463 1.452777 -0.887496
v 0.569101 1.351699 -0.962519
v 0.503504 1.246542 -1.011143
v 0.420142 1.144471 -1.030055
v 0.324696 1.052442 -1.017965
v 0.223671 0.976727 -0.975697
v 0.123951 0.922486 -0.906132
v 0.032332 0.893416 -0.814012
v -0.044942 0.891496 -0.705612
v -0.102606 0.916859 -0.588322
v -0.136728 0.967775 -0.470133
v -0.144985 1.040776 -0.359101
v -0.126813 1.130885 -0.262792
v -0.083451 1.231963 -0.187769
v -0.017854 1.337120 -0.139145
v 0.065508 1.439191 -0.120233
v 0.092929 1.599457 -0.181253
v 0.191267 1.677061 -0.226338
v 0.288052 1.733060 -0.298603
v 0.376688 1.763637 -0.393123
v 0.451137 1.766708 -0.503456
v 0.506323 1.742064 -0.622083
v 0.538486 1.691384 -0.740921
v 0.545435 1.618122 -0.851871
v 0.526695 1.527271 -0.947371
v 0.483544 1.425022 -1.020914
v 0.418922 1.318343 -1.067487
v 0.337234 1.214505 -1.083917
v 0.244046 1.120583 -1.069084
v 0.145708 1.042978 -1.023999
v 0.048923 0.986979 -0.951735
v -0.039714 0.956402 -0.857215
v -0.114162 0.953332 -0.746882
v -0.169348 0.977976 -0.628254
v -0.201512 1.028656 -0.509416
v -0.208460 1.101918 -0.398467
v -0.189720 1.192769 -0.302966
v -0.146569 1.295018 -0.229424
v -0.081947 1.401696 -0.182851
v -0.000259 1.505535 -0.166420
v 0.022614 1.665718 -0.228361
v 0.117991 1.745282 -0.276298
v 0.211560 1.803118 -0.351301
v 0.296943 1.835283 -0.448258
v 0.368321 1.839585 -0.560561
v 0.420830 1.815732 -0.680558
v 0.450892 1.765350 -0.800070
v 0.456458 1.691870 -0.910954
v 0.437149 1.600302 -1.005652
v 0.394281 1.496885 -1.077711
v 0.330774 1.388666 -1.122221
v 0.250958 1.283022 -1.136148
v 0.160271 1.187151 -1.118543
v 0.064893 1.107586 -1.070606
v -0.028676 1.049751 -0.995603
v -0.114058 1.017586 -0.898647
v -0.185437 1.013283 -0.786343
v -0.237946 1.037136 -0.666347
v -0.268008 1.087519 -0.546834
v -0.273574 1.160999 -0.435951
v -0.254265 1.252567 -0.341252
v -0.211397 1.355984 -0.269193
v -0.147890 1.464203 -0.224683
v -0.068074 1.569847 -0.210756
v -0.050008 1.729885 -0.273420
v 0.042102 1.811485 -0.324240
v 0.132134 1.871241 -0.402014
v 0.213954 1.905082 -0.501441
v 0.281985 1.910700 -0.615746
v 0.331591 1.887713 -0.737139
v 0.359392 1.837688 -0.857347
v 0.363493 1.764034 -0.968178
v 0.343614 1.671769 -1.062080
v 0.301111 1.567183 -1.132652
v 0.238879 1.457401 -1.175087
v 0.161160 1.349907 -1.186491
v 0.073251 1.252024 -1.166087
v -0.018859 1.170424 -1.115267
v -0.108891 1.110668 -1.037493
v -0.190711 1.076828 -0.938066
v -0.258742 1.071210 -0.823761
v -0.308348 1.094196 -0.702368
v -0.336149 1.144221 -0.582160
v -0.340250 1.217876 -0.471329
v -0.320371 1.310140 -0.377427
v -0.277868 1.414727 -0.306855
v -0.215636 1.524508 -0.264420
v -0.137917 1.632003 -0.253016
v -0.124942 1.791822 -0.316181
v -0.036452 1.875537 -0.369908
v 0.049681 1.937303 -0.450478
v 0.127587 1.972908 -0.552401
v 0.191957 1.979927 -0.668731
v 0.238404 1.957882 -0.791540
v 0.263763 1.908275 -0.912459
v 0.266305 1.834486 -1.023248
v 0.245858 1.741544 -1.116356
v 0.203815 1.635783 -1.185438
v 0.143041 1.524410 -1.225787
v 0.067678 1.415016 -1.234653
v -0.017139 1.315055 -1.211431
v -0.105629 1.231339 -1.157704
v -0.191762 1.169574 -1.077134
v -0.269668 1.133968 -0.975211
v -0.334038 1.126949 -0.858881
v -0.380485 1.148994 -0.736072
v -0.405844 1.198602 -0.615153
v -0.408387 1.272391 -0.504365
v -0.387940 1.365332 -0.411257
v -0.345897 1.471093 -0.342174
v -0.285123 1.582466 -0.301825
v -0.209759 1.691861 -0.292960
v -0.202186 1.851369 -0.356378
v -0.117714 1.937283 -0.413023
v -0.035893 2.001147 -0.496402
v 0.037703 2.038607 -0.600832
v 0.098056 2.047113 -0.719198
v 0.141055 2.026083 -0.843433
v 0.163769 1.976951 -0.965070
v 0.164650 1.903065 -1.075819
v 0.143638 1.809461 -1.168135
v 0.102165 1.702517 -1.235724
v 0.043058 1.589521 -1.273982
v -0.029657 1.478175 -1.280301
v -0.111022 1.376065 -1.254251
v -0.195494 1.290151 -1.197606
v -0.277316 1.226287 -1.114227
v -0.350911 1.188826 -1.009796
v -0.411265 1.180321 -0.891430
v -0.454264 1.201351 -0.767196
v -0.476978 1.250483 -0.645559
v -0.477859 1.324368 -0.534809
v -0.456847 1.417973 -0.442494
v -0.415374 1.524917 -0.374904
v -0.356266 1.637912 -0.336646
v -0.283552 1.749259 -0.330327
v -0.281720 1.908346 -0.393718
v -0.201718 1.996540 -0.453275
v -0.124674 2.062588 -0.539456
v -0.055838 2.101991 -0.646387
v 0.000099 2.112064 -0.766783
v 0.039324 2.092119 -0.892437
v 0.059166 2.043515 -1.014786
v 0.058270 1.969566 -1.125494
v 0.036699 1.875311 -1.217015
v -0.004077 1.767173 -1.283111
v -0.061280 1.652521 -1.319280
v -0.131011 1.539169 -1.323056
v -0.208518 1.434842 -1.294181
v -0.288520 1.346648 -1.234624
v -0.365564 1.280600 -1.148443
v -0.434400 1.241197 -1.041512
v -0.490337 1.231124 -0.921116
v -0.529563 1.251069 -0.795462
v -0.549404 1.299673 -0.673113
v -0.548509 1.373621 -0.562405
v -0.526938 1.467877 -0.470885
v -0.486162 1.576015 -0.404788
v -0.428959 1.690667 -0.368619
v -0.359228 1.804019 -0.364843
v -0.363503 1.962551 -0.427887
v -0.288481 2.053097 -0.490325
v -0.216739 2.121409 -0.579275
v -0.153167 2.162832 -0.688674
v -0.102097 2.174543 -0.811067
v -0.067009 2.155743 -0.938113
v -0.050294 2.107715 -1.061155
v -0.053092 2.033730 -1.171807
v -0.075211 1.938832 -1.262528
v -0.115145 1.829486 -1.327137
v -0.170172 1.713145 -1.361229
v -0.236541 1.597738 -1.362482
v -0.309731 1.491129 -1.330810
v -0.384753 1.400583 -1.268372
v -0.456494 1.332270 -1.179423
v -0.520066 1.290848 -1.070024
v -0.571137 1.279137 -0.947631
v -0.606225 1.297936 -0.820584
v -0.622940 1.345965 -0.697542
v -0.620142 1.419949 -0.586891
v -0.598023 1.514848 -0.496169
v -0.558089 1.624194 -0.431561
v -0.503062 1.740534 -0.397469
v -0.436692 1.855942 -0.396216
v -0.447468 2.013756 -0.458552
v -0.377997 2.106715 -0.523805
v -0.312145 2.177353 -0.615452
v -0.254399 2.220856 -0.727247
v -0.208696 2.234261 -0.851573
v -0.178149 2.216654 -0.979956
v -0.164841 2.169234 -1.103648
v -0.169678 2.095233 -1.214219
v -0.192330 1.999694 -1.304133
v -0.231254 1.889128 -1.367263
v -0.283798 1.771070 -1.399308
v -0.346380 1.653565 -1.398083
v -0.414735 1.544621 -1.363671
v -0.484206 1.451663 -1.298419
v -0.550058 1.381025 -1.206772
v -0.607803 1.337521 -1.094976
v -0.653507 1.324116 -0.970650
v -0.684053 1.341724 -0.842267
v -0.697362 1.389144 -0.718575
v -0.692525 1.463145 -0.608005
v -0.669873 1.558684 -0.518090
v -0.630949 1.669250 -0.454960
v -0.578405 1.787308 -0.422915
v -0.515823 1.904813 -0.424140
v -0.533516 2.061712 -0.485358
v -0.470229 2.157119 -0.553312
v -0.410916 2.230119 -0.647537
v -0.359618 2.275739 -0.761610
v -0.319832 2.290869 -0.887759
v -0.294269 2.274478 -1.017386
v -0.284671 2.227683 -1.141658
v -0.291692 2.153673 -1.252106
v -0.314854 2.057492 -1.341202
v -0.352578 1.945695 -1.402876
v -0.402294 1.825900 -1.432923
v -0.460612 1.706271 -1.429297
v -0.523560 1.594960 -1.392245
v -0.586847 1.499553 -1.324291
v -0.646161 1.426553 -1.230066
v -0.697459 1.380933 -1.115993
v -0.737245 1.365804 -0.989844
v -0.762808 1.382195 -0.860217
v -0.772406 1.428989 -0.735945
v -0.765385 1.502999 -0.625497
v -0.742223 1.599180 -0.536401
v -0.704499 1.710977 -0.474727
v -0.654783 1.830773 -0.444680
v -0.596464 1.950402 -0.448306
v -0.621514 2.106150 -0.507940
v -0.565101 2.204004 -0.578421
v -0.513032 2.279365 -0.675039
v -0.468855 2.327097 -0.791209
v -0.435581 2.343946 -0.919015
v -0.415477 2.328765 -1.049747
v -0.409913 2.282589 -1.174495
v -0.419269 2.208563 -1.284759
v -0.442907 2.111733 -1.373023
v -0.479216 1.998698 -1.433274
v -0.525721 1.877161 -1.461405
v -0.579254 1.755404 -1.455498
v -0.636166 1.641725 -1.415957
v -0.692578 1.543871 -1.345476
v -0.744647 1.468510 -1.248859
v -0.788824 1.420779 -1.132689
v -0.822098 1.403929 -1.004883
v -0.842202 1.419110 -0.874151
v -0.847766 1.465287 -0.749403
v -0.838410 1.539312 -0.639139
v -0.814772 1.636142 -0.550874
v -0.778464 1.749177 -0.490624
v -0.731958 1.870714 -0.462493
v -0.678426 1.992471 -0.468399
v -0.711283 2.146785 -0.525927
v -0.662483 2.247036 -0.598685
v -0.618409 2.324700 -0.697433
v -0.582066 2.374486 -0.815441
v -0.555931 2.393000 -0.944667
v -0.541784 2.378981 -1.076306
v -0.540589 2.333384 -1.201385
v -0.552428 2.259316 -1.311382
v -0.576494 2.161826 -1.398799
v -0.611148 2.047556 -1.457680
v -0.654026 1.924294 -1.484011
v -0.702208 1.800441 -1.476000
v -0.752410 1.684436 -1.434190
v -0.801211 1.584185 -1.361432
v -0.845284 1.506521 -1.262684
v -0.881627 1.456735 -1.144676
v -0.907763 1.438221 -1.015450
v -0.921910 1.452240 -0.883811
v -0.923105 1.497837 -0.758732
v -0.911265 1.571905 -0.648735
v -0.887199 1.669395 -0.561318
v -0.852546 1.783665 -0.502437
v -0.809667 1.906927 -0.476106
v -0.761485 2.030780 -0.484117
v -0.802606 2.183323 -0.538951
v -0.762182 2.285852 -0.613645
v -0.726878 2.365693 -0.714166
v -0.699100 2.417405 -0.833663
v -0.680741 2.437465 -0.963993
v -0.673052 2.424506 -1.096275
v -0.676557 2.379410 -1.221492
v -0.691018 2.305250 -1.331113
v -0.715448 2.207081 -1.417666
v -0.748183 2.091593 -1.475253
v -0.786992 1.966656 -1.499950
v -0.829230 1.840784 -1.490073
v -0.872019 1.722555 -1.446296
v -0.912443 1.620027 -1.371602
v -0.947747 1.540186 -1.271082
v -0.975525 1.488473 -1.151585
v -0.993884 1.468413 -1.021255
v -1.001573 1.481373 -0.888973
v -0.998068 1.526469 -0.763756
v -0.983608 1.600628 -0.654135
v -0.959178 1.698797 -0.567582
v -0.926443 1.814285 -0.509995
v -0.887634 1.939222 -0.485298
v -0.845395 2.065094 -0.495175
v -0.895221 2.215470 -0.546665
v -0.863933 2.320074 -0.622853
v -0.838162 2.401876 -0.724684
v -0.819664 2.455301 -0.845220
v -0.809700 2.476710 -0.976246
v -0.808948 2.464643 -1.108833
v -0.817460 2.419922 -1.233944
v -0.834655 2.345594 -1.343055
v -0.859363 2.246727 -1.428729
v -0.889899 2.130056 -1.485128
v -0.924182 2.003533 -1.508408
v -0.959876 1.875780 -1.496983
v -0.994549 1.755503 -1.451632
v -1.025836 1.650900 -1.375444
v -1.051608 1.569098 -1.273613
v -1.070106 1.515672 -1.153077
v -1.080070 1.494263 -1.022051
v -1.080822 1.506331 -0.889464
v -1.072310 1.551052 -0.764353
v -1.055115 1.625379 -0.655242
v -1.030407 1.724247 -0.569568
v -0.999871 1.840918 -0.513169
v -0.965588 1.967441 -0.489889
v -0.929894 2.095193 -0.501314
v -0.988829 2.242941 -0.548750
v -0.967389 2.349319 -0.625883
v -0.951858 2.432765 -0.728455
v -0.943294 2.487591 -0.849476
v -0.942280 2.510062 -0.980699
v -0.948887 2.498647 -1.113180
v -0.962663 2.454123 -1.237893
v -0.982669 2.379524 -1.346337
v -1.007543 2.279934 -1.431123
v -1.035590 2.162141 -1.486472
v -1.064897 2.034171 -1.508612
v -1.093468 1.904746 -1.496035
v -1.119356 1.782685 -1.449598
v -1.140796 1.676307 -1.372465
v -1.156327 1.592862 -1.269893
v -1.164891 1.538035 -1.148872
v -1.165904 1.515564 -1.017650
v -1.159298 1.526980 -0.885168
v -1.145522 1.571504 -0.760455
v -1.125515 1.646103 -0.652011
v -1.100641 1.745692 -0.567226
v -1.072595 1.863485 -0.511877
v -1.043288 1.991455 -0.489736
v -1.014717 2.120880 -0.502313
v -1.083096 2.265471 -0.544934
v -1.072116 2.373217 -0.622364
v -1.067421 2.457881 -0.725006
v -1.069331 2.513692 -0.845865
v -1.077716 2.536847 -0.976704
v -1.092004 2.525768 -1.108608
v -1.111222 2.481209 -1.232586
v -1.134060 2.406209 -1.340190
v -1.158962 2.305877 -1.424088
v -1.184230 2.187051 -1.478561
v -1.208143 2.057829 -1.499897
v -1.229071 1.927017 -1.486642
v -1.245588 1.803530 -1.439700
v -1.256568 1.695783 -1.362270
v -1.261263 1.611120 -1.259628
v -1.259353 1.555309 -1.138769
v -1.250968 1.532154 -1.007930
v -1.236680 1.543233 -0.876026
v -1.217462 1.587791 -0.752048
v -1.194624 1.662792 -0.644444
v -1.169723 1.763124 -0.560546
v -1.144454 1.881950 -0.506073
v -1.120541 2.011172 -0.484737
v -1.099613 2.141984 -0.497992
v -1.177661 2.282821 -0.535001
v -1.177599 2.391430 -0.612004
v -1.184169 2.476784 -0.713970
v -1.196925 2.533065 -0.833949
v -1.214997 2.556439 -0.963766
v -1.237152 2.545312 -1.094574
v -1.261883 2.500442 -1.217459
v -1.287502 2.424889 -1.324045
v -1.312265 2.323799 -1.407070
v -1.334483 2.204063 -1.460875
v -1.352643 2.073840 -1.481793
v -1.365507 1.942005 -1.468400
v -1.372198 1.817541 -1.421608
v -1.372260 1.708932 -1.344605
v -1.365690 1.623579 -1.242639
v -1.352934 1.567297 -1.122660
v -1.334862 1.543924 -0.992843
v -1.312707 1.555051 -0.862035
v -1.287976 1.599920 -0.739150
v -1.262357 1.675474 -0.632564
v -1.237594 1.776564 -0.549540
v -1.215376 1.896300 -0.495734
v -1.197216 2.026523 -0.474816
v -1.184352 2.158358 -0.488209
v -1.272136 2.294791 -0.518809
v -1.283248 2.403672 -0.594617
v -1.301299 2.489103 -0.695121
v -1.325058 2.545263 -0.813472
v -1.352907 2.568323 -0.941605
v -1.382947 2.556712 -1.070788
v -1.413132 2.511223 -1.192217
v -1.441403 2.434954 -1.297616
v -1.465836 2.333103 -1.379804
v -1.484764 2.212611 -1.433180
v -1.496897 2.081690 -1.454105
v -1.501410 1.949262 -1.441153
v -1.497993 1.824351 -1.395208
v -1.486881 1.715470 -1.319401
v -1.468830 1.630038 -1.218897
v -1.445071 1.573879 -1.100545
v -1.417222 1.550819 -0.972412
v -1.387182 1.562429 -0.843230
v -1.356998 1.607919 -0.721801
v -1.328726 1.684188 -0.616401
v -1.304294 1.786039 -0.534213
v -1.285366 1.906530 -0.480838
v -1.273232 2.037451 -0.459913
v -1.268720 2.169880 -0.472864
v -1.366108 2.301221 -0.496295
v -1.388422 2.409729 -0.570143
v -1.417926 2.494574 -0.668410
v -1.452608 2.549972 -0.784399
v -1.490105 2.572150 -0.910207
v -1.527862 2.559595 -1.037259
v -1.563305 2.513163 -1.156897
v -1.594019 2.436019 -1.260968
v -1.617911 2.333419 -1.342380
v -1.633353 2.212356 -1.395584
v -1.639293 2.081080 -1.416955
v -1.635325 1.948537 -1.405037
v -1.621720 1.823760 -1.360641
v -1.599406 1.715252 -1.286793
v -1.569902 1.630408 -1.188526
v -1.535220 1.575010 -1.072537
v -1.497723 1.552832 -0.946729
v -1.459967 1.565387 -0.819678
v -1.424524 1.611819 -0.700039
v -1.393809 1.688963 -0.595968
v -1.369917 1.791563 -0.514557
v -1.354475 1.912626 -0.461352
v -1.348536 2.043902 -0.439981
v -1.352503 2.176444 -0.451900
v -1.459140 2.302006 -0.467489
v -1.492452 2.409477 -0.538662
v -1.533138 2.493056 -0.633975
v -1.578424 2.547047 -0.746933
v -1.625226 2.567771 -0.869837
v -1.670352 2.553815 -0.994313
v -1.710729 2.506130 -1.111877
v -1.743603 2.427966 -1.214518
v -1.766736 2.324650 -1.295240
v -1.778550 2.203223 -1.348543
v -1.778241 2.071959 -1.370793
v -1.765829 1.939804 -1.360476
v -1.742161 1.815765 -1.318294
v -1.708849 1.708293 -1.247121
v -1.668163 1.624714 -1.151808
v -1.622877 1.570723 -1.038850
v -1.576075 1.549999 -0.915945
v -1.530949 1.563956 -0.791469
v -1.490572 1.611640 -0.673905
v -1.457698 1.689804 -0.571265
v -1.434565 1.793120 -0.490543
v -1.422751 1.914547 -0.437240
v -1.423060 2.045811 -0.414989
v -1.435472 2.177966 -0.425306
v -1.550777 2.297091 -0.432516
v -1.594673 2.402882 -0.500390
v -1.646055 2.484543 -0.592132
v -1.701419 2.536511 -0.701492
v -1.756994 2.555244 -0.821015
v -1.808991 2.539464 -0.942558
v -1.853868 2.490247 -1.057837
v -1.888566 2.410948 -1.158996
v -1.910720 2.306971 -1.239141
v -1.918820 2.185400 -1.292810
v -1.912316 2.054522 -1.316347
v -1.891649 1.923255 -1.308146
v -1.858228 1.800545 -1.268767
v -1.814332 1.694754 -1.200894
v -1.762950 1.613092 -1.109151
v -1.707586 1.561125 -0.999792
v -1.652011 1.542392 -0.880268
v -1.600014 1.558172 -0.758725
v -1.555137 1.607388 -0.643446
v -1.520439 1.686688 -0.542287
v -1.498285 1.790665 -0.462142
v -1.490185 1.912236 -0.408473
v -1.496689 2.043114 -0.384937
v -1.517356 2.174381 -0.393137
v -1.640555 2.286485 -0.391601
v -1.694458 2.390001 -0.455665
v -1.755881 2.469152 -0.543346
v -1.820637 2.518542 -0.648667
v -1.884314 2.534807 -0.764452
v -1.942571 2.516838 -0.882810
v -1.991439 2.465860 -0.995675
v -2.027588 2.385346 -1.095355
v -2.048554 2.280783 -1.175058
v -2.052908 2.159298 -1.229351
v -2.040353 2.029169 -1.254536
v -2.011746 1.899265 -1.248895
v -1.969035 1.778437 -1.212813
v -1.915132 1.674921 -1.148748
v -1.853709 1.595771 -1.061068
v -1.788953 1.546381 -0.955746
v -1.725276 1.530116 -0.839962
v -1.667019 1.548085 -0.721604
v -1.618151 1.599063 -0.608739
v -1.582002 1.679577 -0.509059
v -1.561036 1.784140 -0.429356
v -1.556682 1.905625 -0.375062
v -1.569237 2.035753 -0.349878
v -1.597844 2.165658 -0.355519
v -1.728020 2.270255 -0.345056
v -1.791241 2.370972 -0.404926
v -1.861941 2.447095 -0.488186
v -1.935300 2.493436 -0.589163
v -2.006320 2.506836 -0.700975
v -2.070160 2.486382 -0.816003
v -2.122471 2.433468 -0.926408
v -2.159687 2.351701 -1.024665
v -2.179272 2.246652 -1.104078
v -2.179891 2.125480 -1.159237
v -2.161502 1.996443 -1.186381
v -2.125359 1.868335 -1.183660
v -2.073924 1.749887 -1.151262
v -2.010703 1.649169 -1.091392
v -1.940003 1.573046 -1.008132
v -1.866644 1.526705 -0.907155
v -1.795624 1.513306 -0.795342
v -1.731784 1.533759 -0.680314
v -1.679473 1.586673 -0.569910
v -1.642257 1.668441 -0.471653
v -1.622672 1.773490 -0.392240
v -1.622053 1.894661 -0.337081
v -1.640442 2.023698 -0.309937
v -1.676585 2.151806 -0.312657
v -1.812744 2.248516 -0.293265
v -1.884537 2.345991 -0.348673
v -1.963694 2.418656 -0.427281
v -2.044821 2.461562 -0.523733
v -2.122389 2.471783 -0.631455
v -2.191113 2.448623 -0.743106
v -2.246309 2.393660 -0.851078
v -2.284215 2.310640 -0.948012
v -2.302248 2.205221 -1.027303
v -2.299180 2.084587 -1.083547
v -2.275219 1.956959 -1.112910
v -2.231998 1.831034 -1.113393
v -2.172462 1.715394 -1.084962
v -2.100670 1.617920 -1.029554
v -2.021513 1.545254 -0.950946
v -1.940386 1.502349 -0.854494
v -1.862817 1.492128 -0.746772
v -1.794093 1.515288 -0.635121
v -1.738897 1.570250 -0.527149
v -1.700991 1.653270 -0.430215
v -1.682958 1.758689 -0.350924
v -1.686026 1.879323 -0.294681
v -1.709988 2.006952 -0.265317
v -1.753209 2.132877 -0.264834
v -1.894340 2.221429 -0.236665
v -1.973944 2.315290 -0.287445
v -2.060732 2.384153 -0.361277
v -2.148791 2.423322 -0.453129
v -2.232120 2.430131 -0.556741
v -2.305039 2.404113 -0.665052
v -2.362579 2.347043 -0.770681
v -2.400820 2.262810 -0.866430
v -2.417155 2.157154 -0.945773
v -2.410470 2.037275 -1.003303
v -2.381222 1.911343 -1.035100
v -2.331404 1.787939 -1.038997
v -2.264411 1.675475 -1.014728
v -2.184807 1.581613 -0.963947
v -2.098019 1.512751 -0.890115
v -2.009960 1.473581 -0.798263
v -1.926631 1.466773 -0.694652
v -1.853712 1.492790 -0.586341
v -1.796172 1.549860 -0.480712
v -1.757931 1.634094 -0.384963
v -1.741596 1.739750 -0.305620
v -1.748281 1.859629 -0.248090
v -1.777529 1.985561 -0.216293
v -1.827347 2.108964 -0.212396
v -1.972471 2.189177 -0.175720
v -2.059145 2.279124 -0.221790
v -2.152765 2.343909 -0.290808
v -2.246952 2.379118 -0.378070
v -2.335286 2.382350 -0.477629
v -2.411749 2.353386 -0.582700
v -2.471128 2.294199 -0.686123
v -2.509378 2.208822 -0.780850
v -2.523891 2.103075 -0.860425
v -2.513680 1.984163 -0.919426
v -2.479439 1.860191 -0.953832
v -2.423502 1.739606 -0.961297
v -2.349681 1.630626 -0.941314
v -2.263007 1.540679 -0.895243
v -2.169387 1.475893 -0.826226
v -2.075200 1.440685 -0.738964
v -1.986866 1.437453 -0.639405
v -1.910403 1.466417 -0.534334
v -1.851024 1.525604 -0.430911
v -1.812774 1.610981 -0.336184
v -1.798260 1.716728 -0.256608
v -1.808472 1.835640 -0.197607
v -1.842713 1.959612 -0.163202
v -1.898650 2.080197 -0.155736
v -2.046848 2.151957 -0.110906
v -2.139893 2.237744 -0.152243
v -2.239594 2.298239 -0.216471
v -2.339158 2.329322 -0.299214
v -2.431798 2.328873 -0.394833
v -2.511202 2.296923 -0.496812
v -2.571958 2.235649 -0.598200
v -2.609926 2.149228 -0.692089
v -2.622519 2.043548 -0.772080
v -2.608878 1.925812 -0.832722
v -2.569933 1.804042 -0.869882
v -2.508338 1.686538 -0.881027
v -2.428291 1.581307 -0.865399
v -2.335246 1.495520 -0.824063
v -2.235545 1.435024 -0.759834
v -2.135982 1.403942 -0.677091
v -2.043341 1.404391 -0.581473
v -1.963937 1.436341 -0.479494
v -1.903181 1.497614 -0.378106
v -1.865213 1.584036 -0.284217
v -1.852620 1.689716 -0.204226
v -1.866261 1.807452 -0.143584
v -1.905206 1.929222 -0.106424
v -1.966801 2.046726 -0.095278
v -2.117232 2.109967 -0.042694
v -2.216000 2.191388 -0.079314
v -2.321090 2.247427 -0.138820
v -2.425342 2.274266 -0.217157
v -2.521649 2.270076 -0.308987
v -2.603450 2.235142 -0.408051
v -2.665170 2.171845 -0.507598
v -2.702602 2.084499 -0.600844
v -2.713195 1.979056 -0.681435
v -2.696229 1.862702 -0.743879
v -2.652858 1.743366 -0.783920
v -2.586038 1.629181 -0.798829
v -2.500324 1.527928 -0.787590
v -2.401556 1.446507 -0.750970
v -2.296466 1.390468 -0.691464
v -2.192215 1.363629 -0.613127
v -2.095907 1.367819 -0.521298
v -2.014106 1.402753 -0.422234
v -1.952386 1.466049 -0.322687
v -1.914954 1.553396 -0.229440
v -1.904361 1.658839 -0.148849
v -1.921328 1.775193 -0.086406
v -1.964699 1.894529 -0.046365
v -2.031518 2.008714 -0.031456
v -2.183420 2.063394 0.028462
v -2.287318 2.140272 -0.003483
v -2.397168 2.191719 -0.058360
v -2.505484 2.214232 -0.132429
v -2.604885 2.206274 -0.220643
v -2.688596 2.168389 -0.316989
v -2.750913 2.103159 -0.414902
v -2.787589 2.015028 -0.507709
v -2.796124 1.910002 -0.589086
v -2.775937 1.795240 -0.653487
v -2.728404 1.678561 -0.696523
v -2.656764 1.567918 -0.715261
v -2.565899 1.470850 -0.708425
v -2.462001 1.393973 -0.676480
v -2.352151 1.342525 -0.621603
v -2.243835 1.320012 -0.547534
v -2.144434 1.327970 -0.459321
v -2.060723 1.365855 -0.362974
v -1.998406 1.431086 -0.265062
v -1.961730 1.519217 -0.172254
v -1.953195 1.624242 -0.090877
v -1.973382 1.739004 -0.026476
v -2.020915 1.855683 0.016560
v -2.092555 1.966326 0.035298
v -2.245238 2.012408 0.102126
v -2.353727 2.084582 0.074802
v -2.467767 2.131324 0.024450
v -2.579587 2.149449 -0.045501
v -2.681567 2.137722 -0.130283
v -2.766756 2.096941 -0.224118
v -2.829351 2.029886 -0.320612
v -2.865084 1.941127 -0.413188
v -2.871520 1.836712 -0.495538
v -2.848221 1.723757 -0.562050
v -2.796775 1.609960 -0.608190
v -2.720688 1.503076 -0.630815
v -2.625145 1.410389 -0.628383
v -2.516657 1.338215 -0.601060
v -2.402616 1.291473 -0.550707
v -2.290796 1.273348 -0.480756
v -2.188816 1.285075 -0.395974
v -2.103627 1.325856 -0.302139
v -2.041032 1.392911 -0.205646
v -2.005300 1.481670 -0.113070
v -1.998863 1.586085 -0.030720
v -2.022162 1.699040 0.035792
v -2.073608 1.812837 0.081933
v -2.149695 1.919721 0.104558
v -2.302530 1.957157 0.177886
v -2.415118 2.024474 0.155128
v -2.532833 2.066406 0.109191
v -2.647653 2.080097 0.043205
v -2.751754 2.064612 -0.038334
v -2.838042 2.021008 -0.129868
v -2.900635 1.952255 -0.225160
v -2.935269 1.863040 -0.317716
v -2.939583 1.759442 -0.401228
v -2.913283 1.648522 -0.470005
v -2.858161 1.537837 -0.519360
v -2.777974 1.434932 -0.545929
v -2.678187 1.346818 -0.547902
v -2.565599 1.279502 -0.525145
v -2.447884 1.237569 -0.479208
v -2.333063 1.223879 -0.413221
v -2.228962 1.239364 -0.331683
v -2.142675 1.282968 -0.240148
v -2.080081 1.351720 -0.144856
v -2.045448 1.440935 -0.052301
v -2.041134 1.544533 0.031211
v -2.067434 1.655454 0.099988
v -2.122556 1.766139 0.149343
v -2.202743 1.869044 0.175912
v -2.355146 1.897767 0.255347
v -2.471383 1.960070 0.237104
v -2.592305 1.997090 0.195478
v -2.709672 2.006304 0.133306
v -2.815486 1.987084 0.054824
v -2.902535 1.940741 -0.034619
v -2.964888 1.870432 -0.128928
v -2.998295 1.780949 -0.221676
v -3.000479 1.678390 -0.306542
v -2.971292 1.569744 -0.377742
v -2.912722 1.462415 -0.430425
v -2.828762 1.363717 -0.461000
v -2.725132 1.280377 -0.467384
v -2.608896 1.218074 -0.449141
v -2.487973 1.181054 -0.407515
v -2.370606 1.171840 -0.345343
v -2.264792 1.191060 -0.266861
v -2.177743 1.237403 -0.177418
v -2.115390 1.307712 -0.083109
v -2.081983 1.397195 0.009639
v -2.079799 1.499754 0.094505
v -2.108986 1.608401 0.165705
v -2.167556 1.715730 0.218388
v -2.251516 1.814427 0.248963
v -2.402935 1.834337 0.334132
v -2.522403 1.891460 0.320361
v -2.646103 1.923460 0.282950
v -2.765606 1.928157 0.224447
v -2.872766 1.905229 0.148840
v -2.960281 1.856240 0.061282
v -3.022188 1.784529 -0.032262
v -3.054267 1.694981 -0.125415
v -3.054332 1.593700 -0.211830
v -3.022379 1.487588 -0.285618
v -2.960586 1.383876 -0.341750
v -2.873163 1.289633 -0.376401
v -2.766068 1.211279 -0.387209
v -2.646599 1.154156 -0.373438
v -2.522899 1.122156 -0.336027
v -2.403397 1.117460 -0.277524
v -2.296237 1.140387 -0.201917
v -2.208721 1.189376 -0.114359
v -2.146815 1.261088 -0.020815
v -2.114736 1.350635 0.072338
v -2.114670 1.451916 0.158754
v -2.146623 1.558028 0.232541
v -2.208417 1.661740 0.288673
v -2.295840 1.755984 0.323324
v -2.445734 1.766945 0.413873
v -2.568041 1.818707 0.404542
v -2.694120 1.845569 0.371258
v -2.815380 1.845700 0.316290
v -2.923555 1.819093 0.243383
v -3.011276 1.767559 0.157506
v -3.072562 1.694611 0.064512
v -3.103239 1.605221 -0.029263
v -3.101215 1.505479 -0.117427
v -3.066628 1.402184 -0.193972
v -3.001836 1.302374 -0.253683
v -2.911253 1.212852 -0.292489
v -2.801053 1.139718 -0.307746
v -2.678746 1.087956 -0.298415
v -2.552666 1.061095 -0.265131
v -2.431407 1.060963 -0.210163
v -2.323231 1.087571 -0.137256
v -2.235511 1.139104 -0.051379
v -2.174224 1.212052 0.041615
v -2.143547 1.301443 0.135390
v -2.145571 1.401184 0.223554
v -2.180158 1.504479 0.300099
v -2.244951 1.604289 0.359810
v -2.335534 1.693811 0.398616
v -2.483361 1.695648 0.494204
v -2.608129 1.741845 0.489291
v -2.736210 1.763435 0.460059
v -2.858875 1.758946 0.408498
v -2.967765 1.728685 0.338123
v -3.055459 1.674713 0.253730
v -3.115982 1.600710 0.161070
v -3.145207 1.511717 0.066458
v -3.141144 1.413799 -0.023659
v -3.104070 1.313631 -0.103140
v -3.036512 1.218037 -0.166567
v -2.943072 1.133533 -0.209619
v -2.830119 1.065877 -0.229361
v -2.705351 1.019680 -0.224449
v -2.577270 0.998090 -0.195216
v -2.454605 1.002579 -0.143655
v -2.345715 1.032840 -0.073281
v -2.258021 1.086812 0.011112
v -2.197499 1.160816 0.103772
v -2.168273 1.249809 0.198385
v -2.172336 1.347726 0.288502
v -2.209410 1.447895 0.367982
v -2.276969 1.543488 0.431410
v -2.370408 1.627993 0.474461
v -2.515610 1.620487 0.574753
v -2.642467 1.660891 0.574248
v -2.772185 1.677055 0.549000
v -2.895923 1.667879 0.500729
v -3.005248 1.633987 0.432725
v -3.092712 1.577690 0.349621
v -3.152352 1.502824 0.257082
v -3.180106 1.414491 0.161414
v -3.174080 1.318711 0.069136
v -3.134686 1.222011 -0.013463
v -3.064609 1.130980 -0.080754
v -2.968625 1.051823 -0.128151
v -2.853273 0.989934 -0.152424
v -2.726416 0.949531 -0.151920
v -2.596699 0.933367 -0.126672
v -2.472961 0.942543 -0.078400
v -2.363635 0.976434 -0.010396
v -2.276171 1.032731 0.072707
v -2.216531 1.107597 0.165246
v -2.188778 1.195930 0.260915
v -2.194803 1.291711 0.353193
v -2.234197 1.388411 0.435791
v -2.304274 1.479442 0.503082
v -2.400259 1.558598 0.550479
v -2.542242 1.541491 0.655134
v -2.670812 1.575842 0.659034
v -2.801805 1.586406 0.637710
v -2.926294 1.572462 0.592617
v -3.035795 1.534960 0.526826
v -3.122847 1.476457 0.444821
v -3.181516 1.400939 0.352191
v -3.207805 1.313552 0.255248
v -3.199922 1.220252 0.160600
v -3.158403 1.127397 0.074695
v -3.086080 1.041316 0.003388
v -2.987880 0.967873 -0.048461
v -2.870495 0.912075 -0.077318
v -2.741925 0.877724 -0.081218
v -2.610933 0.867160 -0.059895
v -2.486444 0.881104 -0.014801
v -2.376942 0.918606 0.050990
v -2.289891 0.977109 0.132994
v -2.231221 1.052627 0.225624
v -2.204933 1.140014 0.322567
v -2.212816 1.233314 0.417215
v -2.254334 1.326168 0.503120
v -2.326657 1.412250 0.574427
v -2.424858 1.485693 0.626276
v -2.562984 1.458685 0.734933
v -2.692876 1.486694 0.743238
v -2.824777 1.491458 0.725782
v -2.949699 1.472651 0.683757
v -3.059129 1.431556 0.620026
v -3.145609 1.370973 0.538931
v -3.203245 1.295030 0.446001
v -3.228110 1.208903 0.347566
v -3.218510 1.118461 0.250337
v -3.175098 1.029869 0.160939
v -3.100833 0.949162 0.085463
v -3.000776 0.881842 0.029055
v -2.881745 0.832496 -0.004443
v -2.751853 0.804486 -0.012748
v -2.619952 0.799723 0.004708
v -2.495030 0.818529 0.046733
v -2.385600 0.859624 0.110465
v -2.299120 0.920208 0.191559
v -2.241484 0.996151 0.284489
v -2.216619 1.082278 0.382924
v -2.226219 1.172719 0.480153
v -2.269631 1.261312 0.569551
v -2.343896 1.342019 0.645027
v -2.443953 1.409339 0.701435
v -2.577522 1.372103 0.813703
v -2.708321 1.393448 0.826407
v -2.840751 1.392188 0.812760
v -2.965786 1.368411 0.773692
v -3.074906 1.323736 0.711867
v -3.160674 1.261207 0.631496
v -3.217245 1.185086 0.538058
v -3.240764 1.100561 0.437920
v -3.229629 1.013391 0.337906
v -3.184598 0.929517 0.244831
v -3.108740 0.854656 0.165040
v -3.007224 0.793908 0.103969
v -2.886969 0.751413 0.065781
v -2.756170 0.730069 0.053077
v -2.623741 0.731328 0.066724
v -2.498706 0.755105 0.105791
v -2.389586 0.799781 0.167617
v -2.303818 0.862309 0.247987
v -2.247247 0.938430 0.341425
v -2.223727 1.022955 0.441564
v -2.234863 1.110125 0.541578
v -2.279894 1.193999 0.634652
v -2.355752 1.268860 0.714443
v -2.457267 1.329608 0.775514
v -2.585508 1.281798 0.890943
v -2.716765 1.296125 0.908028
v -2.849319 1.288599 0.898120
v -2.974137 1.259730 0.861893
v -3.082713 1.211488 0.801816
v -3.167649 1.147159 0.721984
v -3.223155 1.071127 0.627837
v -3.245449 0.988575 0.525791
v -3.233012 0.905127 0.422800
v -3.186691 0.826470 0.325883
v -3.109643 0.757965 0.241645
v -3.007119 0.704281 0.175826
v -2.886105 0.669075 0.132911
v -2.754849 0.654747 0.115826
v -2.622295 0.662274 0.125735
v -2.497477 0.691142 0.161962
v -2.388900 0.739385 0.222039
v -2.303965 0.803714 0.301871
v -2.248459 0.879745 0.396018
v -2.226165 0.962298 0.498064
v -2.238602 1.045746 0.601055
v -2.284923 1.124403 0.697971
v -2.361971 1.192907 0.782210
v -2.464495 1.246592 0.848029
v -2.586560 1.187864 0.966095
v -2.717779 1.194797 0.987517
v -2.850023 1.180741 0.981255
v -2.974281 1.146655 0.947737
v -3.082084 1.094861 0.889246
v -3.166086 1.028888 0.809768
v -3.220562 0.953233 0.714720
v -3.241800 0.873052 0.610579
v -3.228352 0.793809 0.504442
v -3.181135 0.720903 0.403543
v -3.103366 0.659304 0.314756
v -3.000346 0.613210 0.244134
v -2.879095 0.585761 0.196488
v -2.747876 0.578828 0.175066
v -2.615632 0.592883 0.181328
v -2.491374 0.626970 0.214846
v -2.383571 0.678764 0.273338
v -2.299569 0.744737 0.352815
v -2.245093 0.820391 0.447863
v -2.223855 0.900572 0.552004
v -2.237303 0.979816 0.658141
v -2.284520 1.052721 0.759041
v -2.362288 1.114320 0.847827
v -2.465309 1.160415 0.918449
v -2.580273 1.090459 1.038528
v -2.710908 1.089605 1.064201
v -2.842373 1.068752 1.061462
v -2.965709 1.029319 1.030498
v -3.072510 0.973995 0.973417
v -3.155498 0.906549 0.894112
v -3.209018 0.831578 0.797985
v -3.229422 0.754191 0.691588
v -3.215320 0.679661 0.582172
v -3.167673 0.613069 0.477193
v -3.089728 0.558951 0.383806
v -2.986797 0.520996 0.308374
v -2.865894 0.501791 0.256038
v -2.735259 0.502645 0.230364
v -2.603794 0.523498 0.233104
v -2.480459 0.562930 0.264068
v -2.373658 0.618255 0.321149
v -2.290669 0.685701 0.400454
v -2.237149 0.760672 0.496581
v -2.216745 0.838059 0.602978
v -2.230847 0.912588 0.712394
v -2.278494 0.979181 0.817373
v -2.356439 1.033299 0.910760
v -2.459370 1.071253 0.986192
v -2.566246 0.989829 1.107538
v -2.695695 0.980801 1.137317
v -2.825871 0.952888 1.137929
v -2.947904 0.907992 1.109331
v -3.053475 0.849172 1.053473
v -3.135392 0.780437 0.974160
v -3.188072 0.706471 0.876798
v -3.207924 0.632314 0.768023
v -3.193595 0.563021 0.655246
v -3.146063 0.503313 0.546154
v -3.068566 0.457260 0.448181
v -2.966386 0.428000 0.368004
v -2.846486 0.417527 0.311086
v -2.717037 0.426555 0.281306
v -2.586860 0.454468 0.280695
v -2.464828 0.499364 0.309293
v -2.359256 0.558184 0.365151
v -2.277340 0.626920 0.444464
v -2.224660 0.700886 0.541825
v -2.204808 0.775042 0.650601
v -2.219136 0.844335 0.763377
v -2.266669 0.904043 0.872469
v -2.344166 0.950096 0.970443
v -2.446346 0.979356 1.050620
v -2.544107 0.886344 1.172348
v -2.671715 0.868781 1.206011
v -2.800057 0.833573 1.209740
v -2.920389 0.783119 1.183280
v -3.024509 0.720857 1.128436
v -3.105321 0.651031 1.048944
v -3.157319 0.578398 0.950221
v -3.176959 0.507909 0.838997
v -3.162902 0.444368 0.722849
v -3.116107 0.392104 0.609694
v -3.039762 0.354679 0.507243
v -2.939070 0.334644 0.422477
v -2.820894 0.333364 0.361174
v -2.693286 0.350927 0.327511
v -2.564943 0.386135 0.323782
v -2.444612 0.436589 0.350242
v -2.340492 0.498851 0.405086
v -2.259680 0.568677 0.484578
v -2.207682 0.641310 0.583301
v -2.188042 0.711799 0.694526
v -2.202099 0.775341 0.810673
v -2.248894 0.827605 0.923828
v -2.325239 0.865029 1.026279
v -2.425930 0.885064 1.111045
v -2.513559 0.780520 1.232128
v -2.638629 0.754121 1.269357
v -2.764567 0.711435 1.275896
v -2.882792 0.655370 1.251298
v -2.985246 0.589747 1.197240
v -3.064948 0.519039 1.117406
v -3.116465 0.448065 1.017237
v -3.136287 0.381659 0.903558
v -3.123063 0.324350 0.784117
v -3.077695 0.280040 0.667054
v -3.003273 0.251752 0.560346
v -2.904871 0.241411 0.471265
v -2.789193 0.249724 0.405882
v -2.664123 0.276123 0.368653
v -2.538185 0.318809 0.362114
v -2.419960 0.374874 0.386712
v -2.317506 0.440496 0.440770
v -2.237804 0.511204 0.520604
v -2.186287 0.582179 0.620773
v -2.166465 0.648584 0.734452
v -2.179689 0.705894 0.853893
v -2.225057 0.750203 0.970956
v -2.299479 0.778492 1.077664
v -2.397881 0.788832 1.166745
v -2.474433 0.673038 1.286030
v -2.596249 0.637596 1.326403
v -2.719206 0.587328 1.335362
v -2.834922 0.525659 1.312297
v -2.935514 0.456792 1.258779
v -3.014124 0.385421 1.178456
v -3.065397 0.316408 1.076801
v -3.085838 0.254458 0.960742
v -3.074054 0.203792 0.838188
v -3.030848 0.167862 0.717491
v -2.959165 0.149118 0.606877
v -2.863889 0.148836 0.513883
v -2.751514 0.167036 0.444847
v -2.629698 0.202478 0.404474
v -2.506742 0.252746 0.395514
v -2.391025 0.314415 0.418579
v -2.290434 0.383282 0.472097
v -2.211823 0.454653 0.552421
v -2.160550 0.523666 0.654076
v -2.140109 0.585616 0.770135
v -2.151893 0.636283 0.892689
v -2.195099 0.672212 1.013385
v -2.266782 0.690957 1.124000
v -2.362058 0.691238 1.216994
v -2.426737 0.564742 1.333241
v -2.544600 0.520181 1.376231
v -2.664015 0.462334 1.387142
v -2.776846 0.395144 1.365231
v -2.875403 0.323190 1.311991
v -2.952970 0.251375 1.231051
v -3.004260 0.184593 1.127925
v -3.025778 0.127395 1.009642
v -3.016058 0.083680 0.884263
v -2.975762 0.056426 0.760332
v -2.907636 0.047491 0.646295
v -2.816324 0.057484 0.549923
v -2.708047 0.085723 0.477784
v -2.590185 0.130284 0.434794
v -2.470769 0.188131 0.423883
v -2.357938 0.255321 0.445794
v -2.259381 0.327275 0.499034
v -2.181815 0.399091 0.579974
v -2.130525 0.465872 0.683100
v -2.109007 0.523070 0.801383
v -2.118727 0.566785 0.926762
v -2.159022 0.594039 1.050692
v -2.227148 0.602974 1.164730
v -2.318461 0.592982 1.261101
v -2.370702 0.456608 1.373052
v -2.483964 0.403008 1.418040
v -2.599333 0.337713 1.430368
v -2.708946 0.265172 1.409195
v -2.805332 0.190329 1.355963
v -2.881924 0.118285 1.274301
v -2.933501 0.053949 1.169773
v -2.956549 0.001705 1.049504
v -2.949498 -0.034886 0.921688
v -2.912826 -0.053330 0.795038
v -2.849035 -0.052371 0.678182
v -2.762471 -0.032074 0.579086
v -2.659033 0.006178 0.504503
v -2.545770 0.059778 0.459514
v -2.430401 0.125073 0.447186
v -2.320789 0.197614 0.468360
v -2.224402 0.272457 0.521591
v -2.147811 0.344501 0.603254
v -2.096233 0.408837 0.707781
v -2.073185 0.461081 0.828051
v -2.080237 0.497672 0.955866
v -2.116908 0.516116 1.082517
v -2.180699 0.515157 1.199372
v -2.267264 0.494860 1.298468
v -2.306790 0.349683 1.404928
v -2.414905 0.287295 1.451234
v -2.525805 0.214816 1.464398
v -2.631933 0.137185 1.443524
v -2.726056 0.059692 1.390034
v -2.801759 -0.012380 1.307572
v -2.853885 -0.074122 1.201759
v -2.878879 -0.121324 1.079806
v -2.875040 -0.150771 0.950024
v -2.842629 -0.160456 0.821256
v -2.783854 -0.149718 0.702279
v -2.702721 -0.119290 0.601200
v -2.604758 -0.071245 0.524908
v -2.496643 -0.008857 0.478602
v -2.385743 0.063622 0.465437
v -2.279615 0.141253 0.486312
v -2.185493 0.218746 0.539802
v -2.109789 0.290818 0.622263
v -2.057664 0.352560 0.728076
v -2.032669 0.399762 0.850029
v -2.036508 0.429209 0.979812
v -2.068920 0.438894 1.108579
v -2.127695 0.428156 1.227557
v -2.208828 0.397728 1.328636
v -2.235684 0.245006 1.428561
v -2.338235 0.174244 1.475479
v -2.444356 0.094972 1.488889
v -2.546814 0.012594 1.467877
v -2.638627 -0.067277 1.413875
v -2.713539 -0.139198 1.330562
v -2.766445 -0.198267 1.223617
v -2.793738 -0.240459 1.100327
v -2.793559 -0.262898 0.969095
v -2.765920 -0.264056 0.838864
v -2.712705 -0.243853 0.718509
v -2.637540 -0.203667 0.616232
v -2.545547 -0.146235 0.539002
v -2.442996 -0.075473 0.492084
v -2.336876 0.003799 0.478674
v -2.234418 0.086177 0.499686
v -2.142604 0.166048 0.553689
v -2.067692 0.237969 0.637001
v -2.014787 0.297038 0.743946
v -1.987494 0.339230 0.867236
v -1.987673 0.361669 0.998468
v -2.015311 0.362827 1.128699
v -2.068527 0.342624 1.249054
v -2.143692 0.302438 1.351332
v -2.158230 0.143527 1.443898
v -2.254952 0.064939 1.490741
v -2.356105 -0.020630 1.503827
v -2.454798 -0.107349 1.482263
v -2.544304 -0.189308 1.427520
v -2.618523 -0.260921 1.343327
v -2.672397 -0.317309 1.235423
v -2.702256 -0.354629 1.111161
v -2.706064 -0.370337 0.979009
v -2.683562 -0.363362 0.847973
v -2.636283 -0.334181 0.726983
v -2.567449 -0.284782 0.624285
v -2.481752 -0.218531 0.546876
v -2.385030 -0.139943 0.500033
v -2.283876 -0.054374 0.486947
v -2.185184 0.032345 0.508511
v -2.095678 0.114304 0.563254
v -2.021459 0.185918 0.647447
v -1.967584 0.242306 0.755351
v -1.937725 0.279625 0.879613
v -1.933917 0.295333 1.011765
v -1.956420 0.288359 1.142801
v -2.003699 0.259178 1.263791
v -2.072532 0.209778 1.366489
v -2.075364 0.046034 1.451128
v -2.166144 -0.039733 1.497264
v -2.262268 -0.131033 1.509506
v -2.357184 -0.221646 1.487020
v -2.444425 -0.305395 1.431338
v -2.518046 -0.376574 1.346256
v -2.573028 -0.430332 1.237571
v -2.605625 -0.463005 1.112690
v -2.613616 -0.472367 0.980123
v -2.596457 -0.457779 0.848906
v -2.555315 -0.420237 0.727979
v -2.492996 -0.362297 0.625584
v -2.413746 -0.287910 0.548698
v -2.322966 -0.202143 0.502563
v -2.226843 -0.110843 0.490321
v -2.131926 -0.020230 0.512807
v -2.044685 0.063519 0.568488
v -1.971065 0.134698 0.653571
v -1.916083 0.188456 0.762256
v -1.883486 0.221129 0.887137
v -1.875494 0.230491 1.019703
v -1.892654 0.215903 1.150921
v -1.933795 0.178361 1.271848
v -1.996115 0.120421 1.374243
v -1.988037 -0.046883 1.450644
v -2.072902 -0.139129 1.495520
v -2.164043 -0.235560 1.506469
v -2.255247 -0.329605 1.482745
v -2.340299 -0.414853 1.425963
v -2.413404 -0.485496 1.339995
v -2.469580 -0.536720 1.230698
v -2.504997 -0.565033 1.105520
v -2.517243 -0.568507 0.972994
v -2.505482 -0.546904 0.842149
v -2.470517 -0.501696 0.721903
v -2.414730 -0.435965 0.620450
v -2.341923 -0.354190 0.544704
v -2.257058 -0.261944 0.499828
v -2.165917 -0.165513 0.488879
v -2.074713 -0.071469 0.512604
v -1.989660 0.013780 0.569385
v -1.916555 0.084423 0.655354
v -1.860380 0.135646 0.764651
v -1.824963 0.163960 0.889828
v -1.812717 0.167433 1.022355
v -1.824478 0.145830 1.153200
v -1.859443 0.100623 1.273446
v -1.915230 0.034892 1.374899
v -1.897144 -0.134838 1.442982
v -1.976236 -0.232854 1.486142
v -2.062528 -0.333813 1.495428
v -2.150142 -0.430834 1.470208
v -2.233106 -0.517306 1.412200
v -2.305767 -0.587336 1.325357
v -2.363172 -0.636151 1.215597
v -2.401410 -0.660424 1.090401
v -2.417874 -0.658502 0.958300
v -2.411443 -0.630516 0.828297
v -2.382555 -0.578372 0.709252
v -2.333179 -0.505624 0.609276
v -2.266680 -0.417230 0.535183
v -2.187588 -0.319214 0.492023
v -2.101296 -0.218255 0.482737
v -2.013682 -0.121234 0.507957
v -1.930718 -0.034762 0.565966
v -1.858057 0.035268 0.652809
v -1.800652 0.084083 0.762568
v -1.762414 0.108356 0.887764
v -1.745950 0.106434 1.019865
v -1.752381 0.078448 1.149868
v -1.781269 0.026304 1.268914
v -1.830645 -0.046444 1.368889
v -1.803488 -0.217630 1.428761
v -1.877029 -0.320728 1.469843
v -1.958674 -0.425636 1.477177
v -2.042860 -0.525204 1.450261
v -2.123848 -0.612647 1.390931
v -2.196120 -0.682005 1.303230
v -2.254751 -0.728552 1.193133
v -2.295745 -0.749115 1.068145
v -2.316309 -0.742294 0.936783
v -2.315040 -0.708554 0.807999
v -2.292026 -0.650193 0.690569
v -2.248835 -0.571188 0.592497
v -2.188410 -0.476925 0.520465
v -2.114869 -0.373826 0.479382
v -2.033224 -0.268918 0.472049
v -1.949038 -0.169350 0.498965
v -1.868050 -0.081908 0.558295
v -1.795778 -0.012550 0.645996
v -1.737147 0.033997 0.756093
v -1.696153 0.054561 0.881081
v -1.675589 0.047740 1.012443
v -1.676858 0.013999 1.141227
v -1.699872 -0.044362 1.258656
v -1.743063 -0.123366 1.356729
v -1.707753 -0.295210 1.408631
v -1.776021 -0.402749 1.447363
v -1.853259 -0.511068 1.452526
v -1.934201 -0.612787 1.423767
v -2.013331 -0.700973 1.363047
v -2.085258 -0.769617 1.274503
v -2.145080 -0.814040 1.164170
v -2.188719 -0.831215 1.039567
v -2.213201 -0.819972 0.909184
v -2.216859 -0.781077 0.781909
v -2.199444 -0.717180 0.666413
v -2.162141 -0.632637 0.570568
v -2.107493 -0.533208 0.500905
v -2.039224 -0.425669 0.462173
v -1.961986 -0.317350 0.457010
v -1.881044 -0.215631 0.485769
v -1.801914 -0.127445 0.546489
v -1.729987 -0.058801 0.635032
v -1.670165 -0.014378 0.745366
v -1.626526 0.002797 0.869969
v -1.602044 -0.008446 1.000351
v -1.598386 -0.047341 1.127627
v -1.615802 -0.111238 1.243123
v -1.653105 -0.195781 1.338968
v -1.610500 -0.367643 1.383231
v -1.673804 -0.479037 1.419417
v -1.746893 -0.590281 1.422254
v -1.824787 -0.693795 1.391548
v -1.902176 -0.782524 1.329392
v -1.973788 -0.850422 1.240022
v -2.034742 -0.892861 1.129527
v -2.080883 -0.906949 1.005439
v -2.109068 -0.891726 0.876213
v -2.117376 -0.848230 0.750657
v -2.105240 -0.779425 0.637326
v -2.073488 -0.689999 0.543944
v -2.024283 -0.586048 0.476874
v -1.960979 -0.474654 0.440688
v -1.887890 -0.363410 0.437851
v -1.809996 -0.259896 0.468557
v -1.732606 -0.171167 0.530713
v -1.660995 -0.103269 0.620083
v -1.600041 -0.060830 0.730578
v -1.553900 -0.046742 0.854666
v -1.525715 -0.061965 0.983892
v -1.517407 -0.105461 1.109448
v -1.529543 -0.174266 1.222779
v -1.561295 -0.263692 1.316161
v -1.512181 -0.435069 1.353167
v -1.570837 -0.549796 1.386674
v -1.640043 -0.663531 1.387080
v -1.715082 -0.768525 1.354357
v -1.790841 -0.857622 1.290736
v -1.862157 -0.924750 1.200551
v -1.924170 -0.965335 1.089950
v -1.972653 -0.976611 0.966469
v -2.004303 -0.957809 0.838523
v -2.016963 -0.910211 0.714832
v -2.009770 -0.837061 0.603824
v -1.983214 -0.743342 0.513066
v -1.939105 -0.635444 0.448741
v -1.880449 -0.520717 0.415234
v -1.811243 -0.406982 0.414828
v -1.736204 -0.301988 0.447551
v -1.660445 -0.212891 0.511173
v -1.589129 -0.145763 0.601357
v -1.527116 -0.105178 0.711958
v -1.478633 -0.093902 0.835440
v -1.446983 -0.112704 0.963385
v -1.434323 -0.160302 1.087077
v -1.441516 -0.233452 1.198084
v -1.468072 -0.327170 1.288843
v -1.413149 -0.497675 1.318995
v -1.467469 -0.615274 1.349739
v -1.533050 -0.731120 1.347649
v -1.605421 -0.837318 1.312867
v -1.679651 -0.926631 1.247763
v -1.750681 -0.992972 1.156774
v -1.813672 -1.031820 1.046102
v -1.864329 -1.040529 0.923287
v -1.899200 -1.018504 0.796700
v -1.915911 -0.967246 0.674968
v -1.913320 -0.890249 0.566386
v -1.891606 -0.792760 0.478353
v -1.852248 -0.681422 0.416870
v -1.797927 -0.563823 0.386126
v -1.732347 -0.447977 0.388216
v -1.659976 -0.341779 0.422998
v -1.585746 -0.252466 0.488102
v -1.514715 -0.186125 0.579091
v -1.451725 -0.147277 0.689763
v -1.401068 -0.138568 0.812578
v -1.366196 -0.160593 0.939165
v -1.349486 -0.211851 1.060897
v -1.352077 -0.288848 1.169479
v -1.373791 -0.386337 1.257512
v -1.313676 -0.555672 1.281217
v -1.363958 -0.675742 1.309152
v -1.426157 -0.793365 1.304529
v -1.496034 -0.900527 1.267665
v -1.568827 -0.989924 1.201071
v -1.639575 -1.055464 1.109285
v -1.703456 -1.092680 0.998562
v -1.756118 -1.099037 0.876449
v -1.793971 -1.074101 0.751266
v -1.814436 -1.019572 0.631545
v -1.816119 -0.939165 0.525445
v -1.798904 -0.838360 0.440196
v -1.763964 -0.724027 0.381607
v -1.713682 -0.603957 0.353672
v -1.651483 -0.486334 0.358295
v -1.581606 -0.379172 0.395159
v -1.508813 -0.289775 0.461753
v -1.438065 -0.224235 0.553539
v -1.374184 -0.187019 0.664262
v -1.321522 -0.180662 0.786375
v -1.283669 -0.205598 0.911558
v -1.263203 -0.260128 1.031279
v -1.261521 -0.340534 1.137379
v -1.278736 -0.441339 1.222628
v -1.213966 -0.609279 1.240279
v -1.260490 -0.731470 1.265387
v -1.319534 -0.850582 1.258219
v -1.387075 -0.958499 1.219263
v -1.458511 -1.047866 1.151176
v -1.528972 -1.112593 1.058596
v -1.593658 -1.148268 0.947834
v -1.648160 -1.152461 0.826436
v -1.688764 -1.124886 0.702677
v -1.712702 -1.067422 0.584990
v -1.718344 -0.983985 0.481396
v -1.705305 -0.880261 0.398953
v -1.674473 -0.763319 0.343282
v -1.627950 -0.641128 0.318174
v -1.568906 -0.522016 0.325342
v -1.501364 -0.414099 0.364298
v -1.429929 -0.324732 0.432385
v -1.359467 -0.260005 0.524965
v -1.294781 -0.224330 0.635727
v -1.240279 -0.220137 0.757125
v -1.199675 -0.247712 0.880884
v -1.175737 -0.305176 0.998571
v -1.170095 -0.388613 1.102165
v -1.183134 -0.492337 1.184608
v -1.114175 -0.658711 1.196580
v -1.157195 -0.782720 1.218861
v -1.213290 -0.903071 1.209147
v -1.278638 -1.011562 1.168102
v -1.348786 -1.100800 1.098523
v -1.418954 -1.164702 1.005151
v -1.484358 -1.198915 0.894349
v -1.540543 -1.201107 0.773668
v -1.583679 -1.171128 0.651332
v -1.610826 -1.111022 0.535679
v -1.620136 -1.024884 0.434591
v -1.610972 -0.918584 0.354955
v -1.583960 -0.799368 0.302199
v -1.540940 -0.675359 0.279918
v -1.484845 -0.555008 0.289631
v -1.419497 -0.446517 0.330676
v -1.349349 -0.357279 0.400256
v -1.279181 -0.293377 0.493628
v -1.213777 -0.259164 0.604430
v -1.157592 -0.256972 0.725111
v -1.114456 -0.286951 0.847446
v -1.087308 -0.347057 0.963099
v -1.077999 -0.433195 1.064188
v -1.087163 -0.539495 1.143824
v -1.014415 -0.704174 1.150469
v -1.054163 -0.829739 1.169937
v -1.107495 -0.951111 1.157690
v -1.170776 -1.060018 1.114562
v -1.239696 -1.149040 1.043494
v -1.309556 -1.212108 0.949327
v -1.375595 -1.244925 0.838480
v -1.433314 -1.245255 0.718505
v -1.478779 -1.213076 0.597581
v -1.508891 -1.150579 0.483946
v -1.521599 -1.062025 0.385346
v -1.516036 -0.953448 0.308499
v -1.492582 -0.832247 0.258643
v -1.452834 -0.706682 0.239175
v -1.399502 -0.585311 0.251422
v -1.336220 -0.476403 0.294549
v -1.267301 -0.387382 0.365618
v -1.197441 -0.324314 0.459785
v -1.131401 -0.291496 0.570632
v -1.073682 -0.291166 0.690606
v -1.028218 -0.323346 0.811531
v -0.998105 -0.385842 0.925166
v -0.985398 -0.474396 1.023766
v -0.990961 -0.582974 1.100613
v -0.914769 -0.745861 1.102256
v -0.951452 -0.872753 1.118934
v -1.002185 -0.994956 1.104171
v -1.063511 -1.104142 1.058972
v -1.131250 -1.192870 0.986417
v -1.200786 -1.255093 0.891452
v -1.267381 -1.286572 0.780548
v -1.326495 -1.285161 0.661263
v -1.374100 -1.250956 0.541726
v -1.406953 -1.186287 0.430084
v -1.422814 -1.095563 0.333943
v -1.420602 -0.984966 0.259857
v -1.400468 -0.862032 0.212875
v -1.363785 -0.735140 0.196197
v -1.313052 -0.612938 0.210961
v -1.251726 -0.503752 0.256160
v -1.183987 -0.415023 0.328714
v -1.114451 -0.352800 0.423679
v -1.047856 -0.321321 0.534583
v -0.988742 -0.322732 0.653868
v -0.941137 -0.356938 0.773405
v -0.908284 -0.421606 0.885047
v -0.892423 -0.512330 0.981188
v -0.894635 -0.622927 1.055274
v -0.815294 -0.783946 1.052217
v -0.849098 -0.911966 1.066132
v -0.897378 -1.034834 1.048873
v -0.956843 -1.144177 1.001615
v -1.023441 -1.232544 0.927578
v -1.092633 -1.293913 0.831809
v -1.159705 -1.324100 0.720834
v -1.220085 -1.321050 0.602215
v -1.269658 -1.284970 0.484037
v -1.305046 -1.218319 0.374353
v -1.323838 -1.125639 0.280637
v -1.324753 -1.013245 0.209277
v -1.307728 -0.888798 0.165135
v -1.273924 -0.760779 0.151220
v -1.225645 -0.637911 0.168479
v -1.166180 -0.528567 0.215738
v -1.099582 -0.440201 0.289774
v -1.030389 -0.378832 0.385543
v -0.963318 -0.348644 0.496518
v -0.902938 -0.351694 0.615137
v -0.853364 -0.387775 0.733315
v -0.817976 -0.454426 0.842999
v -0.799184 -0.547106 0.936715
v -0.798269 -0.659499 1.008075
v -0.716032 -0.818591 1.000596
v -0.747119 -0.947563 1.011778
v -0.793071 -1.070950 0.992045
v -0.850756 -1.180343 0.942740
v -0.916243 -1.268287 0.867224
v -0.985070 -1.328789 0.770643
v -1.052545 -1.357726 0.659579
v -1.114070 -1.353125 0.541601
v -1.165453 -1.315300 0.424748
v -1.203192 -1.246830 0.316985
v -1.224714 -1.152379 0.225655
v -1.228555 -1.038385 0.156981
v -1.214450 -0.912616 0.115645
v -1.183363 -0.783644 0.104462
v -1.137411 -0.660257 0.124196
v -1.079725 -0.550864 0.173501
v -1.014238 -0.462920 0.249017
v -0.945412 -0.402418 0.345598
v -0.877937 -0.373482 0.456661
v -0.816412 -0.378082 0.574640
v -0.765029 -0.415907 0.691492
v -0.727290 -0.484378 0.799255
v -0.705767 -0.578828 0.890586
v -0.701927 -0.692822 0.959259
v -0.617008 -0.849937 0.947611
v -0.645521 -0.979708 0.956091
v -0.689254 -1.103484 0.933905
v -0.745227 -1.212831 0.882565
v -0.809625 -1.300296 0.805571
v -0.878059 -1.359919 0.708169
v -0.945867 -1.387637 0.596997
v -1.008426 -1.381561 0.479631
v -1.061474 -1.342104 0.364069
v -1.101395 -1.271957 0.258187
v -1.125469 -1.175898 0.169201
v -1.132056 -1.060475 0.103174
v -1.120706 -0.933553 0.064607
v -1.092192 -0.803782 0.056127
v -1.048459 -0.680006 0.078313
v -0.992487 -0.570659 0.129652
v -0.928089 -0.483194 0.206647
v -0.859654 -0.423571 0.304049
v -0.791847 -0.395853 0.415221
v -0.729288 -0.401929 0.532587
v -0.676240 -0.441386 0.648149
v -0.636319 -0.511534 0.754031
v -0.612244 -0.607592 0.843017
v -0.605658 -0.723015 0.909044
v -0.518240 -0.878112 0.893461
v -0.544302 -1.008544 0.899267
v -0.585908 -1.132594 0.874649
v -0.640223 -1.241807 0.821285
v -0.703545 -1.328742 0.742812
v -0.771560 -1.387473 0.644578
v -0.839631 -1.413999 0.533276
v -0.903121 -1.406511 0.416492
v -0.957702 -1.365520 0.302185
v -0.999654 -1.293820 0.198145
v -1.026120 -1.196296 0.111461
v -1.035294 -1.079595 0.048041
v -1.026553 -0.951670 0.012208
v -1.000491 -0.821238 0.006402
v -0.958885 -0.697188 0.031020
v -0.904570 -0.587975 0.084383
v -0.841247 -0.501040 0.162857
v -0.773233 -0.442309 0.261091
v -0.705161 -0.415783 0.372393
v -0.641672 -0.423271 0.489176
v -0.587091 -0.464261 0.603483
v -0.545138 -0.535962 0.707524
v -0.518673 -0.633486 0.794208
v -0.509499 -0.750187 0.857627
v -0.419737 -0.903228 0.838325
v -0.443452 -1.034198 0.841484
v -0.483008 -1.158415 0.814452
v -0.535708 -1.267416 0.759072
v -0.597961 -1.353772 0.679118
v -0.665525 -1.411597 0.580039
v -0.733794 -1.436952 0.468585
v -0.798118 -1.428107 0.352354
v -0.854111 -1.385667 0.239266
v -0.897959 -1.312523 0.137028
v -0.926673 -1.213660 0.052606
v -0.938296 -1.095815 -0.008245
v -0.932037 -0.967020 -0.041379
v -0.908321 -0.836050 -0.044538
v -0.868766 -0.711833 -0.017506
v -0.816066 -0.602832 0.037874
v -0.753813 -0.516476 0.117828
v -0.686249 -0.458651 0.216908
v -0.617979 -0.433296 0.328361
v -0.553656 -0.442140 0.444592
v -0.497663 -0.484581 0.557680
v -0.453815 -0.557725 0.659919
v -0.425101 -0.656588 0.744340
v -0.413477 -0.774433 0.805191
v -0.321502 -0.925383 0.782368
v -0.342960 -1.056778 0.782904
v -0.380527 -1.181068 0.753474
v -0.431644 -1.289782 0.696083
v -0.492826 -1.375513 0.614644
v -0.559905 -1.432417 0.514705
v -0.628309 -1.456616 0.403077
v -0.693376 -1.446462 0.287369
v -0.750673 -1.402646 0.175464
v -0.796294 -1.328155 0.074989
v -0.827130 -1.228065 -0.007208
v -0.841081 -1.109196 -0.065527
v -0.837195 -0.979650 -0.095992
v -0.815737 -0.848255 -0.096528
v -0.778170 -0.723965 -0.067098
v -0.727053 -0.615251 -0.009708
v -0.665871 -0.529521 0.071732
v -0.598792 -0.472617 0.171671
v -0.530388 -0.448417 0.283298
v -0.465321 -0.458571 0.399007
v -0.408024 -0.502387 0.510912
v -0.362403 -0.576878 0.611387
v -0.331567 -0.676969 0.693584
v -0.317616 -0.795837 0.751902
v -0.223536 -0.944661 0.725741
v -0.242808 -1.076379 0.723675
v -0.278436 -1.200652 0.691859
v -0.327990 -1.309011 0.632461
v -0.388093 -1.394072 0.549529
v -0.454651 -1.450037 0.448716
v -0.523126 -1.473093 0.336890
v -0.588853 -1.461668 0.221674
v -0.647352 -1.416542 0.110918
v -0.694637 -1.340789 0.012171
v -0.727485 -1.239572 -0.067838
v -0.743658 -1.119788 -0.123657
v -0.742054 -0.989602 -0.151481
v -0.722781 -0.857883 -0.149415
v -0.687154 -0.733610 -0.117599
v -0.637600 -0.625251 -0.058201
v -0.577496 -0.540191 0.024730
v -0.510939 -0.484225 0.125544
v -0.442463 -0.461169 0.237369
v -0.376736 -0.472594 0.352586
v -0.318237 -0.517720 0.463342
v -0.270952 -0.593473 0.562089
v -0.238104 -0.694690 0.642098
v -0.221931 -0.814474 0.697917
v -0.125835 -0.961133 0.668588
v -0.142981 -1.093079 0.663936
v -0.176703 -1.217252 0.629743
v -0.224705 -1.325190 0.568338
v -0.283715 -1.409537 0.483906
v -0.349711 -1.464545 0.382200
v -0.418197 -1.486465 0.270153
v -0.484504 -1.473804 0.155399
v -0.544114 -1.427423 0.045759
v -0.592965 -1.350485 -0.051295
v -0.627728 -1.248232 -0.129149
v -0.646033 -1.127633 -0.182497
v -0.646634 -0.996905 -0.207705
v -0.629489 -0.864959 -0.203053
v -0.595766 -0.740786 -0.168860
v -0.547764 -0.632848 -0.107455
v -0.488754 -0.548501 -0.023022
v -0.422758 -0.493493 0.078683
v -0.354273 -0.471573 0.190731
v -0.287965 -0.484234 0.305484
v -0.228355 -0.530615 0.415124
v -0.179504 -0.607553 0.512178
v -0.144741 -0.709806 0.590032
v -0.126436 -0.830405 0.643381
v -0.028397 -0.974859 0.611043
v -0.043458 -1.106944 0.603819
v -0.075299 -1.230938 0.567254
v -0.121749 -1.338391 0.503838
v -0.179643 -1.421981 0.417894
v -0.245036 -1.476011 0.315278
v -0.313470 -1.496799 0.202984
v -0.380282 -1.482928 0.088664
v -0.440920 -1.435344 -0.019891
v -0.491251 -1.357289 -0.115284
v -0.527844 -1.254083 -0.191012
v -0.548206 -1.132759 -0.241917
v -0.550950 -1.001585 -0.264528
v -0.535889 -0.869501 -0.257304
v -0.504048 -0.745507 -0.220739
v -0.457598 -0.638053 -0.157323
v -0.399704 -0.554464 -0.071378
v -0.334311 -0.500434 0.031237
v -0.265877 -0.479646 0.143532
v -0.199065 -0.493516 0.257852
v -0.138427 -0.541100 0.366407
v -0.088096 -0.619155 0.461799
v -0.051503 -0.722361 0.537528
v -0.031141 -0.843685 0.588432
v 0.068785 -0.985888 0.553234
v 0.055776 -1.118026 0.543448
v 0.025806 -1.241765 0.504512
v -0.019083 -1.348671 0.439079
v -0.075832 -1.431459 0.351609
v -0.140573 -1.484489 0.248063
v -0.208895 -1.504144 0.135497
v -0.276142 -1.489088 0.021582
v -0.337730 -1.440344 -0.085918
v -0.389463 -1.361235 -0.179678
v -0.427815 -1.257153 -0.253308
v -0.450173 -1.135190 -0.301790
v -0.455012 -1.003658 -0.321821
v -0.442004 -0.871520 -0.312034
v -0.412034 -0.747782 -0.273098
v -0.367145 -0.640875 -0.207666
v -0.310396 -0.558087 -0.120196
v -0.245654 -0.505057 -0.016649
v -0.177332 -0.485402 0.095917
v -0.110086 -0.500458 0.209831
v -0.048497 -0.549202 0.317332
v 0.003236 -0.628311 0.411092
v 0.041588 -0.732393 0.484722
v 0.063945 -0.854356 0.533204
v 0.165713 -0.994259 0.495286
v 0.154741 -1.126368 0.482942
v 0.126643 -1.249775 0.441633
v 0.083334 -1.356072 0.374174
v 0.027766 -1.438014 0.285162
v -0.036274 -1.490017 0.180664
v -0.104422 -1.508538 0.067800
v -0.172035 -1.492313 -0.045737
v -0.234503 -1.442449 -0.152211
v -0.287571 -1.362344 -0.244365
v -0.327621 -1.257457 -0.315919
v -0.351925 -1.134936 -0.361997
v -0.358826 -1.003129 -0.379459
v -0.347853 -0.871021 -0.367115
v -0.319755 -0.747614 -0.325806
v -0.276447 -0.641317 -0.258347
v -0.220879 -0.559375 -0.169335
v -0.156839 -0.507371 -0.064837
v -0.088690 -0.488851 0.048027
v -0.021078 -0.505076 0.161564
v 0.041391 -0.554939 0.268038
v 0.094458 -0.635045 0.360192
v 0.134509 -0.739932 0.431746
v 0.158812 -0.862453 0.477824
f 1 2 26 25
f 2 3 27 26
f 3 4 28 27
f 4 5 29 28
f 5 6 30 29
f 6 7 31 30
f 7 8 32 31
f 8 9 33 32
f 9 10 34 33
f 10 11 35 34
f 11 12 36 35
f 12 13 37 36
f 13 14 38 37
f 14 15 39 38
f 15 16 40 39
f 16 17 41 40
f 17 18 42 41
f 18 19 43 42
f 19 20 44 43
f 20 21 45 44
f 21 22 46 45
f 22 23 47 46
f 23 24 48 47
f 24 1 25 48
f 25 26 50 49
f 26 27 51 50
f 27 28 52 51
f 28 29 53 52
f 29 30 54 53
f 30 31 55 54
f 31 32 56 55
f 32 33 57 56
f 33 34 58 57
f 34 35 59 58
f 35 36 60 59
f 36 37 61 60
f 37 38 62 61
f 38 39 63 62
f 39 40 64 63
f 40 41 65 64
f 41 42 66 65
f 42 43 67 66
f 43 44 68 67
f 44 45 69 68
f 45 46 70 69
f 46 47 71 70
f 47 48 72 71
f 48 25 49 72
f 49 50 74 73
f 50 51 75 74
f 51 52 76 75
f 52 53 77 76
f 53 54 78 77
f 54 55 79 78
f 55 56 80 79
f 56 57 81 80
f 57 58 82 81
f 58 59 83 82
f 59 60 84 83
f 60 61 85 84
f 61 62 86 85
f 62 63 87 86
f 63 64 88 87
f 64 65 89 88
f 65 66 90 89
f 66 67 91 90
f 67 68 92 91
f 68 69 93 92
f 69 70 94 93
f 70 71 95 94
f 71 72 96 95
f 72 49 73 96
f 73 74 98 97
f 74 75 99 98
f 75 76 100 99
f 76 77 101 100
f 77 78 102 101
f 78 79 103 102
f 79 80 104 103
f 80 81 105 104
f 81 82 106 105
f 82 83 107 106
f 83 84 108 107
f 84 85 109 108
f 85 86 110 109
f 86 87 111 110
f 87 88 112 111
f 88 89 113 112
f 89 90 114 113
f 90 91 115 114
f 91 92 116 115
f 92 93 117 116
f 93 94 118 117
f 94 95 119 118
f 95 96 120 119
f 96 73 97 120
f 97 98 122 121
f 98 99 123 122
f 99 100 124 123
f 100 101 125 124
f 101 102 126 125
f 102 103 127 126
f 103 104 128 127
f 104 105 129 128
f 105 106 130 129
f 106 107 131 130
f 107 108 132 131
f 108 109 133 132
f 109 110 134 133
f 110 111 135 134
f 111 112 136 135
f 112 113 137 136
f 113 114 138 137
f 114 115 139 138
f 115 116 140 139
f 116 117 141 140
f 117 118 142 141
f 118 119 143 142
f 119 120 144 143
f 120 97 121 144
f 121 122 146 145
f 122 123 147 146
f 123 124 148 147
f 124 125 149 148
f 125 126 150 149
f 126 127 151 150
f 127 128 152 151
f 128 129 153 152
f 129 130 154 153
f 130 131 155 154
f 131 132 156 155
f 132 133 157 156
f 133 134 158 157
f 134 135 159 158
f 135 136 160 159
f 136 137 161 160
f 137 138 162 161
f 138 139 163 162
f 139 140 164 163
f 140 141 165 164
f 141 142 166 165
f 142 143 167 166
f 143 144 168 167
f 144 121 145 168
f 145 146 170 169
f 146 147 171 170
f 147 148 172 171
f 148 149 173 172
f 149 150 174 173
f 150 151 175 174
f 151 152 176 175
f 152 153 177 176
f 153 154 178 177
f 154 155 179 178
f 155 156 180 179
f 156 157 181 180
f 157 158 182 181
f 158 159 183 182
f 159 160 184 183
f 160 161 185 184
f 161 162 186 185
f 162 163 187 186
f 163 164 188 187
f 164 165 189 188
f 165 166 190 189
f 166 167 191 190
f 167 168 192 191
f 168 145 169 192
f 169 170 194 193
f 170 171 195 194
f 171 172 196 195
f 172 173 197 196
f 173 174 198 197
f 174 175 199 198
f 175 176 200 199
f 176 177 201 200
f 177 178 202 201
f 178 179 203 202
f 179 180 204 203
f 180 181 205 204
f 181 182 206 205
f 182 183 207 206
f 183 184 208 207
f 184 185 209 208
f 185 186 210 209
f 186 187 211 210
f 187 188 212 211
f 188 189 213 212
f 189 190 214 213
f 190 191 215 214
f 191 192 216 215
f 192 169 193 216
f 193 194 218 217
f 194 195 219 218
f 195 196 220 219
f 196 197 221 220
f 197 198 222 221
f 198 199 223 222
f 199 200 224 223
f 200 201 225 224
f 201 202 226 225
f 202 203 227 226
f 203 204 228 227
f 204 205 229 228
f 205 206 230 229
f 206 207 231 230
f 207 208 232 231
f 208 209 233 232
f 209 210 234 233
f 210 211 235 234
f 211 212 236 235
f 212 213 237 236
f 213 214 238 237
f 214 215 239 238
f 215 216 240 239
f 216 193 217 240
f 217 218 242 241
f 218 219 243 242
f 219 220 244 243
f 220 221 245 244
f 221 222 246 245
f 222 223 247 246
f 223 224 248 247
f 224 225 249 248
f 225 226 250 249
f 226 227 251 250
f 227 228 252 251
f 228 229 253 252
f 229 230 254 253
f 230 231 255 254
f 231 232 256 255
f 232 233 257 256
f 233 234 258 257
f 234 235 259 258
f 235 236 260 259
f 236 237 261 260
f 237 238 262 261
f 238 239 263 262
f 239 240 264 263
f 240 217 241 264
f 241 242 266 265
f 242 243 267 266
f 243 244 268 267
f 244 245 269 268
f 245 246 270 269
f 246 247 271 270
f 247 248 272 271
f 248 249 273 272
f 249 250 274 273
f 250 251 275 274
f 251 252 276 275
f 252 253 277 276
f 253 254 278 277
f 254 255 279 278
f 255 256 280 279
f 256 257 281 280
f 257 258 282 281
f 258 259 283 282
f 259 260 284 283
f 260 261 285 284
f 261 262 286 285
f 262 263 287 286
f 263 264 288 287
f 264 241 265 288
f 265 266 290 289
f 266 267 291 290
f 267 268 292 291
f 268 269 293 292
f 269 270 294 293
f 270 271 295 294
f 271 272 296 295
f 272 273 297 296
f 273 274 298 297
f 274 275 299 298
f 275 276 300 299
f 276 277 301 300
f 277 278 302 301
f 278 279 303 302
f 279 280 304 303
f 280 281 305 304
f 281 282 306 305
f 282 283 307 306
f 283 284 308 307
f 284 285 309 308
f 285 286 310 309
f 286 287 311 310
f 287 288 312 311
f 288 265 289 312
f 289 290 314 313
f 290 291 315 314
f 291 292 316 315
f 292 293 317 316
f 293 294 318 317
f 294 295 319 318
f 295 296 320 319
f 296 297 321 320
f 297 298 322 321
f 298 299 323 322
f 299 300 324 323
f 300 301 325 324
f 301 302 326 325
f 302 303 327 326
f 303 304 328 327
f 304 305 329 328
f 305 306 330 329
f 306 307 331 330
f 307 308 332 331
f 308 309 333 332
f 309 310 334 333
f 310 311 335 334
f 311 312 336 335
f 312 289 313 336
f 313 314 338 337
f 314 315 339 338
f 315 316 340 339
f 316 317 341 340
f 317 318 342 341
f 318 319 343 342
f 319 320 344 343
f 320 321 345 344
f 321 322 346 345
f 322 323 347 346
f 323 324 348 347
f 324 325 349 348
f 325 326 350 349
f 326 327 351 350
f 327 328 352 351
f 328 329 353 352
f 329 330 354 353
f 330 331 355 354
f 331 332 356 355
f 332 333 357 356
f 333 334 358 357
f 334 335 359 358
f 335 336 360 359
f 336 313 337 360
f 337 338 362 361
f 338 339 363 362
f 339 340 364 363
f 340 341 365 364
f 341 342 366 365
f 342 343 367 366
f 343 344 368 367
f 344 345 369 368
f 345 346 370 369
f 346 347 371 370
f 347 348 372 371
f 348 349 373 372
f 349 350 374 373
f 350 351 375 374
f 351 352 376 375
f 352 353 377 376
f 353 354 378 377
f 354 355 379 378
f 355 356 380 379
f 356 357 381 380
f 357 358 382 381
f 358 359 383 382
f 359 360 384 383
f 360 337 361 384
f 361 362 386 385
f 362 363 387 386
f 363 364 388 387
f 364 365 389 388
f 365 366 390 389
f 366 367 391 390
f 367 368 392 391
f 368 369 393 392
f 369 370 394 393
f 370 371 395 394
f 371 372 396 395
f 372 373 397 396
f 373 374 398 397
f 374 375 399 398
f 375 376 400 399
f 376 377 401 400
f 377 378 402 401
f 378 379 403 402
f 379 380 404 403
f 380 381 405 404
f 381 382 406 405
f 382 383 407 406
f 383 384 408 407
f 384 361 385 408
f 385 386 410 409
f 386 387 411 410
f 387 388 412 411
f 388 389 413 412
f 389 390 414 413
f 390 391 415 414
f 391 392 416 415
f 392 393 417 416
f 393 394 418 417
f 394 395 419 418
f 395 396 420 419
f 396 397 421 420
f 397 398 422 421
f 398 399 423 422
f 399 400 424 423
f 400 401 425 424
f 401 402 426 425
f 402 403 427 426
f 403 404 428 427
f 404 405 429 428
f 405 406 430 429
f 406 407 431 430
f 407 408 432 431
f 408 385 409 432
f 409 410 434 433
f 410 411 435 434
f 411 412 436 435
f 412 413 437 436
f 413 414 438 437
f 414 415 439 438
f 415 416 440 439
f 416 417 441 440
f 417 418 442 441
f 418 419 443 442
f 419 420 444 443
f 420 421 445 444
f 421 422 446 445
f 422 423 447 446
f 423 424 448 447
f 424 425 449 448
f 425 426 450 449
f 426 427 451 450
f 427 428 452 451
f 428 429 453 452
f 429 430 454 453
f 430 431 455 454
f 431 432 456 455
f 432 409 433 456
f 433 434 458 457
f 434 435 459 458
f 435 436 460 459
f 436 437 461 460
f 437 438 462 461
f 438 439 463 462
f 439 440 464 463
f 440 441 465 464
f 441 442 466 465
f 442 443 467 466
f 443 444 468 467
f 444 445 469 468
f 445 446 470 469
f 446 447 471 470
f 447 448 472 471
f 448 449 473 472
f 449 450 474 473
f 450 451 475 474
f 451 452 476 475
f 452 453 477 476
f 453 454 478 477
f 454 455 479 478
f 455 456 480 479
f 456 433 457 480
f 457 458 482 481
f 458 459 483 482
f 459 460 484 483
f 460 461 485 484
f 461 462 486 485
f 462 463 487 486
f 463 464 488 487
f 464 465 489 488
f 465 466 490 489
f 466 467 491 490
f 467 468 492 491
f 468 469 493 492
f 469 470 494 493
f 470 471 495 494
f 471 472 496 495
f 472 473 497 496
f 473 474 498 497
f 474 475 499 498
f 475 476 500 499
f 476 477 501 500
f 477 478 502 501
f 478 479 503 502
f 479 480 504 503
f 480 457 481 504
f 481 482 506 505
f 482 483 507 506
f 483 484 508 507
f 484 485 509 508
f 485 486 510 509
f 486 487 511 510
f 487 488 512 511
f 488 489 513 512
f 489 490 514 513
f 490 491 515 514
f 491 492 516 515
f 492 493 517 516
f 493 494 518 517
f 494 495 519 518
f 495 496 520 519
f 496 497 521 520
f 497 498 522 521
f 498 499 523 522
f 499 500 524 523
f 500 501 525 524
f 501 502 526 525
f 502 503 527 526
f 503 504 528 527
f 504 481 505 528
f 505 506 530 529
f 506 507 531 530
f 507 508 532 531
f 508 509 533 532
f 509 510 534 533
f 510 511 535 534
f 511 512 536 535
f 512 513 537 536
f 513 514 538 537
f 514 515 539 538
f 515 516 540 539
f 516 517 541 540
f 517 518 542 541
f 518 519 543 542
f 519 520 544 543
f 520 521 545 544
f 521 522 546 545
f 522 523 547 546
f 523 524 548 547
f 524 525 549 548
f 525 526 550 549
f 526 527 551 550
f 527 528 552 551
f 528 505 529 552
f 529 530 554 553
f 530 531 555 554
f 531 532 556 555
f 532 533 557 556
f 533 534 558 557
f 534 535 559 558
f 535 536 560 559
f 536 537 561 560
f 537 538 562 561
f 538 539 563 562
f 539 540 564 563
f 540 541 565 564
f 541 542 566 565
f 542 543 567 566
f 543 544 568 567
f 544 545 569 568
f 545 546 570 569
f 546 547 571 570
f 547 548 572 571
f 548 549 573 572
f 549 550 574 573
f 550 551 575 574
f 551 552 576 575
f 552 529 553 576
f 553 554 578 577
f 554 555 579 578
f 555 556 580 579
f 556 557 581 580
f 557 558 582 581
f 558 559 583 582
f 559 560 584 583
f 560 561 585 584
f 561 562 586 585
f 562 563 587 586
f 563 564 588 587
f 564 565 589 588
f 565 566 590 589
f 566 567 591 590
f 567 568 592 591
f 568 569 593 592
f 569 570 594 593
f 570 571 595 594
f 571 572 596 595
f 572 573 597 596
f 573 574 598 597
f 574 575 599 598
f 575 576 600 599
f 576 553 577 600
f 577 578 602 601
f 578 579 603 602
f 579 580 604 603
f 580 581 605 604
f 581 582 606 605
f 582 583 607 606
f 583 584 608 607
f 584 585 609 608
f 585 586 610 609
f 586 587 611 610
f 587 588 612 611
f 588 589 613 612
f 589 590 614 613
f 590 591 615 614
f 591 592 616 615
f 592 593 617 616
f 593 594 618 617
f 594 595 619 618
f 595 596 620 619
f 596 597 621 620
f 597 598 622 621
f 598 599 623 622
f 599 600 624 623
f 600 577 601 624
f 601 602 626 625
f 602 603 627 626
f 603 604 628 627
f 604 605 629 628
f 605 606 630 629
f 606 607 631 630
f 607 608 632 631
f 608 609 633 632
f 609 610 634 633
f 610 611 635 634
f 611 612 636 635
f 612 613 637 636
f 613 614 638 637
f 614 615 639 638
f 615 616 640 639
f 616 617 641 640
f 617 618 642 641
f 618 619 643 642
f 619 620 644 643
f 620 621 645 644
f 621 622 646 645
f 622 623 647 646
f 623 624 648 647
f 624 601 625 648
f 625 626 650 649
f 626 627 651 650
f 627 628 652 651
f 628 629 653 652
f 629 630 654 653
f 630 631 655 654
f 631 632 656 655
f 632 633 657 656
f 633 634 658 657
f 634 635 659 658
f 635 636 660 659
f 636 637 661 660
f 637 638 662 661
f 638 639 663 662
f 639 640 664 663
f 640 641 665 664
f 641 642 666 665
f 642 643 667 666
f 643 644 668 667
f 644 645 669 668
f 645 646 670 669
f 646 647 671 670
f 647 648 672 671
f 648 625 649 672
f 649 650 674 673
f 650 651 675 674
f 651 652 676 675
f 652 653 677 676
f 653 654 678 677
f 654 655 679 678
f 655 656 680 679
f 656 657 681 680
f 657 658 682 681
f 658 659 683 682
f 659 660 684 683
f 660 661 685 684
f 661 662 686 685
f 662 663 687 686
f 663 664 688 687
f 664 665 689 688
f 665 666 690 689
f 666 667 691 690
f 667 668 692 691
f 668 669 693 692
f 669 670 694 693
f 670 671 695 694
f 671 672 696 695
f 672 649 673 696
f 673 674 698 697
f 674 675 699 698
f 675 676 700 699
f 676 677 701 700
f 677 678 702 701
f 678 679 703 702
f 679 680 704 703
f 680 681 705 704
f 681 682 706 705
f 682 683 707 706
f 683 684 708 707
f 684 685 709 708
f 685 686 710 709
f 686 687 711 710
f 687 688 712 711
f 688 689 713 712
f 689 690 714 713
f 690 691 715 714
f 691 692 716 715
f 692 693 717 716
f 693 694 718 717
f 694 695 719 718
f 695 696 720 719
f 696 673 697 720
f 697 698 722 721
f 698 699 723 722
f 699 700 724 723
f 700 701 725 724
f 701 702 726 725
f 702 703 727 726
f 703 704 728 727
f 704 705 729 728
f 705 706 730 729
f 706 707 731 730
f 707 708 732 731
f 708 709 733 732
f 709 710 734 733
f 710 711 735 734
f 711 712 736 735
f 712 713 737 736
f 713 714 738 737
f 714 715 739 738
f 715 716 740 739
f 716 717 741 740
f 717 718 742 741
f 718 719 743 742
f 719 720 744 743
f 720 697 721 744
f 721 722 746 745
f 722 723 747 746
f 723 724 748 747
f 724 725 749 748
f 725 726 750 749
f 726 727 751 750
f 727 728 752 751
f 728 729 753 752
f 729 730 754 753
f 730 731 755 754
f 731 732 756 755
f 732 733 757 756
f 733 734 758 757
f 734 735 759 758
f 735 736 760 759
f 736 737 761 760
f 737 738 762 761
f 738 739 763 762
f 739 740 764 763
f 740 741 765 764
f 741 742 766 765
f 742 743 767 766
f 743 744 768 767
f 744 721 745 768
f 745 746 770 769
f 746 747 771 770
f 747 748 772 771
f 748 749 773 772
f 749 750 774 773
f 750 751 775 774
f 751 752 776 775
f 752 753 777 776
f 753 754 778 777
f 754 755 779 778
f 755 756 780 779
f 756 757 781 780
f 757 758 782 781
f 758 759 783 782
f 759 760 784 783
f 760 761 785 784
f 761 762 786 785
f 762 763 787 786
f 763 764 788 787
f 764 765 789 788
f 765 766 790 789
f 766 767 791 790
f 767 768 792 791
f 768 745 769 792
f 769 770 794 793
f 770 771 795 794
f 771 772 796 795
f 772 773 797 796
f 773 774 798 797
f 774 775 799 798
f 775 776 800 799
f 776 777 801 800
f 777 778 802 801
f 778 779 803 802
f 779 780 804 803
f 780 781 805 804
f 781 782 806 805
f 782 783 807 806
f 783 784 808 807
f 784 785 809 808
f 785 786 810 809
f 786 787 811 810
f 787 788 812 811
f 788 789 813 812
f 789 790 814 813
f 790 791 815 814
f 791 792 816 815
f 792 769 793 816
f 793 794 818 817
f 794 795 819 818
f 795 796 820 819
f 796 797 821 820
f 797 798 822 821
f 798 799 823 822
f 799 800 824 823
f 800 801 825 824
f 801 802 826 825
f 802 803 827 826
f 803 804 828 827
f 804 805 829 828
f 805 806 830 829
f 806 807 831 830
f 807 808 832 831
f 808 809 833 832
f 809 810 834 833
f 810 811 835 834
f 811 812 836 835
f 812 813 837 836
f 813 814 838 837
f 814 815 839 838
f 815 816 840 839
f 816 793 817 840
f 817 818 842 841
f 818 819 843 842
f 819 820 844 843
f 820 821 845 844
f 821 822 846 845
f 822 823 847 846
f 823 824 848 847
f 824 825 849 848
f 825 826 850 849
f 826 827 851 850
f 827 828 852 851
f 828 829 853 852
f 829 830 854 853
f 830 831 855 854
f 831 832 856 855
f 832 833 857 856
f 833 834 858 857
f 834 835 859 858
f 835 836 860 859
f 836 837 861 860
f 837 838 862 861
f 838 839 863 862
f 839 840 864 863
f 840 817 841 864
f 841 842 866 865
f 842 843 867 866
f 843 844 868 867
f 844 845 869 868
f 845 846 870 869
f 846 847 871 870
f 847 848 872 871
f 848 849 873 872
f 849 850 874 873
f 850 851 875 874
f 851 852 876 875
f 852 853 877 876
f 853 854 878 877
f 854 855 879 878
f 855 856 880 879
f 856 857 881 880
f 857 858 882 881
f 858 859 883 882
f 859 860 884 883
f 860 861 885 884
f 861 862 886 885
f 862 863 887 886
f 863 864 888 887
f 864 841 865 888
f 865 866 890 889
f 866 867 891 890
f 867 868 892 891
f 868 869 893 892
f 869 870 894 893
f 870 871 895 894
f 871 872 896 895
f 872 873 897 896
f 873 874 898 897
f 874 875 899 898
f 875 876 900 899
f 876 877 901 900
f 877 878 902 901
f 878 879 903 902
f 879 880 904 903
f 880 881 905 904
f 881 882 906 905
f 882 883 907 906
f 883 884 908 907
f 884 885 909 908
f 885 886 910 909
f 886 887 911 910
f 887 888 912 911
f 888 865 889 912
f 889 890 914 913
f 890 891 915 914
f 891 892 916 915
f 892 893 917 916
f 893 894 918 917
f 894 895 919 918
f 895 896 920 919
f 896 897 921 920
f 897 898 922 921
f 898 899 923 922
f 899 900 924 923
f 900 901 925 924
f 901 902 926 925
f 902 903 927 926
f 903 904 928 927
f 904 905 929 928
f 905 906 930 929
f 906 907 931 930
f 907 908 932 931
f 908 909 933 932
f 909 910 934 933
f 910 911 935 934
f 911 912 936 935
f 912 889 913 936
f 913 914 938 937
f 914 915 939 938
f 915 916 940 939
f 916 917 941 940
f 917 918 942 941
f 918 919 943 942
f 919 920 944 943
f 920 921 945 944
f 921 922 946 945
f 922 923 947 946
f 923 924 948 947
f 924 925 949 948
f 925 926 950 949
f 926 927 951 950
f 927 928 952 951
f 928 929 953 952
f 929 930 954 953
f 930 931 955 954
f 931 932 956 955
f 932 933 957 956
f 933 934 958 957
f 934 935 959 958
f 935 936 960 959
f 936 913 937 960
f 937 938 962 961
f 938 939 963 962
f 939 940 964 963
f 940 941 965 964
f 941 942 966 965
f 942 943 967 966
f 943 944 968 967
f 944 945 969 968
f 945 946 970 969
f 946 947 971 970
f 947 948 972 971
f 948 949 973 972
f 949 950 974 973
f 950 951 975 974
f 951 952 976 975
f 952 953 977 976
f 953 954 978 977
f 954 955 979 978
f 955 956 980 979
f 956 957 981 980
f 957 958 982 981
f 958 959 983 982
f 959 960 984 983
f 960 937 961 984
f 961 962 986 985
f 962 963 987 986
f 963 964 988 987
f 964 965 989 988
f 965 966 990 989
f 966 967 991 990
f 967 968 992 991
f 968 969 993 992
f 969 970 994 993
f 970 971 995 994
f 971 972 996 995
f 972 973 997 996
f 973 974 998 997
f 974 975 999 998
f 975 976 1000 999
f 976 977 1001 1000
f 977 978 1002 1001
f 978 979 1003 1002
f 979 980 1004 1003
f 980 981 1005 1004
f 981 982 1006 1005
f 982 983 1007 1006
f 983 984 1008 1007
f 984 961 985 1008
f 985 986 1010 1009
f 986 987 1011 1010
f 987 988 1012 1011
f 988 989 1013 1012
f 989 990 1014 1013
f 990 991 1015 1014
f 991 992 1016 1015
f 992 993 1017 1016
f 993 994 1018 1017
f 994 995 1019 1018
f 995 996 1020 1019
f 996 997 1021 1020
f 997 998 1022 1021
f 998 999 1023 1022
f 999 1000 1024 1023
f 1000 1001 1025 1024
f 1001 1002 1026 1025
f 1002 1003 1027 1026
f 1003 1004 1028 1027
f 1004 1005 1029 1028
f 1005 1006 1030 1029
f 1006 1007 1031 1030
f 1007 1008 1032 1031
f 1008 985 1009 1032
f 1009 1010 1034 1033
f 1010 1011 1035 1034
f 1011 1012 1036 1035
f 1012 1013 1037 1036
f 1013 1014 1038 1037
f 1014 1015 1039 1038
f 1015 1016 1040 1039
f 1016 1017 1041 1040
f 1017 1018 1042 1041
f 1018 1019 1043 1042
f 1019 1020 1044 1043
f 1020 1021 1045 1044
f 1021 1022 1046 1045
f 1022 1023 1047 1046
f 1023 1024 1048 1047
f 1024 1025 1049 1048
f 1025 1026 1050 1049
f 1026 1027 1051 1050
f 1027 1028 1052 1051
f 1028 1029 1053 1052
f 1029 1030 1054 1053
f 1030 1031 1055 1054
f 1031 1032 1056 1055
f 1032 1009 1033 1056
f 1033 1034 1058 1057
f 1034 1035 1059 1058
f 1035 1036 1060 1059
f 1036 1037 1061 1060
f 1037 1038 1062 1061
f 1038 1039 1063 1062
f 1039 1040 1064 1063
f 1040 1041 1065 1064
f 1041 1042 1066 1065
f 1042 1043 1067 1066
f 1043 1044 1068 1067
f 1044 1045 1069 1068
f 1045 1046 1070 1069
f 1046 1047 1071 1070
f 1047 1048 1072 1071
f 1048 1049 1073 1072
f 1049 1050 1074 1073
f 1050 1051 1075 1074
f 1051 1052 1076 1075
f 1052 1053 1077 1076
f 1053 1054 1078 1077
f 1054 1055 1079 1078
f 1055 1056 1080 1079
f 1056 1033 1057 1080
f 1057 1058 1082 1081
f 1058 1059 1083 1082
f 1059 1060 1084 1083
f 1060 1061 1085 1084
f 1061 1062 1086 1085
f 1062 1063 1087 1086
f 1063 1064 1088 1087
f 1064 1065 1089 1088
f 1065 1066 1090 1089
f 1066 1067 1091 1090
f 1067 1068 1092 1091
f 1068 1069 1093 1092
f 1069 1070 1094 1093
f 1070 1071 1095 1094
f 1071 1072 1096 1095
f 1072 1073 1097 1096
f 1073 1074 1098 1097
f 1074 1075 1099 1098
f 1075 1076 1100 1099
f 1076 1077 1101 1100
f 1077 1078 1102 1101
f 1078 1079 1103 1102
f 1079 1080 1104 1103
f 1080 1057 1081 1104
f 1081 1082 1106 1105
f 1082 1083 1107 1106
f 1083 1084 1108 1107
f 1084 1085 1109 1108
f 1085 1086 1110 1109
f 1086 1087 1111 1110
f 1087 1088 1112 1111
f 1088 1089 1113 1112
f 1089 1090 1114 1113
f 1090 1091 1115 1114
f 1091 1092 1116 1115
f 1092 1093 1117 1116
f 1093 1094 1118 1117
f 1094 1095 1119 1118
f 1095 1096 1120 1119
f 1096 1097 1121 1120
f 1097 1098 1122 1121
f 1098 1099 1123 1122
f 1099 1100 1124 1123
f 1100 1101 1125 1124
f 1101 1102 1126 1125
f 1102 1103 1127 1126
f 1103 1104 1128 1127
f 1104 1081 1105 1128
f 1105 1106 1130 1129
f 1106 1107 1131 1130
f 1107 1108 1132 1131
f 1108 1109 1133 1132
f 1109 1110 1134 1133
f 1110 1111 1135 1134
f 1111 1112 1136 1135
f 1112 1113 1137 1136
f 1113 1114 1138 1137
f 1114 1115 1139 1138
f 1115 1116 1140 1139
f 1116 1117 1141 1140
f 1117 1118 1142 1141
f 1118 1119 1143 1142
f 1119 1120 1144 1143
f 1120 1121 1145 1144
f 1121 1122 1146 1145
f 1122 1123 1147 1146
f 1123 1124 1148 1147
f 1124 1125 1149 1148
f 1125 1126 1150 1149
f 1126 1127 1151 1150
f 1127 1128 1152 1151
f 1128 1105 1129 1152
f 1129 1130 1154 1153
f 1130 1131 1155 1154
f 1131 1132 1156 1155
f 1132 1133 1157 1156
f 1133 1134 1158 1157
f 1134 1135 1159 1158
f 1135 1136 1160 1159
f 1136 1137 1161 1160
f 1137 1138 1162 1161
f 1138 1139 1163 1162
f 1139 1140 1164 1163
f 1140 1141 1165 1164
f 1141 1142 1166 1165
f 1142 1143 1167 1166
f 1143 1144 1168 1167
f 1144 1145 1169 1168
f 1145 1146 1170 1169
f 1146 1147 1171 1170
f 1147 1148 1172 1171
f 1148 1149 1173 1172
f 1149 1150 1174 1173
f 1150 1151 1175 1174
f 1151 1152 1176 1175
f 1152 1129 1153 1176
f 1153 1154 1178 1177
f 1154 1155 1179 1178
f 1155 1156 1180 1179
f 1156 1157 1181 1180
f 1157 1158 1182 1181
f 1158 1159 1183 1182
f 1159 1160 1184 1183
f 1160 1161 1185 1184
f 1161 1162 1186 1185
f 1162 1163 1187 1186
f 1163 1164 1188 1187
f 1164 1165 1189 1188
f 1165 1166 1190 1189
f 1166 1167 1191 1190
f 1167 1168 1192 1191
f 1168 1169 1193 1192
f 1169 1170 1194 1193
f 1170 1171 1195 1194
f 1171 1172 1196 1195
f 1172 1173 1197 1196
f 1173 1174 1198 1197
f 1174 1175 1199 1198
f 1175 1176 1200 1199
f 1176 1153 1177 1200
f 1177 1178 1202 1201
f 1178 1179 1203 1202
f 1179 1180 1204 1203
f 1180 1181 1205 1204
f 1181 1182 1206 1205
f 1182 1183 1207 1206
f 1183 1184 1208 1207
f 1184 1185 1209 1208
f 1185 1186 1210 1209
f 1186 1187 1211 1210
f 1187 1188 1212 1211
f 1188 1189 1213 1212
f 1189 1190 1214 1213
f 1190 1191 1215 1214
f 1191 1192 1216 1215
f 1192 1193 1217 1216
f 1193 1194 1218 1217
f 1194 1195 1219 1218
f 1195 1196 1220 1219
f 1196 1197 1221 1220
f 1197 1198 1222 1221
f 1198 1199 1223 1222
f 1199 1200 1224 1223
f 1200 1177 1201 1224
f 1201 1202 1226 1225
f 1202 1203 1227 1226
f 1203 1204 1228 1227
f 1204 1205 1229 1228
f 1205 1206 1230 1229
f 1206 1207 1231 1230
f 1207 1208 1232 1231
f 1208 1209 1233 1232
f 1209 1210 1234 1233
f 1210 1211 1235 1234
f 1211 1212 1236 1235
f 1212 1213 1237 1236
f 1213 1214 1238 1237
f 1214 1215 1239 1238
f 1215 1216 1240 1239
f 1216 1217 1241 1240
f 1217 1218 1242 1241
f 1218 1219 1243 1242
f 1219 1220 1244 1243
f 1220 1221 1245 1244
f 1221 1222 1246 1245
f 1222 1223 1247 1246
f 1223 1224 1248 1247
f 1224 1201 1225 1248
f 1225 1226 1250 1249
f 1226 1227 1251 1250
f 1227 1228 1252 1251
f 1228 1229 1253 1252
f 1229 1230 1254 1253
f 1230 1231 1255 1254
f 1231 1232 1256 1255
f 1232 1233 1257 1256
f 1233 1234 1258 1257
f 1234 1235 1259 1258
f 1235 1236 1260 1259
f 1236 1237 1261 1260
f 1237 1238 1262 1261
f 1238 1239 1263 1262
f 1239 1240 1264 1263
f 1240 1241 1265 1264
f 1241 1242 1266 1265
f 1242 1243 1267 1266
f 1243 1244 1268 1267
f 1244 1245 1269 1268
f 1245 1246 1270 1269
f 1246 1247 1271 1270
f 1247 1248 1272 1271
f 1248 1225 1249 1272
f 1249 1250 1274 1273
f 1250 1251 1275 1274
f 1251 1252 1276 1275
f 1252 1253 1277 1276
f 1253 1254 1278 1277
f 1254 1255 1279 1278
f 1255 1256 1280 1279
f 1256 1257 1281 1280
f 1257 1258 1282 1281
f 1258 1259 1283 1282
f 1259 1260 1284 1283
f 1260 1261 1285 1284
f 1261 1262 1286 1285
f 1262 1263 1287 1286
f 1263 1264 1288 1287
f 1264 1265 1289 1288
f 1265 1266 1290 1289
f 1266 1267 1291 1290
f 1267 1268 1292 1291
f 1268 1269 1293 1292
f 1269 1270 1294 1293
f 1270 1271 1295 1294
f 1271 1272 1296 1295
f 1272 1249 1273 1296
f 1273 1274 1298 1297
f 1274 1275 1299 1298
f 1275 1276 1300 1299
f 1276 1277 1301 1300
f 1277 1278 1302 1301
f 1278 1279 1303 1302
f 1279 1280 1304 1303
f 1280 1281 1305 1304
f 1281 1282 1306 1305
f 1282 1283 1307 1306
f 1283 1284 1308 1307
f 1284 1285 1309 1308
f 1285 1286 1310 1309
f 1286 1287 1311 1310
f 1287 1288 1312 1311
f 1288 1289 1313 1312
f 1289 1290 1314 1313
f 1290 1291 1315 1314
f 1291 1292 1316 1315
f 1292 1293 1317 1316
f 1293 1294 1318 1317
f 1294 1295 1319 1318
f 1295 1296 1320 1319
f 1296 1273 1297 1320
f 1297 1298 1322 1321
f 1298 1299 1323 1322
f 1299 1300 1324 1323
f 1300 1301 1325 1324
f 1301 1302 1326 1325
f 1302 1303 1327 1326
f 1303 1304 1328 1327
f 1304 1305 1329 1328
f 1305 1306 1330 1329
f 1306 1307 1331 1330
f 1307 1308 1332 1331
f 1308 1309 1333 1332
f 1309 1310 1334 1333
f 1310 1311 1335 1334
f 1311 1312 1336 1335
f 1312 1313 1337 1336
f 1313 1314 1338 1337
f 1314 1315 1339 1338
f 1315 1316 1340 1339
f 1316 1317 1341 1340
f 1317 1318 1342 1341
f 1318 1319 1343 1342
f 1319 1320 1344 1343
f 1320 1297 1321 1344
f 1321 1322 1346 1345
f 1322 1323 1347 1346
f 1323 1324 1348 1347
f 1324 1325 1349 1348
f 1325 1326 1350 1349
f 1326 1327 1351 1350
f 1327 1328 1352 1351
f 1328 1329 1353 1352
f 1329 1330 1354 1353
f 1330 1331 1355 1354
f 1331 1332 1356 1355
f 1332 1333 1357 1356
f 1333 1334 1358 1357
f 1334 1335 1359 1358
f 1335 1336 1360 1359
f 1336 1337 1361 1360
f 1337 1338 1362 1361
f 1338 1339 1363 1362
f 1339 1340 1364 1363
f 1340 1341 1365 1364
f 1341 1342 1366 1365
f 1342 1343 1367 1366
f 1343 1344 1368 1367
f 1344 1321 1345 1368
f 1345 1346 1370 1369
f 1346 1347 1371 1370
f 1347 1348 1372 1371
f 1348 1349 1373 1372
f 1349 1350 1374 1373
f 1350 1351 1375 1374
f 1351 1352 1376 1375
f 1352 1353 1377 1376
f 1353 1354 1378 1377
f 1354 1355 1379 1378
f 1355 1356 1380 1379
f 1356 1357 1381 1380
f 1357 1358 1382 1381
f 1358 1359 1383 1382
f 1359 1360 1384 1383
f 1360 1361 1385 1384
f 1361 1362 1386 1385
f 1362 1363 1387 1386
f 1363 1364 1388 1387
f 1364 1365 1389 1388
f 1365 1366 1390 1389
f 1366 1367 1391 1390
f 1367 1368 1392 1391
f 1368 1345 1369 1392
f 1369 1370 1394 1393
f 1370 1371 1395 1394
f 1371 1372 1396 1395
f 1372 1373 1397 1396
f 1373 1374 1398 1397
f 1374 1375 1399 1398
f 1375 1376 1400 1399
f 1376 1377 1401 1400
f 1377 1378 1402 1401
f 1378 1379 1403 1402
f 1379 1380 1404 1403
f 1380 1381 1405 1404
f 1381 1382 1406 1405
f 1382 1383 1407 1406
f 1383 1384 1408 1407
f 1384 1385 1409 1408
f 1385 1386 1410 1409
f 1386 1387 1411 1410
f 1387 1388 1412 1411
f 1388 1389 1413 1412
f 1389 1390 1414 1413
f 1390 1391 1415 1414
f 1391 1392 1416 1415
f 1392 1369 1393 1416
f 1393 1394 1418 1417
f 1394 1395 1419 1418
f 1395 1396 1420 1419
f 1396 1397 1421 1420
f 1397 1398 1422 1421
f 1398 1399 1423 1422
f 1399 1400 1424 1423
f 1400 1401 1425 1424
f 1401 1402 1426 1425
f 1402 1403 1427 1426
f 1403 1404 1428 1427
f 1404 1405 1429 1428
f 1405 1406 1430 1429
f 1406 1407 1431 1430
f 1407 1408 1432 1431
f 1408 1409 1433 1432
f 1409 1410 1434 1433
f 1410 1411 1435 1434
f 1411 1412 1436 1435
f 1412 1413 1437 1436
f 1413 1414 1438 1437
f 1414 1415 1439 1438
f 1415 1416 1440 1439
f 1416 1393 1417 1440
f 1417 1418 1442 1441
f 1418 1419 1443 1442
f 1419 1420 1444 1443
f 1420 1421 1445 1444
f 1421 1422 1446 1445
f 1422 1423 1447 1446
f 1423 1424 1448 1447
f 1424 1425 1449 1448
f 1425 1426 1450 1449
f 1426 1427 1451 1450
f 1427 1428 1452 1451
f 1428 1429 1453 1452
f 1429 1430 1454 1453
f 1430 1431 1455 1454
f 1431 1432 1456 1455
f 1432 1433 1457 1456
f 1433 1434 1458 1457
f 1434 1435 1459 1458
f 1435 1436 1460 1459
f 1436 1437 1461 1460
f 1437 1438 1462 1461
f 1438 1439 1463 1462
f 1439 1440 1464 1463
f 1440 1417 1441 1464
f 1441 1442 1466 1465
f 1442 1443 1467 1466
f 1443 1444 1468 1467
f 1444 1445 1469 1468
f 1445 1446 1470 1469
f 1446 1447 1471 1470
f 1447 1448 1472 1471
f 1448 1449 1473 1472
f 1449 1450 1474 1473
f 1450 1451 1475 1474
f 1451 1452 1476 1475
f 1452 1453 1477 1476
f 1453 1454 1478 1477
f 1454 1455 1479 1478
f 1455 1456 1480 1479
f 1456 1457 1481 1480
f 1457 1458 1482 1481
f 1458 1459 1483 1482
f 1459 1460 1484 1483
f 1460 1461 1485 1484
f 1461 1462 1486 1485
f 1462 1463 1487 1486
f 1463 1464 1488 1487
f 1464 1441 1465 1488
f 1465 1466 1490 1489
f 1466 1467 1491 1490
f 1467 1468 1492 1491
f 1468 1469 1493 1492
f 1469 1470 1494 1493
f 1470 1471 1495 1494
f 1471 1472 1496 1495
f 1472 1473 1497 1496
f 1473 1474 1498 1497
f 1474 1475 1499 1498
f 1475 1476 1500 1499
f 1476 1477 1501 1500
f 1477 1478 1502 1501
f 1478 1479 1503 1502
f 1479 1480 1504 1503
f 1480 1481 1505 1504
f 1481 1482 1506 1505
f 1482 1483 1507 1506
f 1483 1484 1508 1507
f 1484 1485 1509 1508
f 1485 1486 1510 1509
f 1486 1487 1511 1510
f 1487 1488 1512 1511
f 1488 1465 1489 1512
f 1489 1490 1514 1513
f 1490 1491 1515 1514
f 1491 1492 1516 1515
f 1492 1493 1517 1516
f 1493 1494 1518 1517
f 1494 1495 1519 1518
f 1495 1496 1520 1519
f 1496 1497 1521 1520
f 1497 1498 1522 1521
f 1498 1499 1523 1522
f 1499 1500 1524 1523
f 1500 1501 1525 1524
f 1501 1502 1526 1525
f 1502 1503 1527 1526
f 1503 1504 1528 1527
f 1504 1505 1529 1528
f 1505 1506 1530 1529
f 1506 1507 1531 1530
f 1507 1508 1532 1531
f 1508 1509 1533 1532
f 1509 1510 1534 1533
f 1510 1511 1535 1534
f 1511 1512 1536 1535
f 1512 1489 1513 1536
f 1513 1514 1538 1537
f 1514 1515 1539 1538
f 1515 1516 1540 1539
f 1516 1517 1541 1540
f 1517 1518 1542 1541
f 1518 1519 1543 1542
f 1519 1520 1544 1543
f 1520 1521 1545 1544
f 1521 1522 1546 1545
f 1522 1523 1547 1546
f 1523 1524 1548 1547
f 1524 1525 1549 1548
f 1525 1526 1550 1549
f 1526 1527 1551 1550
f 1527 1528 1552 1551
f 1528 1529 1553 1552
f 1529 1530 1554 1553
f 1530 1531 1555 1554
f 1531 1532 1556 1555
f 1532 1533 1557 1556
f 1533 1534 1558 1557
f 1534 1535 1559 1558
f 1535 1536 1560 1559
f 1536 1513 1537 1560
f 1537 1538 1562 1561
f 1538 1539 1563 1562
f 1539 1540 1564 1563
f 1540 1541 1565 1564
f 1541 1542 1566 1565
f 1542 1543 1567 1566
f 1543 1544 1568 1567
f 1544 1545 1569 1568
f 1545 1546 1570 1569
f 1546 1547 1571 1570
f 1547 1548 1572 1571
f 1548 1549 1573 1572
f 1549 1550 1574 1573
f 1550 1551 1575 1574
f 1551 1552 1576 1575
f 1552 1553 1577 1576
f 1553 1554 1578 1577
f 1554 1555 1579 1578
f 1555 1556 1580 1579
f 1556 1557 1581 1580
f 1557 1558 1582 1581
f 1558 1559 1583 1582
f 1559 1560 1584 1583
f 1560 1537 1561 1584
f 1561 1562 1586 1585
f 1562 1563 1587 1586
f 1563 1564 1588 1587
f 1564 1565 1589 1588
f 1565 1566 1590 1589
f 1566 1567 1591 1590
f 1567 1568 1592 1591
f 1568 1569 1593 1592
f 1569 1570 1594 1593
f 1570 1571 1595 1594
f 1571 1572 1596 1595
f 1572 1573 1597 1596
f 1573 1574 1598 1597
f 1574 1575 1599 1598
f 1575 1576 1600 1599
f 1576 1577 1601 1600
f 1577 1578 1602 1601
f 1578 1579 1603 1602
f 1579 1580 1604 1603
f 1580 1581 1605 1604
f 1581 1582 1606 1605
f 1582 1583 1607 1606
f 1583 1584 1608 1607
f 1584 1561 1585 1608
f 1585 1586 1610 1609
f 1586 1587 1611 1610
f 1587 1588 1612 1611
f 1588 1589 1613 1612
f 1589 1590 1614 1613
f 1590 1591 1615 1614
f 1591 1592 1616 1615
f 1592 1593 1617 1616
f 1593 1594 1618 1617
f 1594 1595 1619 1618
f 1595 1596 1620 1619
f 1596 1597 1621 1620
f 1597 1598 1622 1621
f 1598 1599 1623 1622
f 1599 1600 1624 1623
f 1600 1601 1625 1624
f 1601 1602 1626 1625
f 1602 1603 1627 1626
f 1603 1604 1628 1627
f 1604 1605 1629 1628
f 1605 1606 1630 1629
f 1606 1607 1631 1630
f 1607 1608 1632 1631
f 1608 1585 1609 1632
f 1609 1610 1634 1633
f 1610 1611 1635 1634
f 1611 1612 1636 1635
f 1612 1613 1637 1636
f 1613 1614 1638 1637
f 1614 1615 1639 1638
f 1615 1616 1640 1639
f 1616 1617 1641 1640
f 1617 1618 1642 1641
f 1618 1619 1643 1642
f 1619 1620 1644 1643
f 1620 1621 1645 1644
f 1621 1622 1646 1645
f 1622 1623 1647 1646
f 1623 1624 1648 1647
f 1624 1625 1649 1648
f 1625 1626 1650 1649
f 1626 1627 1651 1650
f 1627 1628 1652 1651
f 1628 1629 1653 1652
f 1629 1630 1654 1653
f 1630 1631 1655 1654
f 1631 1632 1656 1655
f 1632 1609 1633 1656
f 1633 1634 1658 1657
f 1634 1635 1659 1658
f 1635 1636 1660 1659
f 1636 1637 1661 1660
f 1637 1638 1662 1661
f 1638 1639 1663 1662
f 1639 1640 1664 1663
f 1640 1641 1665 1664
f 1641 1642 1666 1665
f 1642 1643 1667 1666
f 1643 1644 1668 1667
f 1644 1645 1669 1668
f 1645 1646 1670 1669
f 1646 1647 1671 1670
f 1647 1648 1672 1671
f 1648 1649 1673 1672
f 1649 1650 1674 1673
f 1650 1651 1675 1674
f 1651 1652 1676 1675
f 1652 1653 1677 1676
f 1653 1654 1678 1677
f 1654 1655 1679 1678
f 1655 1656 1680 1679
f 1656 1633 1657 1680
f 1657 1658 1682 1681
f 1658 1659 1683 1682
f 1659 1660 1684 1683
f 1660 1661 1685 1684
f 1661 1662 1686 1685
f 1662 1663 1687 1686
f 1663 1664 1688 1687
f 1664 1665 1689 1688
f 1665 1666 1690 1689
f 1666 1667 1691 1690
f 1667 1668 1692 1691
f 1668 1669 1693 1692
f 1669 1670 1694 1693
f 1670 1671 1695 1694
f 1671 1672 1696 1695
f 1672 1673 1697 1696
f 1673 1674 1698 1697
f 1674 1675 1699 1698
f 1675 1676 1700 1699
f 1676 1677 1701 1700
f 1677 1678 1702 1701
f 1678 1679 1703 1702
f 1679 1680 1704 1703
f 1680 1657 1681 1704
f 1681 1682 1706 1705
f 1682 1683 1707 1706
f 1683 1684 1708 1707
f 1684 1685 1709 1708
f 1685 1686 1710 1709
f 1686 1687 1711 1710
f 1687 1688 1712 1711
f 1688 1689 1713 1712
f 1689 1690 1714 1713
f 1690 1691 1715 1714
f 1691 1692 1716 1715
f 1692 1693 1717 1716
f 1693 1694 1718 1717
f 1694 1695 1719 1718
f 1695 1696 1720 1719
f 1696 1697 1721 1720
f 1697 1698 1722 1721
f 1698 1699 1723 1722
f 1699 1700 1724 1723
f 1700 1701 1725 1724
f 1701 1702 1726 1725
f 1702 1703 1727 1726
f 1703 1704 1728 1727
f 1704 1681 1705 1728
f 1705 1706 1730 1729
f 1706 1707 1731 1730
f 1707 1708 1732 1731
f 1708 1709 1733 1732
f 1709 1710 1734 1733
f 1710 1711 1735 1734
f 1711 1712 1736 1735
f 1712 1713 1737 1736
f 1713 1714 1738 1737
f 1714 1715 1739 1738
f 1715 1716 1740 1739
f 1716 1717 1741 1740
f 1717 1718 1742 1741
f 1718 1719 1743 1742
f 1719 1720 1744 1743
f 1720 1721 1745 1744
f 1721 1722 1746 1745
f 1722 1723 1747 1746
f 1723 1724 1748 1747
f 1724 1725 1749 1748
f 1725 1726 1750 1749
f 1726 1727 1751 1750
f 1727 1728 1752 1751
f 1728 1705 1729 1752
f 1729 1730 1754 1753
f 1730 1731 1755 1754
f 1731 1732 1756 1755
f 1732 1733 1757 1756
f 1733 1734 1758 1757
f 1734 1735 1759 1758
f 1735 1736 1760 1759
f 1736 1737 1761 1760
f 1737 1738 1762 1761
f 1738 1739 1763 1762
f 1739 1740 1764 1763
f 1740 1741 1765 1764
f 1741 1742 1766 1765
f 1742 1743 1767 1766
f 1743 1744 1768 1767
f 1744 1745 1769 1768
f 1745 1746 1770 1769
f 1746 1747 1771 1770
f 1747 1748 1772 1771
f 1748 1749 1773 1772
f 1749 1750 1774 1773
f 1750 1751 1775 1774
f 1751 1752 1776 1775
f 1752 1729 1753 1776
f 1753 1754 1778 1777
f 1754 1755 1779 1778
f 1755 1756 1780 1779
f 1756 1757 1781 1780
f 1757 1758 1782 1781
f 1758 1759 1783 1782
f 1759 1760 1784 1783
f 1760 1761 1785 1784
f 1761 1762 1786 1785
f 1762 1763 1787 1786
f 1763 1764 1788 1787
f 1764 1765 1789 1788
f 1765 1766 1790 1789
f 1766 1767 1791 1790
f 1767 1768 1792 1791
f 1768 1769 1793 1792
f 1769 1770 1794 1793
f 1770 1771 1795 1794
f 1771 1772 1796 1795
f 1772 1773 1797 1796
f 1773 1774 1798 1797
f 1774 1775 1799 1798
f 1775 1776 1800 1799
f 1776 1753 1777 1800
f 1777 1778 1802 1801
f 1778 1779 1803 1802
f 1779 1780 1804 1803
f 1780 1781 1805 1804
f 1781 1782 1806 1805
f 1782 1783 1807 1806
f 1783 1784 1808 1807
f 1784 1785 1809 1808
f 1785 1786 1810 1809
f 1786 1787 1811 1810
f 1787 1788 1812 1811
f 1788 1789 1813 1812
f 1789 1790 1814 1813
f 1790 1791 1815 1814
f 1791 1792 1816 1815
f 1792 1793 1817 1816
f 1793 1794 1818 1817
f 1794 1795 1819 1818
f 1795 1796 1820 1819
f 1796 1797 1821 1820
f 1797 1798 1822 1821
f 1798 1799 1823 1822
f 1799 1800 1824 1823
f 1800 1777 1801 1824
f 1801 1802 1826 1825
f 1802 1803 1827 1826
f 1803 1804 1828 1827
f 1804 1805 1829 1828
f 1805 1806 1830 1829
f 1806 1807 1831 1830
f 1807 1808 1832 1831
f 1808 1809 1833 1832
f 1809 1810 1834 1833
f 1810 1811 1835 1834
f 1811 1812 1836 1835
f 1812 1813 1837 1836
f 1813 1814 1838 1837
f 1814 1815 1839 1838
f 1815 1816 1840 1839
f 1816 1817 1841 1840
f 1817 1818 1842 1841
f 1818 1819 1843 1842
f 1819 1820 1844 1843
f 1820 1821 1845 1844
f 1821 1822 1846 1845
f 1822 1823 1847 1846
f 1823 1824 1848 1847
f 1824 1801 1825 1848
f 1825 1826 1850 1849
f 1826 1827 1851 1850
f 1827 1828 1852 1851
f 1828 1829 1853 1852
f 1829 1830 1854 1853
f 1830 1831 1855 1854
f 1831 1832 1856 1855
f 1832 1833 1857 1856
f 1833 1834 1858 1857
f 1834 1835 1859 1858
f 1835 1836 1860 1859
f 1836 1837 1861 1860
f 1837 1838 1862 1861
f 1838 1839 1863 1862
f 1839 1840 1864 1863
f 1840 1841 1865 1864
f 1841 1842 1866 1865
f 1842 1843 1867 1866
f 1843 1844 1868 1867
f 1844 1845 1869 1868
f 1845 1846 1870 1869
f 1846 1847 1871 1870
f 1847 1848 1872 1871
f 1848 1825 1849 1872
f 1849 1850 1874 1873
f 1850 1851 1875 1874
f 1851 1852 1876 1875
f 1852 1853 1877 1876
f 1853 1854 1878 1877
f 1854 1855 1879 1878
f 1855 1856 1880 1879
f 1856 1857 1881 1880
f 1857 1858 1882 1881
f 1858 1859 1883 1882
f 1859 1860 1884 1883
f 1860 1861 1885 1884
f 1861 1862 1886 1885
f 1862 1863 1887 1886
f 1863 1864 1888 1887
f 1864 1865 1889 1888
f 1865 1866 1890 1889
f 1866 1867 1891 1890
f 1867 1868 1892 1891
f 1868 1869 1893 1892
f 1869 1870 1894 1893
f 1870 1871 1895 1894
f 1871 1872 1896 1895
f 1872 1849 1873 1896
f 1873 1874 1898 1897
f 1874 1875 1899 1898
f 1875 1876 1900 1899
f 1876 1877 1901 1900
f 1877 1878 1902 1901
f 1878 1879 1903 1902
f 1879 1880 1904 1903
f 1880 1881 1905 1904
f 1881 1882 1906 1905
f 1882 1883 1907 1906
f 1883 1884 1908 1907
f 1884 1885 1909 1908
f 1885 1886 1910 1909
f 1886 1887 1911 1910
f 1887 1888 1912 1911
f 1888 1889 1913 1912
f 1889 1890 1914 1913
f 1890 1891 1915 1914
f 1891 1892 1916 1915
f 1892 1893 1917 1916
f 1893 1894 1918 1917
f 1894 1895 1919 1918
f 1895 1896 1920 1919
f 1896 1873 1897 1920
f 1897 1898 1922 1921
f 1898 1899 1923 1922
f 1899 1900 1924 1923
f 1900 1901 1925 1924
f 1901 1902 1926 1925
f 1902 1903 1927 1926
f 1903 1904 1928 1927
f 1904 1905 1929 1928
f 1905 1906 1930 1929
f 1906 1907 1931 1930
f 1907 1908 1932 1931
f 1908 1909 1933 1932
f 1909 1910 1934 1933
f 1910 1911 1935 1934
f 1911 1912 1936 1935
f 1912 1913 1937 1936
f 1913 1914 1938 1937
f 1914 1915 1939 1938
f 1915 1916 1940 1939
f 1916 1917 1941 1940
f 1917 1918 1942 1941
f 1918 1919 1943 1942
f 1919 1920 1944 1943
f 1920 1897 1921 1944
f 1921 1922 1946 1945
f 1922 1923 1947 1946
f 1923 1924 1948 1947
f 1924 1925 1949 1948
f 1925 1926 1950 1949
f 1926 1927 1951 1950
f 1927 1928 1952 1951
f 1928 1929 1953 1952
f 1929 1930 1954 1953
f 1930 1931 1955 1954
f 1931 1932 1956 1955
f 1932 1933 1957 1956
f 1933 1934 1958 1957
f 1934 1935 1959 1958
f 1935 1936 1960 1959
f 1936 1937 1961 1960
f 1937 1938 1962 1961
f 1938 1939 1963 1962
f 1939 1940 1964 1963
f 1940 1941 1965 1964
f 1941 1942 1966 1965
f 1942 1943 1967 1966
f 1943 1944 1968 1967
f 1944 1921 1945 1968
f 1945 1946 1970 1969
f 1946 1947 1971 1970
f 1947 1948 1972 1971
f 1948 1949 1973 1972
f 1949 1950 1974 1973
f 1950 1951 1975 1974
f 1951 1952 1976 1975
f 1952 1953 1977 1976
f 1953 1954 1978 1977
f 1954 1955 1979 1978
f 1955 1956 1980 1979
f 1956 1957 1981 1980
f 1957 1958 1982 1981
f 1958 1959 1983 1982
f 1959 1960 1984 1983
f 1960 1961 1985 1984
f 1961 1962 1986 1985
f 1962 1963 1987 1986
f 1963 1964 1988 1987
f 1964 1965 1989 1988
f 1965 1966 1990 1989
f 1966 1967 1991 1990
f 1967 1968 1992 1991
f 1968 1945 1969 1992
f 1969 1970 1994 1993
f 1970 1971 1995 1994
f 1971 1972 1996 1995
f 1972 1973 1997 1996
f 1973 1974 1998 1997
f 1974 1975 1999 1998
f 1975 1976 2000 1999
f 1976 1977 2001 2000
f 1977 1978 2002 2001
f 1978 1979 2003 2002
f 1979 1980 2004 2003
f 1980 1981 2005 2004
f 1981 1982 2006 2005
f 1982 1983 2007 2006
f 1983 1984 2008 2007
f 1984 1985 2009 2008
f 1985 1986 2010 2009
f 1986 1987 2011 2010
f 1987 1988 2012 2011
f 1988 1989 2013 2012
f 1989 1990 2014 2013
f 1990 1991 2015 2014
f 1991 1992 2016 2015
f 1992 1969 1993 2016
f 1993 1994 2018 2017
f 1994 1995 2019 2018
f 1995 1996 2020 2019
f 1996 1997 2021 2020
f 1997 1998 2022 2021
f 1998 1999 2023 2022
f 1999 2000 2024 2023
f 2000 2001 2025 2024
f 2001 2002 2026 2025
f 2002 2003 2027 2026
f 2003 2004 2028 2027
f 2004 2005 2029 2028
f 2005 2006 2030 2029
f 2006 2007 2031 2030
f 2007 2008 2032 2031
f 2008 2009 2033 2032
f 2009 2010 2034 2033
f 2010 2011 2035 2034
f 2011 2012 2036 2035
f 2012 2013 2037 2036
f 2013 2014 2038 2037
f 2014 2015 2039 2038
f 2015 2016 2040 2039
f 2016 1993 2017 2040
f 2017 2018 2042 2041
f 2018 2019 2043 2042
f 2019 2020 2044 2043
f 2020 2021 2045 2044
f 2021 2022 2046 2045
f 2022 2023 2047 2046
f 2023 2024 2048 2047
f 2024 2025 2049 2048
f 2025 2026 2050 2049
f 2026 2027 2051 2050
f 2027 2028 2052 2051
f 2028 2029 2053 2052
f 2029 2030 2054 2053
f 2030 2031 2055 2054
f 2031 2032 2056 2055
f 2032 2033 2057 2056
f 2033 2034 2058 2057
f 2034 2035 2059 2058
f 2035 2036 2060 2059
f 2036 2037 2061 2060
f 2037 2038 2062 2061
f 2038 2039 2063 2062
f 2039 2040 2064 2063
f 2040 2017 2041 2064
f 2041 2042 2066 2065
f 2042 2043 2067 2066
f 2043 2044 2068 2067
f 2044 2045 2069 2068
f 2045 2046 2070 2069
f 2046 2047 2071 2070
f 2047 2048 2072 2071
f 2048 2049 2073 2072
f 2049 2050 2074 2073
f 2050 2051 2075 2074
f 2051 2052 2076 2075
f 2052 2053 2077 2076
f 2053 2054 2078 2077
f 2054 2055 2079 2078
f 2055 2056 2080 2079
f 2056 2057 2081 2080
f 2057 2058 2082 2081
f 2058 2059 2083 2082
f 2059 2060 2084 2083
f 2060 2061 2085 2084
f 2061 2062 2086 2085
f 2062 2063 2087 2086
f 2063 2064 2088 2087
f 2064 2041 2065 2088
f 2065 2066 2090 2089
f 2066 2067 2091 2090
f 2067 2068 2092 2091
f 2068 2069 2093 2092
f 2069 2070 2094 2093
f 2070 2071 2095 2094
f 2071 2072 2096 2095
f 2072 2073 2097 2096
f 2073 2074 2098 2097
f 2074 2075 2099 2098
f 2075 2076 2100 2099
f 2076 2077 2101 2100
f 2077 2078 2102 2101
f 2078 2079 2103 2102
f 2079 2080 2104 2103
f 2080 2081 2105 2104
f 2081 2082 2106 2105
f 2082 2083 2107 2106
f 2083 2084 2108 2107
f 2084 2085 2109 2108
f 2085 2086 2110 2109
f 2086 2087 2111 2110
f 2087 2088 2112 2111
f 2088 2065 2089 2112
f 2089 2090 2114 2113
f 2090 2091 2115 2114
f 2091 2092 2116 2115
f 2092 2093 2117 2116
f 2093 2094 2118 2117
f 2094 2095 2119 2118
f 2095 2096 2120 2119
f 2096 2097 2121 2120
f 2097 2098 2122 2121
f 2098 2099 2123 2122
f 2099 2100 2124 2123
f 2100 2101 2125 2124
f 2101 2102 2126 2125
f 2102 2103 2127 2126
f 2103 2104 2128 2127
f 2104 2105 2129 2128
f 2105 2106 2130 2129
f 2106 2107 2131 2130
f 2107 2108 2132 2131
f 2108 2109 2133 2132
f 2109 2110 2134 2133
f 2110 2111 2135 2134
f 2111 2112 2136 2135
f 2112 2089 2113 2136
f 2113 2114 2138 2137
f 2114 2115 2139 2138
f 2115 2116 2140 2139
f 2116 2117 2141 2140
f 2117 2118 2142 2141
f 2118 2119 2143 2142
f 2119 2120 2144 2143
f 2120 2121 2145 2144
f 2121 2122 2146 2145
f 2122 2123 2147 2146
f 2123 2124 2148 2147
f 2124 2125 2149 2148
f 2125 2126 2150 2149
f 2126 2127 2151 2150
f 2127 2128 2152 2151
f 2128 2129 2153 2152
f 2129 2130 2154 2153
f 2130 2131 2155 2154
f 2131 2132 2156 2155
f 2132 2133 2157 2156
f 2133 2134 2158 2157
f 2134 2135 2159 2158
f 2135 2136 2160 2159
f 2136 2113 2137 2160
f 2137 2138 2162 2161
f 2138 2139 2163 2162
f 2139 2140 2164 2163
f 2140 2141 2165 2164
f 2141 2142 2166 2165
f 2142 2143 2167 2166
f 2143 2144 2168 2167
f 2144 2145 2169 2168
f 2145 2146 2170 2169
f 2146 2147 2171 2170
f 2147 2148 2172 2171
f 2148 2149 2173 2172
f 2149 2150 2174 2173
f 2150 2151 2175 2174
f 2151 2152 2176 2175
f 2152 2153 2177 2176
f 2153 2154 2178 2177
f 2154 2155 2179 2178
f 2155 2156 2180 2179
f 2156 2157 2181 2180
f 2157 2158 2182 2181
f 2158 2159 2183 2182
f 2159 2160 2184 2183
f 2160 2137 2161 2184
f 2161 2162 2186 2185
f 2162 2163 2187 2186
f 2163 2164 2188 2187
f 2164 2165 2189 2188
f 2165 2166 2190 2189
f 2166 2167 2191 2190
f 2167 2168 2192 2191
f 2168 2169 2193 2192
f 2169 2170 2194 2193
f 2170 2171 2195 2194
f 2171 2172 2196 2195
f 2172 2173 2197 2196
f 2173 2174 2198 2197
f 2174 2175 2199 2198
f 2175 2176 2200 2199
f 2176 2177 2201 2200
f 2177 2178 2202 2201
f 2178 2179 2203 2202
f 2179 2180 2204 2203
f 2180 2181 2205 2204
f 2181 2182 2206 2205
f 2182 2183 2207 2206
f 2183 2184 2208 2207
f 2184 2161 2185 2208
f 2185 2186 2210 2209
f 2186 2187 2211 2210
f 2187 2188 2212 2211
f 2188 2189 2213 2212
f 2189 2190 2214 2213
f 2190 2191 2215 2214
f 2191 2192 2216 2215
f 2192 2193 2217 2216
f 2193 2194 2218 2217
f 2194 2195 2219 2218
f 2195 2196 2220 2219
f 2196 2197 2221 2220
f 2197 2198 2222 2221
f 2198 2199 2223 2222
f 2199 2200 2224 2223
f 2200 2201 2225 2224
f 2201 2202 2226 2225
f 2202 2203 2227 2226
f 2203 2204 2228 2227
f 2204 2205 2229 2228
f 2205 2206 2230 2229
f 2206 2207 2231 2230
f 2207 2208 2232 2231
f 2208 2185 2209 2232
f 2209 2210 2234 2233
f 2210 2211 2235 2234
f 2211 2212 2236 2235
f 2212 2213 2237 2236
f 2213 2214 2238 2237
f 2214 2215 2239 2238
f 2215 2216 2240 2239
f 2216 2217 2241 2240
f 2217 2218 2242 2241
f 2218 2219 2243 2242
f 2219 2220 2244 2243
f 2220 2221 2245 2244
f 2221 2222 2246 2245
f 2222 2223 2247 2246
f 2223 2224 2248 2247
f 2224 2225 2249 2248
f 2225 2226 2250 2249
f 2226 2227 2251 2250
f 2227 2228 2252 2251
f 2228 2229 2253 2252
f 2229 2230 2254 2253
f 2230 2231 2255 2254
f 2231 2232 2256 2255
f 2232 2209 2233 2256
f 2233 2234 2258 2257
f 2234 2235 2259 2258
f 2235 2236 2260 2259
f 2236 2237 2261 2260
f 2237 2238 2262 2261
f 2238 2239 2263 2262
f 2239 2240 2264 2263
f 2240 2241 2265 2264
f 2241 2242 2266 2265
f 2242 2243 2267 2266
f 2243 2244 2268 2267
f 2244 2245 2269 2268
f 2245 2246 2270 2269
f 2246 2247 2271 2270
f 2247 2248 2272 2271
f 2248 2249 2273 2272
f 2249 2250 2274 2273
f 2250 2251 2275 2274
f 2251 2252 2276 2275
f 2252 2253 2277 2276
f 2253 2254 2278 2277
f 2254 2255 2279 2278
f 2255 2256 2280 2279
f 2256 2233 2257 2280
f 2257 2258 2282 2281
f 2258 2259 2283 2282
f 2259 2260 2284 2283
f 2260 2261 2285 2284
f 2261 2262 2286 2285
f 2262 2263 2287 2286
f 2263 2264 2288 2287
f 2264 2265 2289 2288
f 2265 2266 2290 2289
f 2266 2267 2291 2290
f 2267 2268 2292 2291
f 2268 2269 2293 2292
f 2269 2270 2294 2293
f 2270 2271 2295 2294
f 2271 2272 2296 2295
f 2272 2273 2297 2296
f 2273 2274 2298 2297
f 2274 2275 2299 2298
f 2275 2276 2300 2299
f 2276 2277 2301 2300
f 2277 2278 2302 2301
f 2278 2279 2303 2302
f 2279 2280 2304 2303
f 2280 2257 2281 2304
f 2281 2282 2306 2305
f 2282 2283 2307 2306
f 2283 2284 2308 2307
f 2284 2285 2309 2308
f 2285 2286 2310 2309
f 2286 2287 2311 2310
f 2287 2288 2312 2311
f 2288 2289 2313 2312
f 2289 2290 2314 2313
f 2290 2291 2315 2314
f 2291 2292 2316 2315
f 2292 2293 2317 2316
f 2293 2294 2318 2317
f 2294 2295 2319 2318
f 2295 2296 2320 2319
f 2296 2297 2321 2320
f 2297 2298 2322 2321
f 2298 2299 2323 2322
f 2299 2300 2324 2323
f 2300 2301 2325 2324
f 2301 2302 2326 2325
f 2302 2303 2327 2326
f 2303 2304 2328 2327
f 2304 2281 2305 2328
f 2305 2306 2330 2329
f 2306 2307 2331 2330
f 2307 2308 2332 2331
f 2308 2309 2333 2332
f 2309 2310 2334 2333
f 2310 2311 2335 2334
f 2311 2312 2336 2335
f 2312 2313 2337 2336
f 2313 2314 2338 2337
f 2314 2315 2339 2338
f 2315 2316 2340 2339
f 2316 2317 2341 2340
f 2317 2318 2342 2341
f 2318 2319 2343 2342
f 2319 2320 2344 2343
f 2320 2321 2345 2344
f 2321 2322 2346 2345
f 2322 2323 2347 2346
f 2323 2324 2348 2347
f 2324 2325 2349 2348
f 2325 2326 2350 2349
f 2326 2327 2351 2350
f 2327 2328 2352 2351
f 2328 2305 2329 2352
f 2329 2330 2354 2353
f 2330 2331 2355 2354
f 2331 2332 2356 2355
f 2332 2333 2357 2356
f 2333 2334 2358 2357
f 2334 2335 2359 2358
f 2335 2336 2360 2359
f 2336 2337 2361 2360
f 2337 2338 2362 2361
f 2338 2339 2363 2362
f 2339 2340 2364 2363
f 2340 2341 2365 2364
f 2341 2342 2366 2365
f 2342 2343 2367 2366
f 2343 2344 2368 2367
f 2344 2345 2369 2368
f 2345 2346 2370 2369
f 2346 2347 2371 2370
f 2347 2348 2372 2371
f 2348 2349 2373 2372
f 2349 2350 2374 2373
f 2350 2351 2375 2374
f 2351 2352 2376 2375
f 2352 2329 2353 2376
f 2353 2354 2378 2377
f 2354 2355 2379 2378
f 2355 2356 2380 2379
f 2356 2357 2381 2380
f 2357 2358 2382 2381
f 2358 2359 2383 2382
f 2359 2360 2384 2383
f 2360 2361 2385 2384
f 2361 2362 2386 2385
f 2362 2363 2387 2386
f 2363 2364 2388 2387
f 2364 2365 2389 2388
f 2365 2366 2390 2389
f 2366 2367 2391 2390
f 2367 2368 2392 2391
f 2368 2369 2393 2392
f 2369 2370 2394 2393
f 2370 2371 2395 2394
f 2371 2372 2396 2395
f 2372 2373 2397 2396
f 2373 2374 2398 2397
f 2374 2375 2399 2398
f 2375 2376 2400 2399
f 2376 2353 2377 2400
f 2377 2378 2402 2401
f 2378 2379 2403 2402
f 2379 2380 2404 2403
f 2380 2381 2405 2404
f 2381 2382 2406 2405
f 2382 2383 2407 2406
f 2383 2384 2408 2407
f 2384 2385 2409 2408
f 2385 2386 2410 2409
f 2386 2387 2411 2410
f 2387 2388 2412 2411
f 2388 2389 2413 2412
f 2389 2390 2414 2413
f 2390 2391 2415 2414
f 2391 2392 2416 2415
f 2392 2393 2417 2416
f 2393 2394 2418 2417
f 2394 2395 2419 2418
f 2395 2396 2420 2419
f 2396 2397 2421 2420
f 2397 2398 2422 2421
f 2398 2399 2423 2422
f 2399 2400 2424 2423
f 2400 2377 2401 2424
f 2401 2402 2426 2425
f 2402 2403 2427 2426
f 2403 2404 2428 2427
f 2404 2405 2429 2428
f 2405 2406 2430 2429
f 2406 2407 2431 2430
f 2407 2408 2432 2431
f 2408 2409 2433 2432
f 2409 2410 2434 2433
f 2410 2411 2435 2434
f 2411 2412 2436 2435
f 2412 2413 2437 2436
f 2413 2414 2438 2437
f 2414 2415 2439 2438
f 2415 2416 2440 2439
f 2416 2417 2441 2440
f 2417 2418 2442 2441
f 2418 2419 2443 2442
f 2419 2420 2444 2443
f 2420 2421 2445 2444
f 2421 2422 2446 2445
f 2422 2423 2447 2446
f 2423 2424 2448 2447
f 2424 2401 2425 2448
f 2425 2426 2450 2449
f 2426 2427 2451 2450
f 2427 2428 2452 2451
f 2428 2429 2453 2452
f 2429 2430 2454 2453
f 2430 2431 2455 2454
f 2431 2432 2456 2455
f 2432 2433 2457 2456
f 2433 2434 2458 2457
f 2434 2435 2459 2458
f 2435 2436 2460 2459
f 2436 2437 2461 2460
f 2437 2438 2462 2461
f 2438 2439 2463 2462
f 2439 2440 2464 2463
f 2440 2441 2465 2464
f 2441 2442 2466 2465
f 2442 2443 2467 2466
f 2443 2444 2468 2467
f 2444 2445 2469 2468
f 2445 2446 2470 2469
f 2446 2447 2471 2470
f 2447 2448 2472 2471
f 2448 2425 2449 2472
f 2449 2450 2474 2473
f 2450 2451 2475 2474
f 2451 2452 2476 2475
f 2452 2453 2477 2476
f 2453 2454 2478 2477
f 2454 2455 2479 2478
f 2455 2456 2480 2479
f 2456 2457 2481 2480
f 2457 2458 2482 2481
f 2458 2459 2483 2482
f 2459 2460 2484 2483
f 2460 2461 2485 2484
f 2461 2462 2486 2485
f 2462 2463 2487 2486
f 2463 2464 2488 2487
f 2464 2465 2489 2488
f 2465 2466 2490 2489
f 2466 2467 2491 2490
f 2467 2468 2492 2491
f 2468 2469 2493 2492
f 2469 2470 2494 2493
f 2470 2471 2495 2494
f 2471 2472 2496 2495
f 2472 2449 2473 2496
f 2473 2474 2498 2497
f 2474 2475 2499 2498
f 2475 2476 2500 2499
f 2476 2477 2501 2500
f 2477 2478 2502 2501
f 2478 2479 2503 2502
f 2479 2480 2504 2503
f 2480 2481 2505 2504
f 2481 2482 2506 2505
f 2482 2483 2507 2506
f 2483 2484 2508 2507
f 2484 2485 2509 2508
f 2485 2486 2510 2509
f 2486 2487 2511 2510
f 2487 2488 2512 2511
f 2488 2489 2513 2512
f 2489 2490 2514 2513
f 2490 2491 2515 2514
f 2491 2492 2516 2515
f 2492 2493 2517 2516
f 2493 2494 2518 2517
f 2494 2495 2519 2518
f 2495 2496 2520 2519
f 2496 2473 2497 2520
f 2497 2498 2522 2521
f 2498 2499 2523 2522
f 2499 2500 2524 2523
f 2500 2501 2525 2524
f 2501 2502 2526 2525
f 2502 2503 2527 2526
f 2503 2504 2528 2527
f 2504 2505 2529 2528
f 2505 2506 2530 2529
f 2506 2507 2531 2530
f 2507 2508 2532 2531
f 2508 2509 2533 2532
f 2509 2510 2534 2533
f 2510 2511 2535 2534
f 2511 2512 2536 2535
f 2512 2513 2537 2536
f 2513 2514 2538 2537
f 2514 2515 2539 2538
f 2515 2516 2540 2539
f 2516 2517 2541 2540
f 2517 2518 2542 2541
f 2518 2519 2543 2542
f 2519 2520 2544 2543
f 2520 2497 2521 2544
f 2521 2522 2546 2545
f 2522 2523 2547 2546
f 2523 2524 2548 2547
f 2524 2525 2549 2548
f 2525 2526 2550 2549
f 2526 2527 2551 2550
f 2527 2528 2552 2551
f 2528 2529 2553 2552
f 2529 2530 2554 2553
f 2530 2531 2555 2554
f 2531 2532 2556 2555
f 2532 2533 2557 2556
f 2533 2534 2558 2557
f 2534 2535 2559 2558
f 2535 2536 2560 2559
f 2536 2537 2561 2560
f 2537 2538 2562 2561
f 2538 2539 2563 2562
f 2539 2540 2564 2563
f 2540 2541 2565 2564
f 2541 2542 2566 2565
f 2542 2543 2567 2566
f 2543 2544 2568 2567
f 2544 2521 2545 2568
f 2545 2546 2570 2569
f 2546 2547 2571 2570
f 2547 2548 2572 2571
f 2548 2549 2573 2572
f 2549 2550 2574 2573
f 2550 2551 2575 2574
f 2551 2552 2576 2575
f 2552 2553 2577 2576
f 2553 2554 2578 2577
f 2554 2555 2579 2578
f 2555 2556 2580 2579
f 2556 2557 2581 2580
f 2557 2558 2582 2581
f 2558 2559 2583 2582
f 2559 2560 2584 2583
f 2560 2561 2585 2584
f 2561 2562 2586 2585
f 2562 2563 2587 2586
f 2563 2564 2588 2587
f 2564 2565 2589 2588
f 2565 2566 2590 2589
f 2566 2567 2591 2590
f 2567 2568 2592 2591
f 2568 2545 2569 2592
f 2569 2570 2594 2593
f 2570 2571 2595 2594
f 2571 2572 2596 2595
f 2572 2573 2597 2596
f 2573 2574 2598 2597
f 2574 2575 2599 2598
f 2575 2576 2600 2599
f 2576 2577 2601 2600
f 2577 2578 2602 2601
f 2578 2579 2603 2602
f 2579 2580 2604 2603
f 2580 2581 2605 2604
f 2581 2582 2606 2605
f 2582 2583 2607 2606
f 2583 2584 2608 2607
f 2584 2585 2609 2608
f 2585 2586 2610 2609
f 2586 2587 2611 2610
f 2587 2588 2612 2611
f 2588 2589 2613 2612
f 2589 2590 2614 2613
f 2590 2591 2615 2614
f 2591 2592 2616 2615
f 2592 2569 2593 2616
f 2593 2594 2618 2617
f 2594 2595 2619 2618
f 2595 2596 2620 2619
f 2596 2597 2621 2620
f 2597 2598 2622 2621
f 2598 2599 2623 2622
f 2599 2600 2624 2623
f 2600 2601 2625 2624
f 2601 2602 2626 2625
f 2602 2603 2627 2626
f 2603 2604 2628 2627
f 2604 2605 2629 2628
f 2605 2606 2630 2629
f 2606 2607 2631 2630
f 2607 2608 2632 2631
f 2608 2609 2633 2632
f 2609 2610 2634 2633
f 2610 2611 2635 2634
f 2611 2612 2636 2635
f 2612 2613 2637 2636
f 2613 2614 2638 2637
f 2614 2615 2639 2638
f 2615 2616 2640 2639
f 2616 2593 2617 2640
f 2617 2618 2642 2641
f 2618 2619 2643 2642
f 2619 2620 2644 2643
f 2620 2621 2645 2644
f 2621 2622 2646 2645
f 2622 2623 2647 2646
f 2623 2624 2648 2647
f 2624 2625 2649 2648
f 2625 2626 2650 2649
f 2626 2627 2651 2650
f 2627 2628 2652 2651
f 2628 2629 2653 2652
f 2629 2630 2654 2653
f 2630 2631 2655 2654
f 2631 2632 2656 2655
f 2632 2633 2657 2656
f 2633 2634 2658 2657
f 2634 2635 2659 2658
f 2635 2636 2660 2659
f 2636 2637 2661 2660
f 2637 2638 2662 2661
f 2638 2639 2663 2662
f 2639 2640 2664 2663
f 2640 2617 2641 2664
f 2641 2642 2666 2665
f 2642 2643 2667 2666
f 2643 2644 2668 2667
f 2644 2645 2669 2668
f 2645 2646 2670 2669
f 2646 2647 2671 2670
f 2647 2648 2672 2671
f 2648 2649 2673 2672
f 2649 2650 2674 2673
f 2650 2651 2675 2674
f 2651 2652 2676 2675
f 2652 2653 2677 2676
f 2653 2654 2678 2677
f 2654 2655 2679 2678
f 2655 2656 2680 2679
f 2656 2657 2681 2680
f 2657 2658 2682 2681
f 2658 2659 2683 2682
f 2659 2660 2684 2683
f 2660 2661 2685 2684
f 2661 2662 2686 2685
f 2662 2663 2687 2686
f 2663 2664 2688 2687
f 2664 2641 2665 2688
f 2665 2666 2690 2689
f 2666 2667 2691 2690
f 2667 2668 2692 2691
f 2668 2669 2693 2692
f 2669 2670 2694 2693
f 2670 2671 2695 2694
f 2671 2672 2696 2695
f 2672 2673 2697 2696
f 2673 2674 2698 2697
f 2674 2675 2699 2698
f 2675 2676 2700 2699
f 2676 2677 2701 2700
f 2677 2678 2702 2701
f 2678 2679 2703 2702
f 2679 2680 2704 2703
f 2680 2681 2705 2704
f 2681 2682 2706 2705
f 2682 2683 2707 2706
f 2683 2684 2708 2707
f 2684 2685 2709 2708
f 2685 2686 2710 2709
f 2686 2687 2711 2710
f 2687 2688 2712 2711
f 2688 2665 2689 2712
f 2689 2690 2714 2713
f 2690 2691 2715 2714
f 2691 2692 2716 2715
f 2692 2693 2717 2716
f 2693 2694 2718 2717
f 2694 2695 2719 2718
f 2695 2696 2720 2719
f 2696 2697 2721 2720
f 2697 2698 2722 2721
f 2698 2699 2723 2722
f 2699 2700 2724 2723
f 2700 2701 2725 2724
f 2701 2702 2726 2725
f 2702 2703 2727 2726
f 2703 2704 2728 2727
f 2704 2705 2729 2728
f 2705 2706 2730 2729
f 2706 2707 2731 2730
f 2707 2708 2732 2731
f 2708 2709 2733 2732
f 2709 2710 2734 2733
f 2710 2711 2735 2734
f 2711 2712 2736 2735
f 2712 2689 2713 2736
f 2713 2714 2738 2737
f 2714 2715 2739 2738
f 2715 2716 2740 2739
f 2716 2717 2741 2740
f 2717 2718 2742 2741
f 2718 2719 2743 2742
f 2719 2720 2744 2743
f 2720 2721 2745 2744
f 2721 2722 2746 2745
f 2722 2723 2747 2746
f 2723 2724 2748 2747
f 2724 2725 2749 2748
f 2725 2726 2750 2749
f 2726 2727 2751 2750
f 2727 2728 2752 2751
f 2728 2729 2753 2752
f 2729 2730 2754 2753
f 2730 2731 2755 2754
f 2731 2732 2756 2755
f 2732 2733 2757 2756
f 2733 2734 2758 2757
f 2734 2735 2759 2758
f 2735 2736 2760 2759
f 2736 2713 2737 2760
f 2737 2738 2762 2761
f 2738 2739 2763 2762
f 2739 2740 2764 2763
f 2740 2741 2765 2764
f 2741 2742 2766 2765
f 2742 2743 2767 2766
f 2743 2744 2768 2767
f 2744 2745 2769 2768
f 2745 2746 2770 2769
f 2746 2747 2771 2770
f 2747 2748 2772 2771
f 2748 2749 2773 2772
f 2749 2750 2774 2773
f 2750 2751 2775 2774
f 2751 2752 2776 2775
f 2752 2753 2777 2776
f 2753 2754 2778 2777
f 2754 2755 2779 2778
f 2755 2756 2780 2779
f 2756 2757 2781 2780
f 2757 2758 2782 2781
f 2758 2759 2783 2782
f 2759 2760 2784 2783
f 2760 2737 2761 2784
f 2761 2762 2786 2785
f 2762 2763 2787 2786
f 2763 2764 2788 2787
f 2764 2765 2789 2788
f 2765 2766 2790 2789
f 2766 2767 2791 2790
f 2767 2768 2792 2791
f 2768 2769 2793 2792
f 2769 2770 2794 2793
f 2770 2771 2795 2794
f 2771 2772 2796 2795
f 2772 2773 2797 2796
f 2773 2774 2798 2797
f 2774 2775 2799 2798
f 2775 2776 2800 2799
f 2776 2777 2801 2800
f 2777 2778 2802 2801
f 2778 2779 2803 2802
f 2779 2780 2804 2803
f 2780 2781 2805 2804
f 2781 2782 2806 2805
f 2782 2783 2807 2806
f 2783 2784 2808 2807
f 2784 2761 2785 2808
f 2785 2786 2810 2809
f 2786 2787 2811 2810
f 2787 2788 2812 2811
f 2788 2789 2813 2812
f 2789 2790 2814 2813
f 2790 2791 2815 2814
f 2791 2792 2816 2815
f 2792 2793 2817 2816
f 2793 2794 2818 2817
f 2794 2795 2819 2818
f 2795 2796 2820 2819
f 2796 2797 2821 2820
f 2797 2798 2822 2821
f 2798 2799 2823 2822
f 2799 2800 2824 2823
f 2800 2801 2825 2824
f 2801 2802 2826 2825
f 2802 2803 2827 2826
f 2803 2804 2828 2827
f 2804 2805 2829 2828
f 2805 2806 2830 2829
f 2806 2807 2831 2830
f 2807 2808 2832 2831
f 2808 2785 2809 2832
f 2809 2810 2834 2833
f 2810 2811 2835 2834
f 2811 2812 2836 2835
f 2812 2813 2837 2836
f 2813 2814 2838 2837
f 2814 2815 2839 2838
f 2815 2816 2840 2839
f 2816 2817 2841 2840
f 2817 2818 2842 2841
f 2818 2819 2843 2842
f 2819 2820 2844 2843
f 2820 2821 2845 2844
f 2821 2822 2846 2845
f 2822 2823 2847 2846
f 2823 2824 2848 2847
f 2824 2825 2849 2848
f 2825 2826 2850 2849
f 2826 2827 2851 2850
f 2827 2828 2852 2851
f 2828 2829 2853 2852
f 2829 2830 2854 2853
f 2830 2831 2855 2854
f 2831 2832 2856 2855
f 2832 2809 2833 2856
f 2833 2834 2858 2857
f 2834 2835 2859 2858
f 2835 2836 2860 2859
f 2836 2837 2861 2860
f 2837 2838 2862 2861
f 2838 2839 2863 2862
f 2839 2840 2864 2863
f 2840 2841 2865 2864
f 2841 2842 2866 2865
f 2842 2843 2867 2866
f 2843 2844 2868 2867
f 2844 2845 2869 2868
f 2845 2846 2870 2869
f 2846 2847 2871 2870
f 2847 2848 2872 2871
f 2848 2849 2873 2872
f 2849 2850 2874 2873
f 2850 2851 2875 2874
f 2851 2852 2876 2875
f 2852 2853 2877 2876
f 2853 2854 2878 2877
f 2854 2855 2879 2878
f 2855 2856 2880 2879
f 2856 2833 2857 2880
f 2857 2858 2882 2881
f 2858 2859 2883 2882
f 2859 2860 2884 2883
f 2860 2861 2885 2884
f 2861 2862 2886 2885
f 2862 2863 2887 2886
f 2863 2864 2888 2887
f 2864 2865 2889 2888
f 2865 2866 2890 2889
f 2866 2867 2891 2890
f 2867 2868 2892 2891
f 2868 2869 2893 2892
f 2869 2870 2894 2893
f 2870 2871 2895 2894
f 2871 2872 2896 2895
f 2872 2873 2897 2896
f 2873 2874 2898 2897
f 2874 2875 2899 2898
f 2875 2876 2900 2899
f 2876 2877 2901 2900
f 2877 2878 2902 2901
f 2878 2879 2903 2902
f 2879 2880 2904 2903
f 2880 2857 2881 2904
f 2881 2882 2906 2905
f 2882 2883 2907 2906
f 2883 2884 2908 2907
f 2884 2885 2909 2908
f 2885 2886 2910 2909
f 2886 2887 2911 2910
f 2887 2888 2912 2911
f 2888 2889 2913 2912
f 2889 2890 2914 2913
f 2890 2891 2915 2914
f 2891 2892 2916 2915
f 2892 2893 2917 2916
f 2893 2894 2918 2917
f 2894 2895 2919 2918
f 2895 2896 2920 2919
f 2896 2897 2921 2920
f 2897 2898 2922 2921
f 2898 2899 2923 2922
f 2899 2900 2924 2923
f 2900 2901 2925 2924
f 2901 2902 2926 2925
f 2902 2903 2927 2926
f 2903 2904 2928 2927
f 2904 2881 2905 2928
f 2905 2906 2930 2929
f 2906 2907 2931 2930
f 2907 2908 2932 2931
f 2908 2909 2933 2932
f 2909 2910 2934 2933
f 2910 2911 2935 2934
f 2911 2912 2936 2935
f 2912 2913 2937 2936
f 2913 2914 2938 2937
f 2914 2915 2939 2938
f 2915 2916 2940 2939
f 2916 2917 2941 2940
f 2917 2918 2942 2941
f 2918 2919 2943 2942
f 2919 2920 2944 2943
f 2920 2921 2945 2944
f 2921 2922 2946 2945
f 2922 2923 2947 2946
f 2923 2924 2948 2947
f 2924 2925 2949 2948
f 2925 2926 2950 2949
f 2926 2927 2951 2950
f 2927 2928 2952 2951
f 2928 2905 2929 2952
f 2929 2930 2954 2953
f 2930 2931 2955 2954
f 2931 2932 2956 2955
f 2932 2933 2957 2956
f 2933 2934 2958 2957
f 2934 2935 2959 2958
f 2935 2936 2960 2959
f 2936 2937 2961 2960
f 2937 2938 2962 2961
f 2938 2939 2963 2962
f 2939 2940 2964 2963
f 2940 2941 2965 2964
f 2941 2942 2966 2965
f 2942 2943 2967 2966
f 2943 2944 2968 2967
f 2944 2945 2969 2968
f 2945 2946 2970 2969
f 2946 2947 2971 2970
f 2947 2948 2972 2971
f 2948 2949 2973 2972
f 2949 2950 2974 2973
f 2950 2951 2975 2974
f 2951 2952 2976 2975
f 2952 2929 2953 2976
f 2953 2954 2978 2977
f 2954 2955 2979 2978
f 2955 2956 2980 2979
f 2956 2957 2981 2980
f 2957 2958 2982 2981
f 2958 2959 2983 2982
f 2959 2960 2984 2983
f 2960 2961 2985 2984
f 2961 2962 2986 2985
f 2962 2963 2987 2986
f 2963 2964 2988 2987
f 2964 2965 2989 2988
f 2965 2966 2990 2989
f 2966 2967 2991 2990
f 2967 2968 2992 2991
f 2968 2969 2993 2992
f 2969 2970 2994 2993
f 2970 2971 2995 2994
f 2971 2972 2996 2995
f 2972 2973 2997 2996
f 2973 2974 2998 2997
f 2974 2975 2999 2998
f 2975 2976 3000 2999
f 2976 2953 2977 3000
f 2977 2978 3002 3001
f 2978 2979 3003 3002
f 2979 2980 3004 3003
f 2980 2981 3005 3004
f 2981 2982 3006 3005
f 2982 2983 3007 3006
f 2983 2984 3008 3007
f 2984 2985 3009 3008
f 2985 2986 3010 3009
f 2986 2987 3011 3010
f 2987 2988 3012 3011
f 2988 2989 3013 3012
f 2989 2990 3014 3013
f 2990 2991 3015 3014
f 2991 2992 3016 3015
f 2992 2993 3017 3016
f 2993 2994 3018 3017
f 2994 2995 3019 3018
f 2995 2996 3020 3019
f 2996 2997 3021 3020
f 2997 2998 3022 3021
f 2998 2999 3023 3022
f 2999 3000 3024 3023
f 3000 2977 3001 3024
f 3001 3002 3026 3025
f 3002 3003 3027 3026
f 3003 3004 3028 3027
f 3004 3005 3029 3028
f 3005 3006 3030 3029
f 3006 3007 3031 3030
f 3007 3008 3032 3031
f 3008 3009 3033 3032
f 3009 3010 3034 3033
f 3010 3011 3035 3034
f 3011 3012 3036 3035
f 3012 3013 3037 3036
f 3013 3014 3038 3037
f 3014 3015 3039 3038
f 3015 3016 3040 3039
f 3016 3017 3041 3040
f 3017 3018 3042 3041
f 3018 3019 3043 3042
f 3019 3020 3044 3043
f 3020 3021 3045 3044
f 3021 3022 3046 3045
f 3022 3023 3047 3046
f 3023 3024 3048 3047
f 3024 3001 3025 3048
f 3025 3026 3050 3049
f 3026 3027 3051 3050
f 3027 3028 3052 3051
f 3028 3029 3053 3052
f 3029 3030 3054 3053
f 3030 3031 3055 3054
f 3031 3032 3056 3055
f 3032 3033 3057 3056
f 3033 3034 3058 3057
f 3034 3035 3059 3058
f 3035 3036 3060 3059
f 3036 3037 3061 3060
f 3037 3038 3062 3061
f 3038 3039 3063 3062
f 3039 3040 3064 3063
f 3040 3041 3065 3064
f 3041 3042 3066 3065
f 3042 3043 3067 3066
f 3043 3044 3068 3067
f 3044 3045 3069 3068
f 3045 3046 3070 3069
f 3046 3047 3071 3070
f 3047 3048 3072 3071
f 3048 3025 3049 3072
f 3049 3050 3074 3073
f 3050 3051 3075 3074
f 3051 3052 3076 3075
f 3052 3053 3077 3076
f 3053 3054 3078 3077
f 3054 3055 3079 3078
f 3055 3056 3080 3079
f 3056 3057 3081 3080
f 3057 3058 3082 3081
f 3058 3059 3083 3082
f 3059 3060 3084 3083
f 3060 3061 3085 3084
f 3061 3062 3086 3085
f 3062 3063 3087 3086
f 3063 3064 3088 3087
f 3064 3065 3089 3088
f 3065 3066 3090 3089
f 3066 3067 3091 3090
f 3067 3068 3092 3091
f 3068 3069 3093 3092
f 3069 3070 3094 3093
f 3070 3071 3095 3094
f 3071 3072 3096 3095
f 3072 3049 3073 3096
f 3073 3074 3098 3097
f 3074 3075 3099 3098
f 3075 3076 3100 3099
f 3076 3077 3101 3100
f 3077 3078 3102 3101
f 3078 3079 3103 3102
f 3079 3080 3104 3103
f 3080 3081 3105 3104
f 3081 3082 3106 3105
f 3082 3083 3107 3106
f 3083 3084 3108 3107
f 3084 3085 3109 3108
f 3085 3086 3110 3109
f 3086 3087 3111 3110
f 3087 3088 3112 3111
f 3088 3089 3113 3112
f 3089 3090 3114 3113
f 3090 3091 3115 3114
f 3091 3092 3116 3115
f 3092 3093 3117 3116
f 3093 3094 3118 3117
f 3094 3095 3119 3118
f 3095 3096 3120 3119
f 3096 3073 3097 3120
f 3097 3098 3122 3121
f 3098 3099 3123 3122
f 3099 3100 3124 3123
f 3100 3101 3125 3124
f 3101 3102 3126 3125
f 3102 3103 3127 3126
f 3103 3104 3128 3127
f 3104 3105 3129 3128
f 3105 3106 3130 3129
f 3106 3107 3131 3130
f 3107 3108 3132 3131
f 3108 3109 3133 3132
f 3109 3110 3134 3133
f 3110 3111 3135 3134
f 3111 3112 3136 3135
f 3112 3113 3137 3136
f 3113 3114 3138 3137
f 3114 3115 3139 3138
f 3115 3116 3140 3139
f 3116 3117 3141 3140
f 3117 3118 3142 3141
f 3118 3119 3143 3142
f 3119 3120 3144 3143
f 3120 3097 3121 3144
f 3121 3122 3146 3145
f 3122 3123 3147 3146
f 3123 3124 3148 3147
f 3124 3125 3149 3148
f 3125 3126 3150 3149
f 3126 3127 3151 3150
f 3127 3128 3152 3151
f 3128 3129 3153 3152
f 3129 3130 3154 3153
f 3130 3131 3155 3154
f 3131 3132 3156 3155
f 3132 3133 3157 3156
f 3133 3134 3158 3157
f 3134 3135 3159 3158
f 3135 3136 3160 3159
f 3136 3137 3161 3160
f 3137 3138 3162 3161
f 3138 3139 3163 3162
f 3139 3140 3164 3163
f 3140 3141 3165 3164
f 3141 3142 3166 3165
f 3142 3143 3167 3166
f 3143 3144 3168 3167
f 3144 3121 3145 3168
f 3145 3146 3170 3169
f 3146 3147 3171 3170
f 3147 3148 3172 3171
f 3148 3149 3173 3172
f 3149 3150 3174 3173
f 3150 3151 3175 3174
f 3151 3152 3176 3175
f 3152 3153 3177 3176
f 3153 3154 3178 3177
f 3154 3155 3179 3178
f 3155 3156 3180 3179
f 3156 3157 3181 3180
f 3157 3158 3182 3181
f 3158 3159 3183 3182
f 3159 3160 3184 3183
f 3160 3161 3185 3184
f 3161 3162 3186 3185
f 3162 3163 3187 3186
f 3163 3164 3188 3187
f 3164 3165 3189 3188
f 3165 3166 3190 3189
f 3166 3167 3191 3190
f 3167 3168 3192 3191
f 3168 3145 3169 3192
f 3169 3170 3194 3193
f 3170 3171 3195 3194
f 3171 3172 3196 3195
f 3172 3173 3197 3196
f 3173 3174 3198 3197
f 3174 3175 3199 3198
f 3175 3176 3200 3199
f 3176 3177 3201 3200
f 3177 3178 3202 3201
f 3178 3179 3203 3202
f 3179 3180 3204 3203
f 3180 3181 3205 3204
f 3181 3182 3206 3205
f 3182 3183 3207 3206
f 3183 3184 3208 3207
f 3184 3185 3209 3208
f 3185 3186 3210 3209
f 3186 3187 3211 3210
f 3187 3188 3212 3211
f 3188 3189 3213 3212
f 3189 3190 3214 3213
f 3190 3191 3215 3214
f 3191 3192 3216 3215
f 3192 3169 3193 3216
f 3193 3194 3218 3217
f 3194 3195 3219 3218
f 3195 3196 3220 3219
f 3196 3197 3221 3220
f 3197 3198 3222 3221
f 3198 3199 3223 3222
f 3199 3200 3224 3223
f 3200 3201 3225 3224
f 3201 3202 3226 3225
f 3202 3203 3227 3226
f 3203 3204 3228 3227
f 3204 3205 3229 3228
f 3205 3206 3230 3229
f 3206 3207 3231 3230
f 3207 3208 3232 3231
f 3208 3209 3233 3232
f 3209 3210 3234 3233
f 3210 3211 3235 3234
f 3211 3212 3236 3235
f 3212 3213 3237 3236
f 3213 3214 3238 3237
f 3214 3215 3239 3238
f 3215 3216 3240 3239
f 3216 3193 3217 3240
f 3217 3218 3242 3241
f 3218 3219 3243 3242
f 3219 3220 3244 3243
f 3220 3221 3245 3244
f 3221 3222 3246 3245
f 3222 3223 3247 3246
f 3223 3224 3248 3247
f 3224 3225 3249 3248
f 3225 3226 3250 3249
f 3226 3227 3251 3250
f 3227 3228 3252 3251
f 3228 3229 3253 3252
f 3229 3230 3254 3253
f 3230 3231 3255 3254
f 3231 3232 3256 3255
f 3232 3233 3257 3256
f 3233 3234 3258 3257
f 3234 3235 3259 3258
f 3235 3236 3260 3259
f 3236 3237 3261 3260
f 3237 3238 3262 3261
f 3238 3239 3263 3262
f 3239 3240 3264 3263
f 3240 3217 3241 3264
f 3241 3242 3266 3265
f 3242 3243 3267 3266
f 3243 3244 3268 3267
f 3244 3245 3269 3268
f 3245 3246 3270 3269
f 3246 3247 3271 3270
f 3247 3248 3272 3271
f 3248 3249 3273 3272
f 3249 3250 3274 3273
f 3250 3251 3275 3274
f 3251 3252 3276 3275
f 3252 3253 3277 3276
f 3253 3254 3278 3277
f 3254 3255 3279 3278
f 3255 3256 3280 3279
f 3256 3257 3281 3280
f 3257 3258 3282 3281
f 3258 3259 3283 3282
f 3259 3260 3284 3283
f 3260 3261 3285 3284
f 3261 3262 3286 3285
f 3262 3263 3287 3286
f 3263 3264 3288 3287
f 3264 3241 3265 3288
f 3265 3266 3290 3289
f 3266 3267 3291 3290
f 3267 3268 3292 3291
f 3268 3269 3293 3292
f 3269 3270 3294 3293
f 3270 3271 3295 3294
f 3271 3272 3296 3295
f 3272 3273 3297 3296
f 3273 3274 3298 3297
f 3274 3275 3299 3298
f 3275 3276 3300 3299
f 3276 3277 3301 3300
f 3277 3278 3302 3301
f 3278 3279 3303 3302
f 3279 3280 3304 3303
f 3280 3281 3305 3304
f 3281 3282 3306 3305
f 3282 3283 3307 3306
f 3283 3284 3308 3307
f 3284 3285 3309 3308
f 3285 3286 3310 3309
f 3286 3287 3311 3310
f 3287 3288 3312 3311
f 3288 3265 3289 3312
f 3289 3290 3314 3313
f 3290 3291 3315 3314
f 3291 3292 3316 3315
f 3292 3293 3317 3316
f 3293 3294 3318 3317
f 3294 3295 3319 3318
f 3295 3296 3320 3319
f 3296 3297 3321 3320
f 3297 3298 3322 3321
f 3298 3299 3323 3322
f 3299 3300 3324 3323
f 3300 3301 3325 3324
f 3301 3302 3326 3325
f 3302 3303 3327 3326
f 3303 3304 3328 3327
f 3304 3305 3329 3328
f 3305 3306 3330 3329
f 3306 3307 3331 3330
f 3307 3308 3332 3331
f 3308 3309 3333 3332
f 3309 3310 3334 3333
f 3310 3311 3335 3334
f 3311 3312 3336 3335
f 3312 3289 3313 3336
f 3313 3314 3338 3337
f 3314 3315 3339 3338
f 3315 3316 3340 3339
f 3316 3317 3341 3340
f 3317 3318 3342 3341
f 3318 3319 3343 3342
f 3319 3320 3344 3343
f 3320 3321 3345 3344
f 3321 3322 3346 3345
f 3322 3323 3347 3346
f 3323 3324 3348 3347
f 3324 3325 3349 3348
f 3325 3326 3350 3349
f 3326 3327 3351 3350
f 3327 3328 3352 3351
f 3328 3329 3353 3352
f 3329 3330 3354 3353
f 3330 3331 3355 3354
f 3331 3332 3356 3355
f 3332 3333 3357 3356
f 3333 3334 3358 3357
f 3334 3335 3359 3358
f 3335 3336 3360 3359
f 3336 3313 3337 3360
f 3337 3338 3362 3361
f 3338 3339 3363 3362
f 3339 3340 3364 3363
f 3340 3341 3365 3364
f 3341 3342 3366 3365
f 3342 3343 3367 3366
f 3343 3344 3368 3367
f 3344 3345 3369 3368
f 3345 3346 3370 3369
f 3346 3347 3371 3370
f 3347 3348 3372 3371
f 3348 3349 3373 3372
f 3349 3350 3374 3373
f 3350 3351 3375 3374
f 3351 3352 3376 3375
f 3352 3353 3377 3376
f 3353 3354 3378 3377
f 3354 3355 3379 3378
f 3355 3356 3380 3379
f 3356 3357 3381 3380
f 3357 3358 3382 3381
f 3358 3359 3383 3382
f 3359 3360 3384 3383
f 3360 3337 3361 3384
f 3361 3362 3386 3385
f 3362 3363 3387 3386
f 3363 3364 3388 3387
f 3364 3365 3389 3388
f 3365 3366 3390 3389
f 3366 3367 3391 3390
f 3367 3368 3392 3391
f 3368 3369 3393 3392
f 3369 3370 3394 3393
f 3370 3371 3395 3394
f 3371 3372 3396 3395
f 3372 3373 3397 3396
f 3373 3374 3398 3397
f 3374 3375 3399 3398
f 3375 3376 3400 3399
f 3376 3377 3401 3400
f 3377 3378 3402 3401
f 3378 3379 3403 3402
f 3379 3380 3404 3403
f 3380 3381 3405 3404
f 3381 3382 3406 3405
f 3382 3383 3407 3406
f 3383 3384 3408 3407
f 3384 3361 3385 3408
f 3385 3386 3410 3409
f 3386 3387 3411 3410
f 3387 3388 3412 3411
f 3388 3389 3413 3412
f 3389 3390 3414 3413
f 3390 3391 3415 3414
f 3391 3392 3416 3415
f 3392 3393 3417 3416
f 3393 3394 3418 3417
f 3394 3395 3419 3418
f 3395 3396 3420 3419
f 3396 3397 3421 3420
f 3397 3398 3422 3421
f 3398 3399 3423 3422
f 3399 3400 3424 3423
f 3400 3401 3425 3424
f 3401 3402 3426 3425
f 3402 3403 3427 3426
f 3403 3404 3428 3427
f 3404 3405 3429 3428
f 3405 3406 3430 3429
f 3406 3407 3431 3430
f 3407 3408 3432 3431
f 3408 3385 3409 3432
f 3409 3410 3434 3433
f 3410 3411 3435 3434
f 3411 3412 3436 3435
f 3412 3413 3437 3436
f 3413 3414 3438 3437
f 3414 3415 3439 3438
f 3415 3416 3440 3439
f 3416 3417 3441 3440
f 3417 3418 3442 3441
f 3418 3419 3443 3442
f 3419 3420 3444 3443
f 3420 3421 3445 3444
f 3421 3422 3446 3445
f 3422 3423 3447 3446
f 3423 3424 3448 3447
f 3424 3425 3449 3448
f 3425 3426 3450 3449
f 3426 3427 3451 3450
f 3427 3428 3452 3451
f 3428 3429 3453 3452
f 3429 3430 3454 3453
f 3430 3431 3455 3454
f 3431 3432 3456 3455
f 3432 3409 3433 3456
f 3433 3434 3458 3457
f 3434 3435 3459 3458
f 3435 3436 3460 3459
f 3436 3437 3461 3460
f 3437 3438 3462 3461
f 3438 3439 3463 3462
f 3439 3440 3464 3463
f 3440 3441 3465 3464
f 3441 3442 3466 3465
f 3442 3443 3467 3466
f 3443 3444 3468 3467
f 3444 3445 3469 3468
f 3445 3446 3470 3469
f 3446 3447 3471 3470
f 3447 3448 3472 3471
f 3448 3449 3473 3472
f 3449 3450 3474 3473
f 3450 3451 3475 3474
f 3451 3452 3476 3475
f 3452 3453 3477 3476
f 3453 3454 3478 3477
f 3454 3455 3479 3478
f 3455 3456 3480 3479
f 3456 3433 3457 3480
f 3457 3458 3482 3481
f 3458 3459 3483 3482
f 3459 3460 3484 3483
f 3460 3461 3485 3484
f 3461 3462 3486 3485
f 3462 3463 3487 3486
f 3463 3464 3488 3487
f 3464 3465 3489 3488
f 3465 3466 3490 3489
f 3466 3467 3491 3490
f 3467 3468 3492 3491
f 3468 3469 3493 3492
f 3469 3470 3494 3493
f 3470 3471 3495 3494
f 3471 3472 3496 3495
f 3472 3473 3497 3496
f 3473 3474 3498 3497
f 3474 3475 3499 3498
f 3475 3476 3500 3499
f 3476 3477 3501 3500
f 3477 3478 3502 3501
f 3478 3479 3503 3502
f 3479 3480 3504 3503
f 3480 3457 3481 3504
f 3481 3482 3506 3505
f 3482 3483 3507 3506
f 3483 3484 3508 3507
f 3484 3485 3509 3508
f 3485 3486 3510 3509
f 3486 3487 3511 3510
f 3487 3488 3512 3511
f 3488 3489 3513 3512
f 3489 3490 3514 3513
f 3490 3491 3515 3514
f 3491 3492 3516 3515
f 3492 3493 3517 3516
f 3493 3494 3518 3517
f 3494 3495 3519 3518
f 3495 3496 3520 3519
f 3496 3497 3521 3520
f 3497 3498 3522 3521
f 3498 3499 3523 3522
f 3499 3500 3524 3523
f 3500 3501 3525 3524
f 3501 3502 3526 3525
f 3502 3503 3527 3526
f 3503 3504 3528 3527
f 3504 3481 3505 3528
f 3505 3506 3530 3529
f 3506 3507 3531 3530
f 3507 3508 3532 3531
f 3508 3509 3533 3532
f 3509 3510 3534 3533
f 3510 3511 3535 3534
f 3511 3512 3536 3535
f 3512 3513 3537 3536
f 3513 3514 3538 3537
f 3514 3515 3539 3538
f 3515 3516 3540 3539
f 3516 3517 3541 3540
f 3517 3518 3542 3541
f 3518 3519 3543 3542
f 3519 3520 3544 3543
f 3520 3521 3545 3544
f 3521 3522 3546 3545
f 3522 3523 3547 3546
f 3523 3524 3548 3547
f 3524 3525 3549 3548
f 3525 3526 3550 3549
f 3526 3527 3551 3550
f 3527 3528 3552 3551
f 3528 3505 3529 3552
f 3529 3530 3554 3553
f 3530 3531 3555 3554
f 3531 3532 3556 3555
f 3532 3533 3557 3556
f 3533 3534 3558 3557
f 3534 3535 3559 3558
f 3535 3536 3560 3559
f 3536 3537 3561 3560
f 3537 3538 3562 3561
f 3538 3539 3563 3562
f 3539 3540 3564 3563
f 3540 3541 3565 3564
f 3541 3542 3566 3565
f 3542 3543 3567 3566
f 3543 3544 3568 3567
f 3544 3545 3569 3568
f 3545 3546 3570 3569
f 3546 3547 3571 3570
f 3547 3548 3572 3571
f 3548 3549 3573 3572
f 3549 3550 3574 3573
f 3550 3551 3575 3574
f 3551 3552 3576 3575
f 3552 3529 3553 3576
f 3553 3554 3578 3577
f 3554 3555 3579 3578
f 3555 3556 3580 3579
f 3556 3557 3581 3580
f 3557 3558 3582 3581
f 3558 3559 3583 3582
f 3559 3560 3584 3583
f 3560 3561 3585 3584
f 3561 3562 3586 3585
f 3562 3563 3587 3586
f 3563 3564 3588 3587
f 3564 3565 3589 3588
f 3565 3566 3590 3589
f 3566 3567 3591 3590
f 3567 3568 3592 3591
f 3568 3569 3593 3592
f 3569 3570 3594 3593
f 3570 3571 3595 3594
f 3571 3572 3596 3595
f 3572 3573 3597 3596
f 3573 3574 3598 3597
f 3574 3575 3599 3598
f 3575 3576 3600 3599
f 3576 3553 3577 3600
f 3577 3578 3602 3601
f 3578 3579 3603 3602
f 3579 3580 3604 3603
f 3580 3581 3605 3604
f 3581 3582 3606 3605
f 3582 3583 3607 3606
f 3583 3584 3608 3607
f 3584 3585 3609 3608
f 3585 3586 3610 3609
f 3586 3587 3611 3610
f 3587 3588 3612 3611
f 3588 3589 3613 3612
f 3589 3590 3614 3613
f 3590 3591 3615 3614
f 3591 3592 3616 3615
f 3592 3593 3617 3616
f 3593 3594 3618 3617
f 3594 3595 3619 3618
f 3595 3596 3620 3619
f 3596 3597 3621 3620
f 3597 3598 3622 3621
f 3598 3599 3623 3622
f 3599 3600 3624 3623
f 3600 3577 3601 3624
f 3601 3602 3626 3625
f 3602 3603 3627 3626
f 3603 3604 3628 3627
f 3604 3605 3629 3628
f 3605 3606 3630 3629
f 3606 3607 3631 3630
f 3607 3608 3632 3631
f 3608 3609 3633 3632
f 3609 3610 3634 3633
f 3610 3611 3635 3634
f 3611 3612 3636 3635
f 3612 3613 3637 3636
f 3613 3614 3638 3637
f 3614 3615 3639 3638
f 3615 3616 3640 3639
f 3616 3617 3641 3640
f 3617 3618 3642 3641
f 3618 3619 3643 3642
f 3619 3620 3644 3643
f 3620 3621 3645 3644
f 3621 3622 3646 3645
f 3622 3623 3647 3646
f 3623 3624 3648 3647
f 3624 3601 3625 3648
f 3625 3626 3650 3649
f 3626 3627 3651 3650
f 3627 3628 3652 3651
f 3628 3629 3653 3652
f 3629 3630 3654 3653
f 3630 3631 3655 3654
f 3631 3632 3656 3655
f 3632 3633 3657 3656
f 3633 3634 3658 3657
f 3634 3635 3659 3658
f 3635 3636 3660 3659
f 3636 3637 3661 3660
f 3637 3638 3662 3661
f 3638 3639 3663 3662
f 3639 3640 3664 3663
f 3640 3641 3665 3664
f 3641 3642 3666 3665
f 3642 3643 3667 3666
f 3643 3644 3668 3667
f 3644 3645 3669 3668
f 3645 3646 3670 3669
f 3646 3647 3671 3670
f 3647 3648 3672 3671
f 3648 3625 3649 3672
f 3649 3650 3674 3673
f 3650 3651 3675 3674
f 3651 3652 3676 3675
f 3652 3653 3677 3676
f 3653 3654 3678 3677
f 3654 3655 3679 3678
f 3655 3656 3680 3679
f 3656 3657 3681 3680
f 3657 3658 3682 3681
f 3658 3659 3683 3682
f 3659 3660 3684 3683
f 3660 3661 3685 3684
f 3661 3662 3686 3685
f 3662 3663 3687 3686
f 3663 3664 3688 3687
f 3664 3665 3689 3688
f 3665 3666 3690 3689
f 3666 3667 3691 3690
f 3667 3668 3692 3691
f 3668 3669 3693 3692
f 3669 3670 3694 3693
f 3670 3671 3695 3694
f 3671 3672 3696 3695
f 3672 3649 3673 3696
f 3673 3674 3698 3697
f 3674 3675 3699 3698
f 3675 3676 3700 3699
f 3676 3677 3701 3700
f 3677 3678 3702 3701
f 3678 3679 3703 3702
f 3679 3680 3704 3703
f 3680 3681 3705 3704
f 3681 3682 3706 3705
f 3682 3683 3707 3706
f 3683 3684 3708 3707
f 3684 3685 3709 3708
f 3685 3686 3710 3709
f 3686 3687 3711 3710
f 3687 3688 3712 3711
f 3688 3689 3713 3712
f 3689 3690 3714 3713
f 3690 3691 3715 3714
f 3691 3692 3716 3715
f 3692 3693 3717 3716
f 3693 3694 3718 3717
f 3694 3695 3719 3718
f 3695 3696 3720 3719
f 3696 3673 3697 3720
f 3697 3698 3722 3721
f 3698 3699 3723 3722
f 3699 3700 3724 3723
f 3700 3701 3725 3724
f 3701 3702 3726 3725
f 3702 3703 3727 3726
f 3703 3704 3728 3727
f 3704 3705 3729 3728
f 3705 3706 3730 3729
f 3706 3707 3731 3730
f 3707 3708 3732 3731
f 3708 3709 3733 3732
f 3709 3710 3734 3733
f 3710 3711 3735 3734
f 3711 3712 3736 3735
f 3712 3713 3737 3736
f 3713 3714 3738 3737
f 3714 3715 3739 3738
f 3715 3716 3740 3739
f 3716 3717 3741 3740
f 3717 3718 3742 3741
f 3718 3719 3743 3742
f 3719 3720 3744 3743
f 3720 3697 3721 3744
f 3721 3722 3746 3745
f 3722 3723 3747 3746
f 3723 3724 3748 3747
f 3724 3725 3749 3748
f 3725 3726 3750 3749
f 3726 3727 3751 3750
f 3727 3728 3752 3751
f 3728 3729 3753 3752
f 3729 3730 3754 3753
f 3730 3731 3755 3754
f 3731 3732 3756 3755
f 3732 3733 3757 3756
f 3733 3734 3758 3757
f 3734 3735 3759 3758
f 3735 3736 3760 3759
f 3736 3737 3761 3760
f 3737 3738 3762 3761
f 3738 3739 3763 3762
f 3739 3740 3764 3763
f 3740 3741 3765 3764
f 3741 3742 3766 3765
f 3742 3743 3767 3766
f 3743 3744 3768 3767
f 3744 3721 3745 3768
f 3745 3746 3770 3769
f 3746 3747 3771 3770
f 3747 3748 3772 3771
f 3748 3749 3773 3772
f 3749 3750 3774 3773
f 3750 3751 3775 3774
f 3751 3752 3776 3775
f 3752 3753 3777 3776
f 3753 3754 3778 3777
f 3754 3755 3779 3778
f 3755 3756 3780 3779
f 3756 3757 3781 3780
f 3757 3758 3782 3781
f 3758 3759 3783 3782
f 3759 3760 3784 3783
f 3760 3761 3785 3784
f 3761 3762 3786 3785
f 3762 3763 3787 3786
f 3763 3764 3788 3787
f 3764 3765 3789 3788
f 3765 3766 3790 3789
f 3766 3767 3791 3790
f 3767 3768 3792 3791
f 3768 3745 3769 3792
f 3769 3770 3794 3793
f 3770 3771 3795 3794
f 3771 3772 3796 3795
f 3772 3773 3797 3796
f 3773 3774 3798 3797
f 3774 3775 3799 3798
f 3775 3776 3800 3799
f 3776 3777 3801 3800
f 3777 3778 3802 3801
f 3778 3779 3803 3802
f 3779 3780 3804 3803
f 3780 3781 3805 3804
f 3781 3782 3806 3805
f 3782 3783 3807 3806
f 3783 3784 3808 3807
f 3784 3785 3809 3808
f 3785 3786 3810 3809
f 3786 3787 3811 3810
f 3787 3788 3812 3811
f 3788 3789 3813 3812
f 3789 3790 3814 3813
f 3790 3791 3815 3814
f 3791 3792 3816 3815
f 3792 3769 3793 3816
f 3793 3794 3818 3817
f 3794 3795 3819 3818
f 3795 3796 3820 3819
f 3796 3797 3821 3820
f 3797 3798 3822 3821
f 3798 3799 3823 3822
f 3799 3800 3824 3823
f 3800 3801 3825 3824
f 3801 3802 3826 3825
f 3802 3803 3827 3826
f 3803 3804 3828 3827
f 3804 3805 3829 3828
f 3805 3806 3830 3829
f 3806 3807 3831 3830
f 3807 3808 3832 3831
f 3808 3809 3833 3832
f 3809 3810 3834 3833
f 3810 3811 3835 3834
f 3811 3812 3836 3835
f 3812 3813 3837 3836
f 3813 3814 3838 3837
f 3814 3815 3839 3838
f 3815 3816 3840 3839
f 3816 3793 3817 3840
f 3817 3818 3842 3841
f 3818 3819 3843 3842
f 3819 3820 3844 3843
f 3820 3821 3845 3844
f 3821 3822 3846 3845
f 3822 3823 3847 3846
f 3823 3824 3848 3847
f 3824 3825 3849 3848
f 3825 3826 3850 3849
f 3826 3827 3851 3850
f 3827 3828 3852 3851
f 3828 3829 3853 3852
f 3829 3830 3854 3853
f 3830 3831 3855 3854
f 3831 3832 3856 3855
f 3832 3833 3857 3856
f 3833 3834 3858 3857
f 3834 3835 3859 3858
f 3835 3836 3860 3859
f 3836 3837 3861 3860
f 3837 3838 3862 3861
f 3838 3839 3863 3862
f 3839 3840 3864 3863
f 3840 3817 3841 3864
f 3841 3842 3866 3865
f 3842 3843 3867 3866
f 3843 3844 3868 3867
f 3844 3845 3869 3868
f 3845 3846 3870 3869
f 3846 3847 3871 3870
f 3847 3848 3872 3871
f 3848 3849 3873 3872
f 3849 3850 3874 3873
f 3850 3851 3875 3874
f 3851 3852 3876 3875
f 3852 3853 3877 3876
f 3853 3854 3878 3877
f 3854 3855 3879 3878
f 3855 3856 3880 3879
f 3856 3857 3881 3880
f 3857 3858 3882 3881
f 3858 3859 3883 3882
f 3859 3860 3884 3883
f 3860 3861 3885 3884
f 3861 3862 3886 3885
f 3862 3863 3887 3886
f 3863 3864 3888 3887
f 3864 3841 3865 3888
f 3865 3866 3890 3889
f 3866 3867 3891 3890
f 3867 3868 3892 3891
f 3868 3869 3893 3892
f 3869 3870 3894 3893
f 3870 3871 3895 3894
f 3871 3872 3896 3895
f 3872 3873 3897 3896
f 3873 3874 3898 3897
f 3874 3875 3899 3898
f 3875 3876 3900 3899
f 3876 3877 3901 3900
f 3877 3878 3902 3901
f 3878 3879 3903 3902
f 3879 3880 3904 3903
f 3880 3881 3905 3904
f 3881 3882 3906 3905
f 3882 3883 3907 3906
f 3883 3884 3908 3907
f 3884 3885 3909 3908
f 3885 3886 3910 3909
f 3886 3887 3911 3910
f 3887 3888 3912 3911
f 3888 3865 3889 3912
f 3889 3890 3914 3913
f 3890 3891 3915 3914
f 3891 3892 3916 3915
f 3892 3893 3917 3916
f 3893 3894 3918 3917
f 3894 3895 3919 3918
f 3895 3896 3920 3919
f 3896 3897 3921 3920
f 3897 3898 3922 3921
f 3898 3899 3923 3922
f 3899 3900 3924 3923
f 3900 3901 3925 3924
f 3901 3902 3926 3925
f 3902 3903 3927 3926
f 3903 3904 3928 3927
f 3904 3905 3929 3928
f 3905 3906 3930 3929
f 3906 3907 3931 3930
f 3907 3908 3932 3931
f 3908 3909 3933 3932
f 3909 3910 3934 3933
f 3910 3911 3935 3934
f 3911 3912 3936 3935
f 3912 3889 3913 3936
f 3913 3914 3938 3937
f 3914 3915 3939 3938
f 3915 3916 3940 3939
f 3916 3917 3941 3940
f 3917 3918 3942 3941
f 3918 3919 3943 3942
f 3919 3920 3944 3943
f 3920 3921 3945 3944
f 3921 3922 3946 3945
f 3922 3923 3947 3946
f 3923 3924 3948 3947
f 3924 3925 3949 3948
f 3925 3926 3950 3949
f 3926 3927 3951 3950
f 3927 3928 3952 3951
f 3928 3929 3953 3952
f 3929 3930 3954 3953
f 3930 3931 3955 3954
f 3931 3932 3956 3955
f 3932 3933 3957 3956
f 3933 3934 3958 3957
f 3934 3935 3959 3958
f 3935 3936 3960 3959
f 3936 3913 3937 3960
f 3937 3938 3962 3961
f 3938 3939 3963 3962
f 3939 3940 3964 3963
f 3940 3941 3965 3964
f 3941 3942 3966 3965
f 3942 3943 3967 3966
f 3943 3944 3968 3967
f 3944 3945 3969 3968
f 3945 3946 3970 3969
f 3946 3947 3971 3970
f 3947 3948 3972 3971
f 3948 3949 3973 3972
f 3949 3950 3974 3973
f 3950 3951 3975 3974
f 3951 3952 3976 3975
f 3952 3953 3977 3976
f 3953 3954 3978 3977
f 3954 3955 3979 3978
f 3955 3956 3980 3979
f 3956 3957 3981 3980
f 3957 3958 3982 3981
f 3958 3959 3983 3982
f 3959 3960 3984 3983
f 3960 3937 3961 3984
f 3961 3962 3986 3985
f 3962 3963 3987 3986
f 3963 3964 3988 3987
f 3964 3965 3989 3988
f 3965 3966 3990 3989
f 3966 3967 3991 3990
f 3967 3968 3992 3991
f 3968 3969 3993 3992
f 3969 3970 3994 3993
f 3970 3971 3995 3994
f 3971 3972 3996 3995
f 3972 3973 3997 3996
f 3973 3974 3998 3997
f 3974 3975 3999 3998
f 3975 3976 4000 3999
f 3976 3977 4001 4000
f 3977 3978 4002 4001
f 3978 3979 4003 4002
f 3979 3980 4004 4003
f 3980 3981 4005 4004
f 3981 3982 4006 4005
f 3982 3983 4007 4006
f 3983 3984 4008 4007
f 3984 3961 3985 4008
f 3985 3986 4010 4009
f 3986 3987 4011 4010
f 3987 3988 4012 4011
f 3988 3989 4013 4012
f 3989 3990 4014 4013
f 3990 3991 4015 4014
f 3991 3992 4016 4015
f 3992 3993 4017 4016
f 3993 3994 4018 4017
f 3994 3995 4019 4018
f 3995 3996 4020 4019
f 3996 3997 4021 4020
f 3997 3998 4022 4021
f 3998 3999 4023 4022
f 3999 4000 4024 4023
f 4000 4001 4025 4024
f 4001 4002 4026 4025
f 4002 4003 4027 4026
f 4003 4004 4028 4027
f 4004 4005 4029 4028
f 4005 4006 4030 4029
f 4006 4007 4031 4030
f 4007 4008 4032 4031
f 4008 3985 4009 4032
f 4009 4010 4034 4033
f 4010 4011 4035 4034
f 4011 4012 4036 4035
f 4012 4013 4037 4036
f 4013 4014 4038 4037
f 4014 4015 4039 4038
f 4015 4016 4040 4039
f 4016 4017 4041 4040
f 4017 4018 4042 4041
f 4018 4019 4043 4042
f 4019 4020 4044 4043
f 4020 4021 4045 4044
f 4021 4022 4046 4045
f 4022 4023 4047 4046
f 4023 4024 4048 4047
f 4024 4025 4049 4048
f 4025 4026 4050 4049
f 4026 4027 4051 4050
f 4027 4028 4052 4051
f 4028 4029 4053 4052
f 4029 4030 4054 4053
f 4030 4031 4055 4054
f 4031 4032 4056 4055
f 4032 4009 4033 4056
f 4033 4034 4058 4057
f 4034 4035 4059 4058
f 4035 4036 4060 4059
f 4036 4037 4061 4060
f 4037 4038 4062 4061
f 4038 4039 4063 4062
f 4039 4040 4064 4063
f 4040 4041 4065 4064
f 4041 4042 4066 4065
f 4042 4043 4067 4066
f 4043 4044 4068 4067
f 4044 4045 4069 4068
f 4045 4046 4070 4069
f 4046 4047 4071 4070
f 4047 4048 4072 4071
f 4048 4049 4073 4072
f 4049 4050 4074 4073
f 4050 4051 4075 4074
f 4051 4052 4076 4075
f 4052 4053 4077 4076
f 4053 4054 4078 4077
f 4054 4055 4079 4078
f 4055 4056 4080 4079
f 4056 4033 4057 4080
f 4057 4058 4082 4081
f 4058 4059 4083 4082
f 4059 4060 4084 4083
f 4060 4061 4085 4084
f 4061 4062 4086 4085
f 4062 4063 4087 4086
f 4063 4064 4088 4087
f 4064 4065 4089 4088
f 4065 4066 4090 4089
f 4066 4067 4091 4090
f 4067 4068 4092 4091
f 4068 4069 4093 4092
f 4069 4070 4094 4093
f 4070 4071 4095 4094
f 4071 4072 4096 4095
f 4072 4073 4097 4096
f 4073 4074 4098 4097
f 4074 4075 4099 4098
f 4075 4076 4100 4099
f 4076 4077 4101 4100
f 4077 4078 4102 4101
f 4078 4079 4103 4102
f 4079 4080 4104 4103
f 4080 4057 4081 4104
f 4081 4082 4106 4105
f 4082 4083 4107 4106
f 4083 4084 4108 4107
f 4084 4085 4109 4108
f 4085 4086 4110 4109
f 4086 4087 4111 4110
f 4087 4088 4112 4111
f 4088 4089 4113 4112
f 4089 4090 4114 4113
f 4090 4091 4115 4114
f 4091 4092 4116 4115
f 4092 4093 4117 4116
f 4093 4094 4118 4117
f 4094 4095 4119 4118
f 4095 4096 4120 4119
f 4096 4097 4121 4120
f 4097 4098 4122 4121
f 4098 4099 4123 4122
f 4099 4100 4124 4123
f 4100 4101 4125 4124
f 4101 4102 4126 4125
f 4102 4103 4127 4126
f 4103 4104 4128 4127
f 4104 4081 4105 4128
f 4105 4106 4130 4129
f 4106 4107 4131 4130
f 4107 4108 4132 4131
f 4108 4109 4133 4132
f 4109 4110 4134 4133
f 4110 4111 4135 4134
f 4111 4112 4136 4135
f 4112 4113 4137 4136
f 4113 4114 4138 4137
f 4114 4115 4139 4138
f 4115 4116 4140 4139
f 4116 4117 4141 4140
f 4117 4118 4142 4141
f 4118 4119 4143 4142
f 4119 4120 4144 4143
f 4120 4121 4145 4144
f 4121 4122 4146 4145
f 4122 4123 4147 4146
f 4123 4124 4148 4147
f 4124 4125 4149 4148
f 4125 4126 4150 4149
f 4126 4127 4151 4150
f 4127 4128 4152 4151
f 4128 4105 4129 4152
f 4129 4130 4154 4153
f 4130 4131 4155 4154
f 4131 4132 4156 4155
f 4132 4133 4157 4156
f 4133 4134 4158 4157
f 4134 4135 4159 4158
f 4135 4136 4160 4159
f 4136 4137 4161 4160
f 4137 4138 4162 4161
f 4138 4139 4163 4162
f 4139 4140 4164 4163
f 4140 4141 4165 4164
f 4141 4142 4166 4165
f 4142 4143 4167 4166
f 4143 4144 4168 4167
f 4144 4145 4169 4168
f 4145 4146 4170 4169
f 4146 4147 4171 4170
f 4147 4148 4172 4171
f 4148 4149 4173 4172
f 4149 4150 4174 4173
f 4150 4151 4175 4174
f 4151 4152 4176 4175
f 4152 4129 4153 4176
f 4153 4154 4178 4177
f 4154 4155 4179 4178
f 4155 4156 4180 4179
f 4156 4157 4181 4180
f 4157 4158 4182 4181
f 4158 4159 4183 4182
f 4159 4160 4184 4183
f 4160 4161 4185 4184
f 4161 4162 4186 4185
f 4162 4163 4187 4186
f 4163 4164 4188 4187
f 4164 4165 4189 4188
f 4165 4166 4190 4189
f 4166 4167 4191 4190
f 4167 4168 4192 4191
f 4168 4169 4193 4192
f 4169 4170 4194 4193
f 4170 4171 4195 4194
f 4171 4172 4196 4195
f 4172 4173 4197 4196
f 4173 4174 4198 4197
f 4174 4175 4199 4198
f 4175 4176 4200 4199
f 4176 4153 4177 4200
f 4177 4178 4202 4201
f 4178 4179 4203 4202
f 4179 4180 4204 4203
f 4180 4181 4205 4204
f 4181 4182 4206 4205
f 4182 4183 4207 4206
f 4183 4184 4208 4207
f 4184 4185 4209 4208
f 4185 4186 4210 4209
f 4186 4187 4211 4210
f 4187 4188 4212 4211
f 4188 4189 4213 4212
f 4189 4190 4214 4213
f 4190 4191 4215 4214
f 4191 4192 4216 4215
f 4192 4193 4217 4216
f 4193 4194 4218 4217
f 4194 4195 4219 4218
f 4195 4196 4220 4219
f 4196 4197 4221 4220
f 4197 4198 4222 4221
f 4198 4199 4223 4222
f 4199 4200 4224 4223
f 4200 4177 4201 4224
f 4201 4202 4226 4225
f 4202 4203 4227 4226
f 4203 4204 4228 4227
f 4204 4205 4229 4228
f 4205 4206 4230 4229
f 4206 4207 4231 4230
f 4207 4208 4232 4231
f 4208 4209 4233 4232
f 4209 4210 4234 4233
f 4210 4211 4235 4234
f 4211 4212 4236 4235
f 4212 4213 4237 4236
f 4213 4214 4238 4237
f 4214 4215 4239 4238
f 4215 4216 4240 4239
f 4216 4217 4241 4240
f 4217 4218 4242 4241
f 4218 4219 4243 4242
f 4219 4220 4244 4243
f 4220 4221 4245 4244
f 4221 4222 4246 4245
f 4222 4223 4247 4246
f 4223 4224 4248 4247
f 4224 4201 4225 4248
f 4225 4226 4250 4249
f 4226 4227 4251 4250
f 4227 4228 4252 4251
f 4228 4229 4253 4252
f 4229 4230 4254 4253
f 4230 4231 4255 4254
f 4231 4232 4256 4255
f 4232 4233 4257 4256
f 4233 4234 4258 4257
f 4234 4235 4259 4258
f 4235 4236 4260 4259
f 4236 4237 4261 4260
f 4237 4238 4262 4261
f 4238 4239 4263 4262
f 4239 4240 4264 4263
f 4240 4241 4265 4264
f 4241 4242 4266 4265
f 4242 4243 4267 4266
f 4243 4244 4268 4267
f 4244 4245 4269 4268
f 4245 4246 4270 4269
f 4246 4247 4271 4270
f 4247 4248 4272 4271
f 4248 4225 4249 4272
f 4249 4250 4274 4273
f 4250 4251 4275 4274
f 4251 4252 4276 4275
f 4252 4253 4277 4276
f 4253 4254 4278 4277
f 4254 4255 4279 4278
f 4255 4256 4280 4279
f 4256 4257 4281 4280
f 4257 4258 4282 4281
f 4258 4259 4283 4282
f 4259 4260 4284 4283
f 4260 4261 4285 4284
f 4261 4262 4286 4285
f 4262 4263 4287 4286
f 4263 4264 4288 4287
f 4264 4265 4289 4288
f 4265 4266 4290 4289
f 4266 4267 4291 4290
f 4267 4268 4292 4291
f 4268 4269 4293 4292
f 4269 4270 4294 4293
f 4270 4271 4295 4294
f 4271 4272 4296 4295
f 4272 4249 4273 4296
f 4273 4274 4298 4297
f 4274 4275 4299 4298
f 4275 4276 4300 4299
f 4276 4277 4301 4300
f 4277 4278 4302 4301
f 4278 4279 4303 4302
f 4279 4280 4304 4303
f 4280 4281 4305 4304
f 4281 4282 4306 4305
f 4282 4283 4307 4306
f 4283 4284 4308 4307
f 4284 4285 4309 4308
f 4285 4286 4310 4309
f 4286 4287 4311 4310
f 4287 4288 4312 4311
f 4288 4289 4313 4312
f 4289 4290 4314 4313
f 4290 4291 4315 4314
f 4291 4292 4316 4315
f 4292 4293 4317 4316
f 4293 4294 4318 4317
f 4294 4295 4319 4318
f 4295 4296 4320 4319
f 4296 4273 4297 4320
f 4297 4298 4322 4321
f 4298 4299 4323 4322
f 4299 4300 4324 4323
f 4300 4301 4325 4324
f 4301 4302 4326 4325
f 4302 4303 4327 4326
f 4303 4304 4328 4327
f 4304 4305 4329 4328
f 4305 4306 4330 4329
f 4306 4307 4331 4330
f 4307 4308 4332 4331
f 4308 4309 4333 4332
f 4309 4310 4334 4333
f 4310 4311 4335 4334
f 4311 4312 4336 4335
f 4312 4313 4337 4336
f 4313 4314 4338 4337
f 4314 4315 4339 4338
f 4315 4316 4340 4339
f 4316 4317 4341 4340
f 4317 4318 4342 4341
f 4318 4319 4343 4342
f 4319 4320 4344 4343
f 4320 4297 4321 4344
f 4321 4322 4346 4345
f 4322 4323 4347 4346
f 4323 4324 4348 4347
f 4324 4325 4349 4348
f 4325 4326 4350 4349
f 4326 4327 4351 4350
f 4327 4328 4352 4351
f 4328 4329 4353 4352
f 4329 4330 4354 4353
f 4330 4331 4355 4354
f 4331 4332 4356 4355
f 4332 4333 4357 4356
f 4333 4334 4358 4357
f 4334 4335 4359 4358
f 4335 4336 4360 4359
f 4336 4337 4361 4360
f 4337 4338 4362 4361
f 4338 4339 4363 4362
f 4339 4340 4364 4363
f 4340 4341 4365 4364
f 4341 4342 4366 4365
f 4342 4343 4367 4366
f 4343 4344 4368 4367
f 4344 4321 4345 4368
f 4345 4346 4370 4369
f 4346 4347 4371 4370
f 4347 4348 4372 4371
f 4348 4349 4373 4372
f 4349 4350 4374 4373
f 4350 4351 4375 4374
f 4351 4352 4376 4375
f 4352 4353 4377 4376
f 4353 4354 4378 4377
f 4354 4355 4379 4378
f 4355 4356 4380 4379
f 4356 4357 4381 4380
f 4357 4358 4382 4381
f 4358 4359 4383 4382
f 4359 4360 4384 4383
f 4360 4361 4385 4384
f 4361 4362 4386 4385
f 4362 4363 4387 4386
f 4363 4364 4388 4387
f 4364 4365 4389 4388
f 4365 4366 4390 4389
f 4366 4367 4391 4390
f 4367 4368 4392 4391
f 4368 4345 4369 4392
f 4369 4370 4394 4393
f 4370 4371 4395 4394
f 4371 4372 4396 4395
f 4372 4373 4397 4396
f 4373 4374 4398 4397
f 4374 4375 4399 4398
f 4375 4376 4400 4399
f 4376 4377 4401 4400
f 4377 4378 4402 4401
f 4378 4379 4403 4402
f 4379 4380 4404 4403
f 4380 4381 4405 4404
f 4381 4382 4406 4405
f 4382 4383 4407 4406
f 4383 4384 4408 4407
f 4384 4385 4409 4408
f 4385 4386 4410 4409
f 4386 4387 4411 4410
f 4387 4388 4412 4411
f 4388 4389 4413 4412
f 4389 4390 4414 4413
f 4390 4391 4415 4414
f 4391 4392 4416 4415
f 4392 4369 4393 4416
f 4393 4394 4418 4417
f 4394 4395 4419 4418
f 4395 4396 4420 4419
f 4396 4397 4421 4420
f 4397 4398 4422 4421
f 4398 4399 4423 4422
f 4399 4400 4424 4423
f 4400 4401 4425 4424
f 4401 4402 4426 4425
f 4402 4403 4427 4426
f 4403 4404 4428 4427
f 4404 4405 4429 4428
f 4405 4406 4430 4429
f 4406 4407 4431 4430
f 4407 4408 4432 4431
f 4408 4409 4433 4432
f 4409 4410 4434 4433
f 4410 4411 4435 4434
f 4411 4412 4436 4435
f 4412 4413 4437 4436
f 4413 4414 4438 4437
f 4414 4415 4439 4438
f 4415 4416 4440 4439
f 4416 4393 4417 4440
f 4417 4418 4442 4441
f 4418 4419 4443 4442
f 4419 4420 4444 4443
f 4420 4421 4445 4444
f 4421 4422 4446 4445
f 4422 4423 4447 4446
f 4423 4424 4448 4447
f 4424 4425 4449 4448
f 4425 4426 4450 4449
f 4426 4427 4451 4450
f 4427 4428 4452 4451
f 4428 4429 4453 4452
f 4429 4430 4454 4453
f 4430 4431 4455 4454
f 4431 4432 4456 4455
f 4432 4433 4457 4456
f 4433 4434 4458 4457
f 4434 4435 4459 4458
f 4435 4436 4460 4459
f 4436 4437 4461 4460
f 4437 4438 4462 4461
f 4438 4439 4463 4462
f 4439 4440 4464 4463
f 4440 4417 4441 4464
f 4441 4442 4466 4465
f 4442 4443 4467 4466
f 4443 4444 4468 4467
f 4444 4445 4469 4468
f 4445 4446 4470 4469
f 4446 4447 4471 4470
f 4447 4448 4472 4471
f 4448 4449 4473 4472
f 4449 4450 4474 4473
f 4450 4451 4475 4474
f 4451 4452 4476 4475
f 4452 4453 4477 4476
f 4453 4454 4478 4477
f 4454 4455 4479 4478
f 4455 4456 4480 4479
f 4456 4457 4481 4480
f 4457 4458 4482 4481
f 4458 4459 4483 4482
f 4459 4460 4484 4483
f 4460 4461 4485 4484
f 4461 4462 4486 4485
f 4462 4463 4487 4486
f 4463 4464 4488 4487
f 4464 4441 4465 4488
f 4465 4466 4490 4489
f 4466 4467 4491 4490
f 4467 4468 4492 4491
f 4468 4469 4493 4492
f 4469 4470 4494 4493
f 4470 4471 4495 4494
f 4471 4472 4496 4495
f 4472 4473 4497 4496
f 4473 4474 4498 4497
f 4474 4475 4499 4498
f 4475 4476 4500 4499
f 4476 4477 4501 4500
f 4477 4478 4502 4501
f 4478 4479 4503 4502
f 4479 4480 4504 4503
f 4480 4481 4505 4504
f 4481 4482 4506 4505
f 4482 4483 4507 4506
f 4483 4484 4508 4507
f 4484 4485 4509 4508
f 4485 4486 4510 4509
f 4486 4487 4511 4510
f 4487 4488 4512 4511
f 4488 4465 4489 4512
f 4489 4490 4514 4513
f 4490 4491 4515 4514
f 4491 4492 4516 4515
f 4492 4493 4517 4516
f 4493 4494 4518 4517
f 4494 4495 4519 4518
f 4495 4496 4520 4519
f 4496 4497 4521 4520
f 4497 4498 4522 4521
f 4498 4499 4523 4522
f 4499 4500 4524 4523
f 4500 4501 4525 4524
f 4501 4502 4526 4525
f 4502 4503 4527 4526
f 4503 4504 4528 4527
f 4504 4505 4529 4528
f 4505 4506 4530 4529
f 4506 4507 4531 4530
f 4507 4508 4532 4531
f 4508 4509 4533 4532
f 4509 4510 4534 4533
f 4510 4511 4535 4534
f 4511 4512 4536 4535
f 4512 4489 4513 4536
f 4513 4514 4538 4537
f 4514 4515 4539 4538
f 4515 4516 4540 4539
f 4516 4517 4541 4540
f 4517 4518 4542 4541
f 4518 4519 4543 4542
f 4519 4520 4544 4543
f 4520 4521 4545 4544
f 4521 4522 4546 4545
f 4522 4523 4547 4546
f 4523 4524 4548 4547
f 4524 4525 4549 4548
f 4525 4526 4550 4549
f 4526 4527 4551 4550
f 4527 4528 4552 4551
f 4528 4529 4553 4552
f 4529 4530 4554 4553
f 4530 4531 4555 4554
f 4531 4532 4556 4555
f 4532 4533 4557 4556
f 4533 4534 4558 4557
f 4534 4535 4559 4558
f 4535 4536 4560 4559
f 4536 4513 4537 4560
f 4537 4538 4562 4561
f 4538 4539 4563 4562
f 4539 4540 4564 4563
f 4540 4541 4565 4564
f 4541 4542 4566 4565
f 4542 4543 4567 4566
f 4543 4544 4568 4567
f 4544 4545 4569 4568
f 4545 4546 4570 4569
f 4546 4547 4571 4570
f 4547 4548 4572 4571
f 4548 4549 4573 4572
f 4549 4550 4574 4573
f 4550 4551 4575 4574
f 4551 4552 4576 4575
f 4552 4553 4577 4576
f 4553 4554 4578 4577
f 4554 4555 4579 4578
f 4555 4556 4580 4579
f 4556 4557 4581 4580
f 4557 4558 4582 4581
f 4558 4559 4583 4582
f 4559 4560 4584 4583
f 4560 4537 4561 4584
f 4561 4562 4586 4585
f 4562 4563 4587 4586
f 4563 4564 4588 4587
f 4564 4565 4589 4588
f 4565 4566 4590 4589
f 4566 4567 4591 4590
f 4567 4568 4592 4591
f 4568 4569 4593 4592
f 4569 4570 4594 4593
f 4570 4571 4595 4594
f 4571 4572 4596 4595
f 4572 4573 4597 4596
f 4573 4574 4598 4597
f 4574 4575 4599 4598
f 4575 4576 4600 4599
f 4576 4577 4601 4600
f 4577 4578 4602 4601
f 4578 4579 4603 4602
f 4579 4580 4604 4603
f 4580 4581 4605 4604
f 4581 4582 4606 4605
f 4582 4583 4607 4606
f 4583 4584 4608 4607
f 4584 4561 4585 4608
f 4585 4586 4610 4609
f 4586 4587 4611 4610
f 4587 4588 4612 4611
f 4588 4589 4613 4612
f 4589 4590 4614 4613
f 4590 4591 4615 4614
f 4591 4592 4616 4615
f 4592 4593 4617 4616
f 4593 4594 4618 4617
f 4594 4595 4619 4618
f 4595 4596 4620 4619
f 4596 4597 4621 4620
f 4597 4598 4622 4621
f 4598 4599 4623 4622
f 4599 4600 4624 4623
f 4600 4601 4625 4624
f 4601 4602 4626 4625
f 4602 4603 4627 4626
f 4603 4604 4628 4627
f 4604 4605 4629 4628
f 4605 4606 4630 4629
f 4606 4607 4631 4630
f 4607 4608 4632 4631
f 4608 4585 4609 4632
f 4609 4610 4634 4633
f 4610 4611 4635 4634
f 4611 4612 4636 4635
f 4612 4613 4637 4636
f 4613 4614 4638 4637
f 4614 4615 4639 4638
f 4615 4616 4640 4639
f 4616 4617 4641 4640
f 4617 4618 4642 4641
f 4618 4619 4643 4642
f 4619 4620 4644 4643
f 4620 4621 4645 4644
f 4621 4622 4646 4645
f 4622 4623 4647 4646
f 4623 4624 4648 4647
f 4624 4625 4649 4648
f 4625 4626 4650 4649
f 4626 4627 4651 4650
f 4627 4628 4652 4651
f 4628 4629 4653 4652
f 4629 4630 4654 4653
f 4630 4631 4655 4654
f 4631 4632 4656 4655
f 4632 4609 4633 4656
f 4633 4634 4658 4657
f 4634 4635 4659 4658
f 4635 4636 4660 4659
f 4636 4637 4661 4660
f 4637 4638 4662 4661
f 4638 4639 4663 4662
f 4639 4640 4664 4663
f 4640 4641 4665 4664
f 4641 4642 4666 4665
f 4642 4643 4667 4666
f 4643 4644 4668 4667
f 4644 4645 4669 4668
f 4645 4646 4670 4669
f 4646 4647 4671 4670
f 4647 4648 4672 4671
f 4648 4649 4673 4672
f 4649 4650 4674 4673
f 4650 4651 4675 4674
f 4651 4652 4676 4675
f 4652 4653 4677 4676
f 4653 4654 4678 4677
f 4654 4655 4679 4678
f 4655 4656 4680 4679
f 4656 4633 4657 4680
f 4657 4658 4682 4681
f 4658 4659 4683 4682
f 4659 4660 4684 4683
f 4660 4661 4685 4684
f 4661 4662 4686 4685
f 4662 4663 4687 4686
f 4663 4664 4688 4687
f 4664 4665 4689 4688
f 4665 4666 4690 4689
f 4666 4667 4691 4690
f 4667 4668 4692 4691
f 4668 4669 4693 4692
f 4669 4670 4694 4693
f 4670 4671 4695 4694
f 4671 4672 4696 4695
f 4672 4673 4697 4696
f 4673 4674 4698 4697
f 4674 4675 4699 4698
f 4675 4676 4700 4699
f 4676 4677 4701 4700
f 4677 4678 4702 4701
f 4678 4679 4703 4702
f 4679 4680 4704 4703
f 4680 4657 4681 4704
f 4681 4682 4706 4705
f 4682 4683 4707 4706
f 4683 4684 4708 4707
f 4684 4685 4709 4708
f 4685 4686 4710 4709
f 4686 4687 4711 4710
f 4687 4688 4712 4711
f 4688 4689 4713 4712
f 4689 4690 4714 4713
f 4690 4691 4715 4714
f 4691 4692 4716 4715
f 4692 4693 4717 4716
f 4693 4694 4718 4717
f 4694 4695 4719 4718
f 4695 4696 4720 4719
f 4696 4697 4721 4720
f 4697 4698 4722 4721
f 4698 4699 4723 4722
f 4699 4700 4724 4723
f 4700 4701 4725 4724
f 4701 4702 4726 4725
f 4702 4703 4727 4726
f 4703 4704 4728 4727
f 4704 4681 4705 4728
f 4705 4706 4730 4729
f 4706 4707 4731 4730
f 4707 4708 4732 4731
f 4708 4709 4733 4732
f 4709 4710 4734 4733
f 4710 4711 4735 4734
f 4711 4712 4736 4735
f 4712 4713 4737 4736
f 4713 4714 4738 4737
f 4714 4715 4739 4738
f 4715 4716 4740 4739
f 4716 4717 4741 4740
f 4717 4718 4742 4741
f 4718 4719 4743 4742
f 4719 4720 4744 4743
f 4720 4721 4745 4744
f 4721 4722 4746 4745
f 4722 4723 4747 4746
f 4723 4724 4748 4747
f 4724 4725 4749 4748
f 4725 4726 4750 4749
f 4726 4727 4751 4750
f 4727 4728 4752 4751
f 4728 4705 4729 4752
f 4729 4730 4754 4753
f 4730 4731 4755 4754
f 4731 4732 4756 4755
f 4732 4733 4757 4756
f 4733 4734 4758 4757
f 4734 4735 4759 4758
f 4735 4736 4760 4759
f 4736 4737 4761 4760
f 4737 4738 4762 4761
f 4738 4739 4763 4762
f 4739 4740 4764 4763
f 4740 4741 4765 4764
f 4741 4742 4766 4765
f 4742 4743 4767 4766
f 4743 4744 4768 4767
f 4744 4745 4769 4768
f 4745 4746 4770 4769
f 4746 4747 4771 4770
f 4747 4748 4772 4771
f 4748 4749 4773 4772
f 4749 4750 4774 4773
f 4750 4751 4775 4774
f 4751 4752 4776 4775
f 4752 4729 4753 4776
f 4753 4754 4778 4777
f 4754 4755 4779 4778
f 4755 4756 4780 4779
f 4756 4757 4781 4780
f 4757 4758 4782 4781
f 4758 4759 4783 4782
f 4759 4760 4784 4783
f 4760 4761 4785 4784
f 4761 4762 4786 4785
f 4762 4763 4787 4786
f 4763 4764 4788 4787
f 4764 4765 4789 4788
f 4765 4766 4790 4789
f 4766 4767 4791 4790
f 4767 4768 4792 4791
f 4768 4769 4793 4792
f 4769 4770 4794 4793
f 4770 4771 4795 4794
f 4771 4772 4796 4795
f 4772 4773 4797 4796
f 4773 4774 4798 4797
f 4774 4775 4799 4798
f 4775 4776 4800 4799
f 4776 4753 4777 4800
f 4777 4778 4802 4801
f 4778 4779 4803 4802
f 4779 4780 4804 4803
f 4780 4781 4805 4804
f 4781 4782 4806 4805
f 4782 4783 4807 4806
f 4783 4784 4808 4807
f 4784 4785 4809 4808
f 4785 4786 4810 4809
f 4786 4787 4811 4810
f 4787 4788 4812 4811
f 4788 4789 4813 4812
f 4789 4790 4814 4813
f 4790 4791 4815 4814
f 4791 4792 4816 4815
f 4792 4793 4817 4816
f 4793 4794 4818 4817
f 4794 4795 4819 4818
f 4795 4796 4820 4819
f 4796 4797 4821 4820
f 4797 4798 4822 4821
f 4798 4799 4823 4822
f 4799 4800 4824 4823
f 4800 4777 4801 4824
f 4801 4802 4826 4825
f 4802 4803 4827 4826
f 4803 4804 4828 4827
f 4804 4805 4829 4828
f 4805 4806 4830 4829
f 4806 4807 4831 4830
f 4807 4808 4832 4831
f 4808 4809 4833 4832
f 4809 4810 4834 4833
f 4810 4811 4835 4834
f 4811 4812 4836 4835
f 4812 4813 4837 4836
f 4813 4814 4838 4837
f 4814 4815 4839 4838
f 4815 4816 4840 4839
f 4816 4817 4841 4840
f 4817 4818 4842 4841
f 4818 4819 4843 4842
f 4819 4820 4844 4843
f 4820 4821 4845 4844
f 4821 4822 4846 4845
f 4822 4823 4847 4846
f 4823 4824 4848 4847
f 4824 4801 4825 4848
f 4825 4826 4850 4849
f 4826 4827 4851 4850
f 4827 4828 4852 4851
f 4828 4829 4853 4852
f 4829 4830 4854 4853
f 4830 4831 4855 4854
f 4831 4832 4856 4855
f 4832 4833 4857 4856
f 4833 4834 4858 4857
f 4834 4835 4859 4858
f 4835 4836 4860 4859
f 4836 4837 4861 4860
f 4837 4838 4862 4861
f 4838 4839 4863 4862
f 4839 4840 4864 4863
f 4840 4841 4865 4864
f 4841 4842 4866 4865
f 4842 4843 4867 4866
f 4843 4844 4868 4867
f 4844 4845 4869 4868
f 4845 4846 4870 4869
f 4846 4847 4871 4870
f 4847 4848 4872 4871
f 4848 4825 4849 4872
f 4849 4850 4874 4873
f 4850 4851 4875 4874
f 4851 4852 4876 4875
f 4852 4853 4877 4876
f 4853 4854 4878 4877
f 4854 4855 4879 4878
f 4855 4856 4880 4879
f 4856 4857 4881 4880
f 4857 4858 4882 4881
f 4858 4859 4883 4882
f 4859 4860 4884 4883
f 4860 4861 4885 4884
f 4861 4862 4886 4885
f 4862 4863 4887 4886
f 4863 4864 4888 4887
f 4864 4865 4889 4888
f 4865 4866 4890 4889
f 4866 4867 4891 4890
f 4867 4868 4892 4891
f 4868 4869 4893 4892
f 4869 4870 4894 4893
f 4870 4871 4895 4894
f 4871 4872 4896 4895
f 4872 4849 4873 4896
f 4873 4874 4898 4897
f 4874 4875 4899 4898
f 4875 4876 4900 4899
f 4876 4877 4901 4900
f 4877 4878 4902 4901
f 4878 4879 4903 4902
f 4879 4880 4904 4903
f 4880 4881 4905 4904
f 4881 4882 4906 4905
f 4882 4883 4907 4906
f 4883 4884 4908 4907
f 4884 4885 4909 4908
f 4885 4886 4910 4909
f 4886 4887 4911 4910
f 4887 4888 4912 4911
f 4888 4889 4913 4912
f 4889 4890 4914 4913
f 4890 4891 4915 4914
f 4891 4892 4916 4915
f 4892 4893 4917 4916
f 4893 4894 4918 4917
f 4894 4895 4919 4918
f 4895 4896 4920 4919
f 4896 4873 4897 4920
f 4897 4898 4922 4921
f 4898 4899 4923 4922
f 4899 4900 4924 4923
f 4900 4901 4925 4924
f 4901 4902 4926 4925
f 4902 4903 4927 4926
f 4903 4904 4928 4927
f 4904 4905 4929 4928
f 4905 4906 4930 4929
f 4906 4907 4931 4930
f 4907 4908 4932 4931
f 4908 4909 4933 4932
f 4909 4910 4934 4933
f 4910 4911 4935 4934
f 4911 4912 4936 4935
f 4912 4913 4937 4936
f 4913 4914 4938 4937
f 4914 4915 4939 4938
f 4915 4916 4940 4939
f 4916 4917 4941 4940
f 4917 4918 4942 4941
f 4918 4919 4943 4942
f 4919 4920 4944 4943
f 4920 4897 4921 4944
f 4921 4922 4946 4945
f 4922 4923 4947 4946
f 4923 4924 4948 4947
f 4924 4925 4949 4948
f 4925 4926 4950 4949
f 4926 4927 4951 4950
f 4927 4928 4952 4951
f 4928 4929 4953 4952
f 4929 4930 4954 4953
f 4930 4931 4955 4954
f 4931 4932 4956 4955
f 4932 4933 4957 4956
f 4933 4934 4958 4957
f 4934 4935 4959 4958
f 4935 4936 4960 4959
f 4936 4937 4961 4960
f 4937 4938 4962 4961
f 4938 4939 4963 4962
f 4939 4940 4964 4963
f 4940 4941 4965 4964
f 4941 4942 4966 4965
f 4942 4943 4967 4966
f 4943 4944 4968 4967
f 4944 4921 4945 4968
f 4945 4946 4970 4969
f 4946 4947 4971 4970
f 4947 4948 4972 4971
f 4948 4949 4973 4972
f 4949 4950 4974 4973
f 4950 4951 4975 4974
f 4951 4952 4976 4975
f 4952 4953 4977 4976
f 4953 4954 4978 4977
f 4954 4955 4979 4978
f 4955 4956 4980 4979
f 4956 4957 4981 4980
f 4957 4958 4982 4981
f 4958 4959 4983 4982
f 4959 4960 4984 4983
f 4960 4961 4985 4984
f 4961 4962 4986 4985
f 4962 4963 4987 4986
f 4963 4964 4988 4987
f 4964 4965 4989 4988
f 4965 4966 4990 4989
f 4966 4967 4991 4990
f 4967 4968 4992 4991
f 4968 4945 4969 4992
f 4969 4970 4994 4993
f 4970 4971 4995 4994
f 4971 4972 4996 4995
f 4972 4973 4997 4996
f 4973 4974 4998 4997
f 4974 4975 4999 4998
f 4975 4976 5000 4999
f 4976 4977 5001 5000
f 4977 4978 5002 5001
f 4978 4979 5003 5002
f 4979 4980 5004 5003
f 4980 4981 5005 5004
f 4981 4982 5006 5005
f 4982 4983 5007 5006
f 4983 4984 5008 5007
f 4984 4985 5009 5008
f 4985 4986 5010 5009
f 4986 4987 5011 5010
f 4987 4988 5012 5011
f 4988 4989 5013 5012
f 4989 4990 5014 5013
f 4990 4991 5015 5014
f 4991 4992 5016 5015
f 4992 4969 4993 5016
f 4993 4994 5018 5017
f 4994 4995 5019 5018
f 4995 4996 5020 5019
f 4996 4997 5021 5020
f 4997 4998 5022 5021
f 4998 4999 5023 5022
f 4999 5000 5024 5023
f 5000 5001 5025 5024
f 5001 5002 5026 5025
f 5002 5003 5027 5026
f 5003 5004 5028 5027
f 5004 5005 5029 5028
f 5005 5006 5030 5029
f 5006 5007 5031 5030
f 5007 5008 5032 5031
f 5008 5009 5033 5032
f 5009 5010 5034 5033
f 5010 5011 5035 5034
f 5011 5012 5036 5035
f 5012 5013 5037 5036
f 5013 5014 5038 5037
f 5014 5015 5039 5038
f 5015 5016 5040 5039
f 5016 4993 5017 5040
f 5017 5018 5042 5041
f 5018 5019 5043 5042
f 5019 5020 5044 5043
f 5020 5021 5045 5044
f 5021 5022 5046 5045
f 5022 5023 5047 5046
f 5023 5024 5048 5047
f 5024 5025 5049 5048
f 5025 5026 5050 5049
f 5026 5027 5051 5050
f 5027 5028 5052 5051
f 5028 5029 5053 5052
f 5029 5030 5054 5053
f 5030 5031 5055 5054
f 5031 5032 5056 5055
f 5032 5033 5057 5056
f 5033 5034 5058 5057
f 5034 5035 5059 5058
f 5035 5036 5060 5059
f 5036 5037 5061 5060
f 5037 5038 5062 5061
f 5038 5039 5063 5062
f 5039 5040 5064 5063
f 5040 5017 5041 5064
f 5041 5042 5066 5065
f 5042 5043 5067 5066
f 5043 5044 5068 5067
f 5044 5045 5069 5068
f 5045 5046 5070 5069
f 5046 5047 5071 5070
f 5047 5048 5072 5071
f 5048 5049 5073 5072
f 5049 5050 5074 5073
f 5050 5051 5075 5074
f 5051 5052 5076 5075
f 5052 5053 5077 5076
f 5053 5054 5078 5077
f 5054 5055 5079 5078
f 5055 5056 5080 5079
f 5056 5057 5081 5080
f 5057 5058 5082 5081
f 5058 5059 5083 5082
f 5059 5060 5084 5083
f 5060 5061 5085 5084
f 5061 5062 5086 5085
f 5062 5063 5087 5086
f 5063 5064 5088 5087
f 5064 5041 5065 5088
f 5065 5066 5090 5089
f 5066 5067 5091 5090
f 5067 5068 5092 5091
f 5068 5069 5093 5092
f 5069 5070 5094 5093
f 5070 5071 5095 5094
f 5071 5072 5096 5095
f 5072 5073 5097 5096
f 5073 5074 5098 5097
f 5074 5075 5099 5098
f 5075 5076 5100 5099
f 5076 5077 5101 5100
f 5077 5078 5102 5101
f 5078 5079 5103 5102
f 5079 5080 5104 5103
f 5080 5081 5105 5104
f 5081 5082 5106 5105
f 5082 5083 5107 5106
f 5083 5084 5108 5107
f 5084 5085 5109 5108
f 5085 5086 5110 5109
f 5086 5087 5111 5110
f 5087 5088 5112 5111
f 5088 5065 5089 5112
f 5089 5090 5114 5113
f 5090 5091 5115 5114
f 5091 5092 5116 5115
f 5092 5093 5117 5116
f 5093 5094 5118 5117
f 5094 5095 5119 5118
f 5095 5096 5120 5119
f 5096 5097 5121 5120
f 5097 5098 5122 5121
f 5098 5099 5123 5122
f 5099 5100 5124 5123
f 5100 5101 5125 5124
f 5101 5102 5126 5125
f 5102 5103 5127 5126
f 5103 5104 5128 5127
f 5104 5105 5129 5128
f 5105 5106 5130 5129
f 5106 5107 5131 5130
f 5107 5108 5132 5131
f 5108 5109 5133 5132
f 5109 5110 5134 5133
f 5110 5111 5135 5134
f 5111 5112 5136 5135
f 5112 5089 5113 5136
f 5113 5114 5138 5137
f 5114 5115 5139 5138
f 5115 5116 5140 5139
f 5116 5117 5141 5140
f 5117 5118 5142 5141
f 5118 5119 5143 5142
f 5119 5120 5144 5143
f 5120 5121 5145 5144
f 5121 5122 5146 5145
f 5122 5123 5147 5146
f 5123 5124 5148 5147
f 5124 5125 5149 5148
f 5125 5126 5150 5149
f 5126 5127 5151 5150
f 5127 5128 5152 5151
f 5128 5129 5153 5152
f 5129 5130 5154 5153
f 5130 5131 5155 5154
f 5131 5132 5156 5155
f 5132 5133 5157 5156
f 5133 5134 5158 5157
f 5134 5135 5159 5158
f 5135 5136 5160 5159
f 5136 5113 5137 5160
f 5137 5138 5162 5161
f 5138 5139 5163 5162
f 5139 5140 5164 5163
f 5140 5141 5165 5164
f 5141 5142 5166 5165
f 5142 5143 5167 5166
f 5143 5144 5168 5167
f 5144 5145 5169 5168
f 5145 5146 5170 5169
f 5146 5147 5171 5170
f 5147 5148 5172 5171
f 5148 5149 5173 5172
f 5149 5150 5174 5173
f 5150 5151 5175 5174
f 5151 5152 5176 5175
f 5152 5153 5177 5176
f 5153 5154 5178 5177
f 5154 5155 5179 5178
f 5155 5156 5180 5179
f 5156 5157 5181 5180
f 5157 5158 5182 5181
f 5158 5159 5183 5182
f 5159 5160 5184 5183
f 5160 5137 5161 5184
f 5161 5162 5186 5185
f 5162 5163 5187 5186
f 5163 5164 5188 5187
f 5164 5165 5189 5188
f 5165 5166 5190 5189
f 5166 5167 5191 5190
f 5167 5168 5192 5191
f 5168 5169 5193 5192
f 5169 5170 5194 5193
f 5170 5171 5195 5194
f 5171 5172 5196 5195
f 5172 5173 5197 5196
f 5173 5174 5198 5197
f 5174 5175 5199 5198
f 5175 5176 5200 5199
f 5176 5177 5201 5200
f 5177 5178 5202 5201
f 5178 5179 5203 5202
f 5179 5180 5204 5203
f 5180 5181 5205 5204
f 5181 5182 5206 5205
f 5182 5183 5207 5206
f 5183 5184 5208 5207
f 5184 5161 5185 5208
f 5185 5186 5210 5209
f 5186 5187 5211 5210
f 5187 5188 5212 5211
f 5188 5189 5213 5212
f 5189 5190 5214 5213
f 5190 5191 5215 5214
f 5191 5192 5216 5215
f 5192 5193 5217 5216
f 5193 5194 5218 5217
f 5194 5195 5219 5218
f 5195 5196 5220 5219
f 5196 5197 5221 5220
f 5197 5198 5222 5221
f 5198 5199 5223 5222
f 5199 5200 5224 5223
f 5200 5201 5225 5224
f 5201 5202 5226 5225
f 5202 5203 5227 5226
f 5203 5204 5228 5227
f 5204 5205 5229 5228
f 5205 5206 5230 5229
f 5206 5207 5231 5230
f 5207 5208 5232 5231
f 5208 5185 5209 5232
f 5209 5210 5234 5233
f 5210 5211 5235 5234
f 5211 5212 5236 5235
f 5212 5213 5237 5236
f 5213 5214 5238 5237
f 5214 5215 5239 5238
f 5215 5216 5240 5239
f 5216 5217 5241 5240
f 5217 5218 5242 5241
f 5218 5219 5243 5242
f 5219 5220 5244 5243
f 5220 5221 5245 5244
f 5221 5222 5246 5245
f 5222 5223 5247 5246
f 5223 5224 5248 5247
f 5224 5225 5249 5248
f 5225 5226 5250 5249
f 5226 5227 5251 5250
f 5227 5228 5252 5251
f 5228 5229 5253 5252
f 5229 5230 5254 5253
f 5230 5231 5255 5254
f 5231 5232 5256 5255
f 5232 5209 5233 5256
f 5233 5234 5258 5257
f 5234 5235 5259 5258
f 5235 5236 5260 5259
f 5236 5237 5261 5260
f 5237 5238 5262 5261
f 5238 5239 5263 5262
f 5239 5240 5264 5263
f 5240 5241 5265 5264
f 5241 5242 5266 5265
f 5242 5243 5267 5266
f 5243 5244 5268 5267
f 5244 5245 5269 5268
f 5245 5246 5270 5269
f 5246 5247 5271 5270
f 5247 5248 5272 5271
f 5248 5249 5273 5272
f 5249 5250 5274 5273
f 5250 5251 5275 5274
f 5251 5252 5276 5275
f 5252 5253 5277 5276
f 5253 5254 5278 5277
f 5254 5255 5279 5278
f 5255 5256 5280 5279
f 5256 5233 5257 5280
f 5257 5258 5282 5281
f 5258 5259 5283 5282
f 5259 5260 5284 5283
f 5260 5261 5285 5284
f 5261 5262 5286 5285
f 5262 5263 5287 5286
f 5263 5264 5288 5287
f 5264 5265 5289 5288
f 5265 5266 5290 5289
f 5266 5267 5291 5290
f 5267 5268 5292 5291
f 5268 5269 5293 5292
f 5269 5270 5294 5293
f 5270 5271 5295 5294
f 5271 5272 5296 5295
f 5272 5273 5297 5296
f 5273 5274 5298 5297
f 5274 5275 5299 5298
f 5275 5276 5300 5299
f 5276 5277 5301 5300
f 5277 5278 5302 5301
f 5278 5279 5303 5302
f 5279 5280 5304 5303
f 5280 5257 5281 5304
f 5281 5282 5306 5305
f 5282 5283 5307 5306
f 5283 5284 5308 5307
f 5284 5285 5309 5308
f 5285 5286 5310 5309
f 5286 5287 5311 5310
f 5287 5288 5312 5311
f 5288 5289 5313 5312
f 5289 5290 5314 5313
f 5290 5291 5315 5314
f 5291 5292 5316 5315
f 5292 5293 5317 5316
f 5293 5294 5318 5317
f 5294 5295 5319 5318
f 5295 5296 5320 5319
f 5296 5297 5321 5320
f 5297 5298 5322 5321
f 5298 5299 5323 5322
f 5299 5300 5324 5323
f 5300 5301 5325 5324
f 5301 5302 5326 5325
f 5302 5303 5327 5326
f 5303 5304 5328 5327
f 5304 5281 5305 5328
f 5305 5306 5330 5329
f 5306 5307 5331 5330
f 5307 5308 5332 5331
f 5308 5309 5333 5332
f 5309 5310 5334 5333
f 5310 5311 5335 5334
f 5311 5312 5336 5335
f 5312 5313 5337 5336
f 5313 5314 5338 5337
f 5314 5315 5339 5338
f 5315 5316 5340 5339
f 5316 5317 5341 5340
f 5317 5318 5342 5341
f 5318 5319 5343 5342
f 5319 5320 5344 5343
f 5320 5321 5345 5344
f 5321 5322 5346 5345
f 5322 5323 5347 5346
f 5323 5324 5348 5347
f 5324 5325 5349 5348
f 5325 5326 5350 5349
f 5326 5327 5351 5350
f 5327 5328 5352 5351
f 5328 5305 5329 5352
f 5329 5330 5354 5353
f 5330 5331 5355 5354
f 5331 5332 5356 5355
f 5332 5333 5357 5356
f 5333 5334 5358 5357
f 5334 5335 5359 5358
f 5335 5336 5360 5359
f 5336 5337 5361 5360
f 5337 5338 5362 5361
f 5338 5339 5363 5362
f 5339 5340 5364 5363
f 5340 5341 5365 5364
f 5341 5342 5366 5365
f 5342 5343 5367 5366
f 5343 5344 5368 5367
f 5344 5345 5369 5368
f 5345 5346 5370 5369
f 5346 5347 5371 5370
f 5347 5348 5372 5371
f 5348 5349 5373 5372
f 5349 5350 5374 5373
f 5350 5351 5375 5374
f 5351 5352 5376 5375
f 5352 5329 5353 5376
f 5353 5354 5378 5377
f 5354 5355 5379 5378
f 5355 5356 5380 5379
f 5356 5357 5381 5380
f 5357 5358 5382 5381
f 5358 5359 5383 5382
f 5359 5360 5384 5383
f 5360 5361 5385 5384
f 5361 5362 5386 5385
f 5362 5363 5387 5386
f 5363 5364 5388 5387
f 5364 5365 5389 5388
f 5365 5366 5390 5389
f 5366 5367 5391 5390
f 5367 5368 5392 5391
f 5368 5369 5393 5392
f 5369 5370 5394 5393
f 5370 5371 5395 5394
f 5371 5372 5396 5395
f 5372 5373 5397 5396
f 5373 5374 5398 5397
f 5374 5375 5399 5398
f 5375 5376 5400 5399
f 5376 5353 5377 5400
f 5377 5378 5402 5401
f 5378 5379 5403 5402
f 5379 5380 5404 5403
f 5380 5381 5405 5404
f 5381 5382 5406 5405
f 5382 5383 5407 5406
f 5383 5384 5408 5407
f 5384 5385 5409 5408
f 5385 5386 5410 5409
f 5386 5387 5411 5410
f 5387 5388 5412 5411
f 5388 5389 5413 5412
f 5389 5390 5414 5413
f 5390 5391 5415 5414
f 5391 5392 5416 5415
f 5392 5393 5417 5416
f 5393 5394 5418 5417
f 5394 5395 5419 5418
f 5395 5396 5420 5419
f 5396 5397 5421 5420
f 5397 5398 5422 5421
f 5398 5399 5423 5422
f 5399 5400 5424 5423
f 5400 5377 5401 5424
f 5401 5402 5426 5425
f 5402 5403 5427 5426
f 5403 5404 5428 5427
f 5404 5405 5429 5428
f 5405 5406 5430 5429
f 5406 5407 5431 5430
f 5407 5408 5432 5431
f 5408 5409 5433 5432
f 5409 5410 5434 5433
f 5410 5411 5435 5434
f 5411 5412 5436 5435
f 5412 5413 5437 5436
f 5413 5414 5438 5437
f 5414 5415 5439 5438
f 5415 5416 5440 5439
f 5416 5417 5441 5440
f 5417 5418 5442 5441
f 5418 5419 5443 5442
f 5419 5420 5444 5443
f 5420 5421 5445 5444
f 5421 5422 5446 5445
f 5422 5423 5447 5446
f 5423 5424 5448 5447
f 5424 5401 5425 5448
f 5425 5426 5450 5449
f 5426 5427 5451 5450
f 5427 5428 5452 5451
f 5428 5429 5453 5452
f 5429 5430 5454 5453
f 5430 5431 5455 5454
f 5431 5432 5456 5455
f 5432 5433 5457 5456
f 5433 5434 5458 5457
f 5434 5435 5459 5458
f 5435 5436 5460 5459
f 5436 5437 5461 5460
f 5437 5438 5462 5461
f 5438 5439 5463 5462
f 5439 5440 5464 5463
f 5440 5441 5465 5464
f 5441 5442 5466 5465
f 5442 5443 5467 5466
f 5443 5444 5468 5467
f 5444 5445 5469 5468
f 5445 5446 5470 5469
f 5446 5447 5471 5470
f 5447 5448 5472 5471
f 5448 5425 5449 5472
f 5449 5450 5474 5473
f 5450 5451 5475 5474
f 5451 5452 5476 5475
f 5452 5453 5477 5476
f 5453 5454 5478 5477
f 5454 5455 5479 5478
f 5455 5456 5480 5479
f 5456 5457 5481 5480
f 5457 5458 5482 5481
f 5458 5459 5483 5482
f 5459 5460 5484 5483
f 5460 5461 5485 5484
f 5461 5462 5486 5485
f 5462 5463 5487 5486
f 5463 5464 5488 5487
f 5464 5465 5489 5488
f 5465 5466 5490 5489
f 5466 5467 5491 5490
f 5467 5468 5492 5491
f 5468 5469 5493 5492
f 5469 5470 5494 5493
f 5470 5471 5495 5494
f 5471 5472 5496 5495
f 5472 5449 5473 5496
f 5473 5474 5498 5497
f 5474 5475 5499 5498
f 5475 5476 5500 5499
f 5476 5477 5501 5500
f 5477 5478 5502 5501
f 5478 5479 5503 5502
f 5479 5480 5504 5503
f 5480 5481 5505 5504
f 5481 5482 5506 5505
f 5482 5483 5507 5506
f 5483 5484 5508 5507
f 5484 5485 5509 5508
f 5485 5486 5510 5509
f 5486 5487 5511 5510
f 5487 5488 5512 5511
f 5488 5489 5513 5512
f 5489 5490 5514 5513
f 5490 5491 5515 5514
f 5491 5492 5516 5515
f 5492 5493 5517 5516
f 5493 5494 5518 5517
f 5494 5495 5519 5518
f 5495 5496 5520 5519
f 5496 5473 5497 5520
f 5497 5498 5522 5521
f 5498 5499 5523 5522
f 5499 5500 5524 5523
f 5500 5501 5525 5524
f 5501 5502 5526 5525
f 5502 5503 5527 5526
f 5503 5504 5528 5527
f 5504 5505 5529 5528
f 5505 5506 5530 5529
f 5506 5507 5531 5530
f 5507 5508 5532 5531
f 5508 5509 5533 5532
f 5509 5510 5534 5533
f 5510 5511 5535 5534
f 5511 5512 5536 5535
f 5512 5513 5537 5536
f 5513 5514 5538 5537
f 5514 5515 5539 5538
f 5515 5516 5540 5539
f 5516 5517 5541 5540
f 5517 5518 5542 5541
f 5518 5519 5543 5542
f 5519 5520 5544 5543
f 5520 5497 5521 5544
f 5521 5522 5546 5545
f 5522 5523 5547 5546
f 5523 5524 5548 5547
f 5524 5525 5549 5548
f 5525 5526 5550 5549
f 5526 5527 5551 5550
f 5527 5528 5552 5551
f 5528 5529 5553 5552
f 5529 5530 5554 5553
f 5530 5531 5555 5554
f 5531 5532 5556 5555
f 5532 5533 5557 5556
f 5533 5534 5558 5557
f 5534 5535 5559 5558
f 5535 5536 5560 5559
f 5536 5537 5561 5560
f 5537 5538 5562 5561
f 5538 5539 5563 5562
f 5539 5540 5564 5563
f 5540 5541 5565 5564
f 5541 5542 5566 5565
f 5542 5543 5567 5566
f 5543 5544 5568 5567
f 5544 5521 5545 5568
f 5545 5546 5570 5569
f 5546 5547 5571 5570
f 5547 5548 5572 5571
f 5548 5549 5573 5572
f 5549 5550 5574 5573
f 5550 5551 5575 5574
f 5551 5552 5576 5575
f 5552 5553 5577 5576
f 5553 5554 5578 5577
f 5554 5555 5579 5578
f 5555 5556 5580 5579
f 5556 5557 5581 5580
f 5557 5558 5582 5581
f 5558 5559 5583 5582
f 5559 5560 5584 5583
f 5560 5561 5585 5584
f 5561 5562 5586 5585
f 5562 5563 5587 5586
f 5563 5564 5588 5587
f 5564 5565 5589 5588
f 5565 5566 5590 5589
f 5566 5567 5591 5590
f 5567 5568 5592 5591
f 5568 5545 5569 5592
f 5569 5570 5594 5593
f 5570 5571 5595 5594
f 5571 5572 5596 5595
f 5572 5573 5597 5596
f 5573 5574 5598 5597
f 5574 5575 5599 5598
f 5575 5576 5600 5599
f 5576 5577 5601 5600
f 5577 5578 5602 5601
f 5578 5579 5603 5602
f 5579 5580 5604 5603
f 5580 5581 5605 5604
f 5581 5582 5606 5605
f 5582 5583 5607 5606
f 5583 5584 5608 5607
f 5584 5585 5609 5608
f 5585 5586 5610 5609
f 5586 5587 5611 5610
f 5587 5588 5612 5611
f 5588 5589 5613 5612
f 5589 5590 5614 5613
f 5590 5591 5615 5614
f 5591 5592 5616 5615
f 5592 5569 5593 5616
f 5593 5594 5618 5617
f 5594 5595 5619 5618
f 5595 5596 5620 5619
f 5596 5597 5621 5620
f 5597 5598 5622 5621
f 5598 5599 5623 5622
f 5599 5600 5624 5623
f 5600 5601 5625 5624
f 5601 5602 5626 5625
f 5602 5603 5627 5626
f 5603 5604 5628 5627
f 5604 5605 5629 5628
f 5605 5606 5630 5629
f 5606 5607 5631 5630
f 5607 5608 5632 5631
f 5608 5609 5633 5632
f 5609 5610 5634 5633
f 5610 5611 5635 5634
f 5611 5612 5636 5635
f 5612 5613 5637 5636
f 5613 5614 5638 5637
f 5614 5615 5639 5638
f 5615 5616 5640 5639
f 5616 5593 5617 5640
f 5617 5618 5642 5641
f 5618 5619 5643 5642
f 5619 5620 5644 5643
f 5620 5621 5645 5644
f 5621 5622 5646 5645
f 5622 5623 5647 5646
f 5623 5624 5648 5647
f 5624 5625 5649 5648
f 5625 5626 5650 5649
f 5626 5627 5651 5650
f 5627 5628 5652 5651
f 5628 5629 5653 5652
f 5629 5630 5654 5653
f 5630 5631 5655 5654
f 5631 5632 5656 5655
f 5632 5633 5657 5656
f 5633 5634 5658 5657
f 5634 5635 5659 5658
f 5635 5636 5660 5659
f 5636 5637 5661 5660
f 5637 5638 5662 5661
f 5638 5639 5663 5662
f 5639 5640 5664 5663
f 5640 5617 5641 5664
f 5641 5642 5666 5665
f 5642 5643 5667 5666
f 5643 5644 5668 5667
f 5644 5645 5669 5668
f 5645 5646 5670 5669
f 5646 5647 5671 5670
f 5647 5648 5672 5671
f 5648 5649 5673 5672
f 5649 5650 5674 5673
f 5650 5651 5675 5674
f 5651 5652 5676 5675
f 5652 5653 5677 5676
f 5653 5654 5678 5677
f 5654 5655 5679 5678
f 5655 5656 5680 5679
f 5656 5657 5681 5680
f 5657 5658 5682 5681
f 5658 5659 5683 5682
f 5659 5660 5684 5683
f 5660 5661 5685 5684
f 5661 5662 5686 5685
f 5662 5663 5687 5686
f 5663 5664 5688 5687
f 5664 5641 5665 5688
f 5665 5666 5690 5689
f 5666 5667 5691 5690
f 5667 5668 5692 5691
f 5668 5669 5693 5692
f 5669 5670 5694 5693
f 5670 5671 5695 5694
f 5671 5672 5696 5695
f 5672 5673 5697 5696
f 5673 5674 5698 5697
f 5674 5675 5699 5698
f 5675 5676 5700 5699
f 5676 5677 5701 5700
f 5677 5678 5702 5701
f 5678 5679 5703 5702
f 5679 5680 5704 5703
f 5680 5681 5705 5704
f 5681 5682 5706 5705
f 5682 5683 5707 5706
f 5683 5684 5708 5707
f 5684 5685 5709 5708
f 5685 5686 5710 5709
f 5686 5687 5711 5710
f 5687 5688 5712 5711
f 5688 5665 5689 5712
f 5689 5690 5714 5713
f 5690 5691 5715 5714
f 5691 5692 5716 5715
f 5692 5693 5717 5716
f 5693 5694 5718 5717
f 5694 5695 5719 5718
f 5695 5696 5720 5719
f 5696 5697 5721 5720
f 5697 5698 5722 5721
f 5698 5699 5723 5722
f 5699 5700 5724 5723
f 5700 5701 5725 5724
f 5701 5702 5726 5725
f 5702 5703 5727 5726
f 5703 5704 5728 5727
f 5704 5705 5729 5728
f 5705 5706 5730 5729
f 5706 5707 5731 5730
f 5707 5708 5732 5731
f 5708 5709 5733 5732
f 5709 5710 5734 5733
f 5710 5711 5735 5734
f 5711 5712 5736 5735
f 5712 5689 5713 5736
f 5713 5714 5738 5737
f 5714 5715 5739 5738
f 5715 5716 5740 5739
f 5716 5717 5741 5740
f 5717 5718 5742 5741
f 5718 5719 5743 5742
f 5719 5720 5744 5743
f 5720 5721 5745 5744
f 5721 5722 5746 5745
f 5722 5723 5747 5746
f 5723 5724 5748 5747
f 5724 5725 5749 5748
f 5725 5726 5750 5749
f 5726 5727 5751 5750
f 5727 5728 5752 5751
f 5728 5729 5753 5752
f 5729 5730 5754 5753
f 5730 5731 5755 5754
f 5731 5732 5756 5755
f 5732 5733 5757 5756
f 5733 5734 5758 5757
f 5734 5735 5759 5758
f 5735 5736 5760 5759
f 5736 5713 5737 5760
f 5737 5738 5762 5761
f 5738 5739 5763 5762
f 5739 5740 5764 5763
f 5740 5741 5765 5764
f 5741 5742 5766 5765
f 5742 5743 5767 5766
f 5743 5744 5768 5767
f 5744 5745 5769 5768
f 5745 5746 5770 5769
f 5746 5747 5771 5770
f 5747 5748 5772 5771
f 5748 5749 5773 5772
f 5749 5750 5774 5773
f 5750 5751 5775 5774
f 5751 5752 5776 5775
f 5752 5753 5777 5776
f 5753 5754 5778 5777
f 5754 5755 5779 5778
f 5755 5756 5780 5779
f 5756 5757 5781 5780
f 5757 5758 5782 5781
f 5758 5759 5783 5782
f 5759 5760 5784 5783
f 5760 5737 5761 5784
f 5761 5762 5786 5785
f 5762 5763 5787 5786
f 5763 5764 5788 5787
f 5764 5765 5789 5788
f 5765 5766 5790 5789
f 5766 5767 5791 5790
f 5767 5768 5792 5791
f 5768 5769 5793 5792
f 5769 5770 5794 5793
f 5770 5771 5795 5794
f 5771 5772 5796 5795
f 5772 5773 5797 5796
f 5773 5774 5798 5797
f 5774 5775 5799 5798
f 5775 5776 5800 5799
f 5776 5777 5801 5800
f 5777 5778 5802 5801
f 5778 5779 5803 5802
f 5779 5780 5804 5803
f 5780 5781 5805 5804
f 5781 5782 5806 5805
f 5782 5783 5807 5806
f 5783 5784 5808 5807
f 5784 5761 5785 5808
f 5785 5786 5810 5809
f 5786 5787 5811 5810
f 5787 5788 5812 5811
f 5788 5789 5813 5812
f 5789 5790 5814 5813
f 5790 5791 5815 5814
f 5791 5792 5816 5815
f 5792 5793 5817 5816
f 5793 5794 5818 5817
f 5794 5795 5819 5818
f 5795 5796 5820 5819
f 5796 5797 5821 5820
f 5797 5798 5822 5821
f 5798 5799 5823 5822
f 5799 5800 5824 5823
f 5800 5801 5825 5824
f 5801 5802 5826 5825
f 5802 5803 5827 5826
f 5803 5804 5828 5827
f 5804 5805 5829 5828
f 5805 5806 5830 5829
f 5806 5807 5831 5830
f 5807 5808 5832 5831
f 5808 5785 5809 5832
f 5809 5810 5834 5833
f 5810 5811 5835 5834
f 5811 5812 5836 5835
f 5812 5813 5837 5836
f 5813 5814 5838 5837
f 5814 5815 5839 5838
f 5815 5816 5840 5839
f 5816 5817 5841 5840
f 5817 5818 5842 5841
f 5818 5819 5843 5842
f 5819 5820 5844 5843
f 5820 5821 5845 5844
f 5821 5822 5846 5845
f 5822 5823 5847 5846
f 5823 5824 5848 5847
f 5824 5825 5849 5848
f 5825 5826 5850 5849
f 5826 5827 5851 5850
f 5827 5828 5852 5851
f 5828 5829 5853 5852
f 5829 5830 5854 5853
f 5830 5831 5855 5854
f 5831 5832 5856 5855
f 5832 5809 5833 5856
f 5833 5834 5858 5857
f 5834 5835 5859 5858
f 5835 5836 5860 5859
f 5836 5837 5861 5860
f 5837 5838 5862 5861
f 5838 5839 5863 5862
f 5839 5840 5864 5863
f 5840 5841 5865 5864
f 5841 5842 5866 5865
f 5842 5843 5867 5866
f 5843 5844 5868 5867
f 5844 5845 5869 5868
f 5845 5846 5870 5869
f 5846 5847 5871 5870
f 5847 5848 5872 5871
f 5848 5849 5873 5872
f 5849 5850 5874 5873
f 5850 5851 5875 5874
f 5851 5852 5876 5875
f 5852 5853 5877 5876
f 5853 5854 5878 5877
f 5854 5855 5879 5878
f 5855 5856 5880 5879
f 5856 5833 5857 5880
f 5857 5858 5882 5881
f 5858 5859 5883 5882
f 5859 5860 5884 5883
f 5860 5861 5885 5884
f 5861 5862 5886 5885
f 5862 5863 5887 5886
f 5863 5864 5888 5887
f 5864 5865 5889 5888
f 5865 5866 5890 5889
f 5866 5867 5891 5890
f 5867 5868 5892 5891
f 5868 5869 5893 5892
f 5869 5870 5894 5893
f 5870 5871 5895 5894
f 5871 5872 5896 5895
f 5872 5873 5897 5896
f 5873 5874 5898 5897
f 5874 5875 5899 5898
f 5875 5876 5900 5899
f 5876 5877 5901 5900
f 5877 5878 5902 5901
f 5878 5879 5903 5902
f 5879 5880 5904 5903
f 5880 5857 5881 5904
f 5881 5882 5906 5905
f 5882 5883 5907 5906
f 5883 5884 5908 5907
f 5884 5885 5909 5908
f 5885 5886 5910 5909
f 5886 5887 5911 5910
f 5887 5888 5912 5911
f 5888 5889 5913 5912
f 5889 5890 5914 5913
f 5890 5891 5915 5914
f 5891 5892 5916 5915
f 5892 5893 5917 5916
f 5893 5894 5918 5917
f 5894 5895 5919 5918
f 5895 5896 5920 5919
f 5896 5897 5921 5920
f 5897 5898 5922 5921
f 5898 5899 5923 5922
f 5899 5900 5924 5923
f 5900 5901 5925 5924
f 5901 5902 5926 5925
f 5902 5903 5927 5926
f 5903 5904 5928 5927
f 5904 5881 5905 5928
f 5905 5906 5930 5929
f 5906 5907 5931 5930
f 5907 5908 5932 5931
f 5908 5909 5933 5932
f 5909 5910 5934 5933
f 5910 5911 5935 5934
f 5911 5912 5936 5935
f 5912 5913 5937 5936
f 5913 5914 5938 5937
f 5914 5915 5939 5938
f 5915 5916 5940 5939
f 5916 5917 5941 5940
f 5917 5918 5942 5941
f 5918 5919 5943 5942
f 5919 5920 5944 5943
f 5920 5921 5945 5944
f 5921 5922 5946 5945
f 5922 5923 5947 5946
f 5923 5924 5948 5947
f 5924 5925 5949 5948
f 5925 5926 5950 5949
f 5926 5927 5951 5950
f 5927 5928 5952 5951
f 5928 5905 5929 5952
f 5929 5930 5954 5953
f 5930 5931 5955 5954
f 5931 5932 5956 5955
f 5932 5933 5957 5956
f 5933 5934 5958 5957
f 5934 5935 5959 5958
f 5935 5936 5960 5959
f 5936 5937 5961 5960
f 5937 5938 5962 5961
f 5938 5939 5963 5962
f 5939 5940 5964 5963
f 5940 5941 5965 5964
f 5941 5942 5966 5965
f 5942 5943 5967 5966
f 5943 5944 5968 5967
f 5944 5945 5969 5968
f 5945 5946 5970 5969
f 5946 5947 5971 5970
f 5947 5948 5972 5971
f 5948 5949 5973 5972
f 5949 5950 5974 5973
f 5950 5951 5975 5974
f 5951 5952 5976 5975
f 5952 5929 5953 5976
f 5953 5954 5978 5977
f 5954 5955 5979 5978
f 5955 5956 5980 5979
f 5956 5957 5981 5980
f 5957 5958 5982 5981
f 5958 5959 5983 5982
f 5959 5960 5984 5983
f 5960 5961 5985 5984
f 5961 5962 5986 5985
f 5962 5963 5987 5986
f 5963 5964 5988 5987
f 5964 5965 5989 5988
f 5965 5966 5990 5989
f 5966 5967 5991 5990
f 5967 5968 5992 5991
f 5968 5969 5993 5992
f 5969 5970 5994 5993
f 5970 5971 5995 5994
f 5971 5972 5996 5995
f 5972 5973 5997 5996
f 5973 5974 5998 5997
f 5974 5975 5999 5998
f 5975 5976 6000 5999
f 5976 5953 5977 6000
f 5977 5978 6002 6001
f 5978 5979 6003 6002
f 5979 5980 6004 6003
f 5980 5981 6005 6004
f 5981 5982 6006 6005
f 5982 5983 6007 6006
f 5983 5984 6008 6007
f 5984 5985 6009 6008
f 5985 5986 6010 6009
f 5986 5987 6011 6010
f 5987 5988 6012 6011
f 5988 5989 6013 6012
f 5989 5990 6014 6013
f 5990 5991 6015 6014
f 5991 5992 6016 6015
f 5992 5993 6017 6016
f 5993 5994 6018 6017
f 5994 5995 6019 6018
f 5995 5996 6020 6019
f 5996 5997 6021 6020
f 5997 5998 6022 6021
f 5998 5999 6023 6022
f 5999 6000 6024 6023
f 6000 5977 6001 6024
f 6001 6002 6026 6025
f 6002 6003 6027 6026
f 6003 6004 6028 6027
f 6004 6005 6029 6028
f 6005 6006 6030 6029
f 6006 6007 6031 6030
f 6007 6008 6032 6031
f 6008 6009 6033 6032
f 6009 6010 6034 6033
f 6010 6011 6035 6034
f 6011 6012 6036 6035
f 6012 6013 6037 6036
f 6013 6014 6038 6037
f 6014 6015 6039 6038
f 6015 6016 6040 6039
f 6016 6017 6041 6040
f 6017 6018 6042 6041
f 6018 6019 6043 6042
f 6019 6020 6044 6043
f 6020 6021 6045 6044
f 6021 6022 6046 6045
f 6022 6023 6047 6046
f 6023 6024 6048 6047
f 6024 6001 6025 6048
f 6025 6026 6050 6049
f 6026 6027 6051 6050
f 6027 6028 6052 6051
f 6028 6029 6053 6052
f 6029 6030 6054 6053
f 6030 6031 6055 6054
f 6031 6032 6056 6055
f 6032 6033 6057 6056
f 6033 6034 6058 6057
f 6034 6035 6059 6058
f 6035 6036 6060 6059
f 6036 6037 6061 6060
f 6037 6038 6062 6061
f 6038 6039 6063 6062
f 6039 6040 6064 6063
f 6040 6041 6065 6064
f 6041 6042 6066 6065
f 6042 6043 6067 6066
f 6043 6044 6068 6067
f 6044 6045 6069 6068
f 6045 6046 6070 6069
f 6046 6047 6071 6070
f 6047 6048 6072 6071
f 6048 6025 6049 6072
f 6049 6050 6074 6073
f 6050 6051 6075 6074
f 6051 6052 6076 6075
f 6052 6053 6077 6076
f 6053 6054 6078 6077
f 6054 6055 6079 6078
f 6055 6056 6080 6079
f 6056 6057 6081 6080
f 6057 6058 6082 6081
f 6058 6059 6083 6082
f 6059 6060 6084 6083
f 6060 6061 6085 6084
f 6061 6062 6086 6085
f 6062 6063 6087 6086
f 6063 6064 6088 6087
f 6064 6065 6089 6088
f 6065 6066 6090 6089
f 6066 6067 6091 6090
f 6067 6068 6092 6091
f 6068 6069 6093 6092
f 6069 6070 6094 6093
f 6070 6071 6095 6094
f 6071 6072 6096 6095
f 6072 6049 6073 6096
f 6073 6074 6098 6097
f 6074 6075 6099 6098
f 6075 6076 6100 6099
f 6076 6077 6101 6100
f 6077 6078 6102 6101
f 6078 6079 6103 6102
f 6079 6080 6104 6103
f 6080 6081 6105 6104
f 6081 6082 6106 6105
f 6082 6083 6107 6106
f 6083 6084 6108 6107
f 6084 6085 6109 6108
f 6085 6086 6110 6109
f 6086 6087 6111 6110
f 6087 6088 6112 6111
f 6088 6089 6113 6112
f 6089 6090 6114 6113
f 6090 6091 6115 6114
f 6091 6092 6116 6115
f 6092 6093 6117 6116
f 6093 6094 6118 6117
f 6094 6095 6119 6118
f 6095 6096 6120 6119
f 6096 6073 6097 6120
f 6097 6098 6122 6121
f 6098 6099 6123 6122
f 6099 6100 6124 6123
f 6100 6101 6125 6124
f 6101 6102 6126 6125
f 6102 6103 6127 6126
f 6103 6104 6128 6127
f 6104 6105 6129 6128
f 6105 6106 6130 6129
f 6106 6107 6131 6130
f 6107 6108 6132 6131
f 6108 6109 6133 6132
f 6109 6110 6134 6133
f 6110 6111 6135 6134
f 6111 6112 6136 6135
f 6112 6113 6137 6136
f 6113 6114 6138 6137
f 6114 6115 6139 6138
f 6115 6116 6140 6139
f 6116 6117 6141 6140
f 6117 6118 6142 6141
f 6118 6119 6143 6142
f 6119 6120 6144 6143
f 6120 6097 6121 6144
f 6121 6122 2 1
f 6122 6123 3 2
f 6123 6124 4 3
f 6124 6125 5 4
f 6125 6126 6 5
f 6126 6127 7 6
f 6127 6128 8 7
f 6128 6129 9 8
f 6129 6130 10 9
f 6130 6131 11 10
f 6131 6132 12 11
f 6132 6133 13 12
f 6133 6134 14 13
f 6134 6135 15 14
f 6135 6136 16 15
f 6136 6137 17 16
f 6137 6138 18 17
f 6138 6139 19 18
f 6139 6140 20 19
f 6140 6141 21 20
f 6141 6142 22 21
f 6142 6143 23 22
f 6143 6144 24 23
f 6144 6121 1 24
